organization_id,organization_name,organization_type,city,state,risk_score,status
O00001,Organization_1,Business,Bengaluru,Rajasthan,55,Active
O00002,Organization_2,NGO,Rajkot,Delhi,9,Active
O00003,Organization_3,Business,Kolkata,Uttar Pradesh,46,Active
O00004,Organization_4,Criminal_Group,Kolkata,Tamil Nadu,4,Active
O00005,Organization_5,Company,Bhopal,Gujarat,11,Under_Investigation
O00006,Organization_6,Company,Bengaluru,Rajasthan,47,Under_Investigation
O00007,Organization_7,Company,Vadodara,Maharashtra,23,Active
O00008,Organization_8,NGO,Ahmedabad,Delhi,47,Active
O00009,Organization_9,Criminal_Group,Bengaluru,Rajasthan,70,Under_Investigation
O00010,Organization_10,Association,Bengaluru,Maharashtra,84,Active
O00011,Organization_11,Company,Bhopal,Gujarat,58,Active
O00012,Organization_12,Criminal_Group,Mumbai,Madhya Pradesh,49,Under_Investigation
O00013,Organization_13,Company,Indore,Rajasthan,89,Under_Investigation
O00014,Organization_14,Association,Vadodara,Rajasthan,34,Inactive
O00015,Organization_15,Criminal_Group,Surat,Tamil Nadu,1,Active
O00016,Organization_16,Company,Vadodara,Uttar Pradesh,36,Under_Investigation
O00017,Organization_17,Criminal_Group,Surat,Delhi,15,Under_Investigation
O00018,Organization_18,Company,Nagpur,Tamil Nadu,81,Under_Investigation
O00019,Organization_19,Company,Kolkata,Karnataka,97,Under_Investigation
O00020,Organization_20,Association,Surat,Maharashtra,87,Active
O00021,Organization_21,Business,Kolkata,West Bengal,98,Active
O00022,Organization_22,Business,Ahmedabad,Gujarat,41,Active
O00023,Organization_23,Company,Bhopal,Uttar Pradesh,59,Active
O00024,Organization_24,Company,Surat,Rajasthan,59,Active
O00025,Organization_25,Company,Delhi,Tamil Nadu,53,Active
O00026,Organization_26,Criminal_Group,Bengaluru,Delhi,1,Active
O00027,Organization_27,Association,Delhi,Telangana,43,Under_Investigation
O00028,Organization_28,Association,Mumbai,Karnataka,99,Active
O00029,Organization_29,Criminal_Group,Hyderabad,West Bengal,82,Active
O00030,Organization_30,Company,Bhopal,Gujarat,16,Active
O00031,Organization_31,Association,Vadodara,Uttar Pradesh,44,Active
O00032,Organization_32,Business,Ahmedabad,Maharashtra,57,Active
O00033,Organization_33,Company,Lucknow,Maharashtra,41,Active
O00034,Organization_34,Criminal_Group,Bhopal,Rajasthan,47,Inactive
O00035,Organization_35,Company,Chennai,Uttar Pradesh,95,Active
O00036,Organization_36,Company,Hyderabad,Madhya Pradesh,78,Active
O00037,Organization_37,Company,Surat,Uttar Pradesh,51,Active
O00038,Organization_38,Criminal_Group,Pune,Madhya Pradesh,9,Active
O00039,Organization_39,NGO,Surat,Delhi,29,Inactive
O00040,Organization_40,Criminal_Group,Vadodara,Telangana,44,Active
O00041,Organization_41,Company,Kolkata,West Bengal,43,Active
O00042,Organization_42,Criminal_Group,Pune,Madhya Pradesh,70,Active
O00043,Organization_43,NGO,Vadodara,Karnataka,9,Active
O00044,Organization_44,Business,Bhopal,Tamil Nadu,29,Active
O00045,Organization_45,Association,Bhopal,West Bengal,14,Active
O00046,Organization_46,Company,Delhi,Karnataka,78,Active
O00047,Organization_47,NGO,Jaipur,Maharashtra,69,Active
O00048,Organization_48,Company,Lucknow,West Bengal,83,Under_Investigation
O00049,Organization_49,Company,Hyderabad,Karnataka,11,Active
O00050,Organization_50,Association,Kolkata,West Bengal,11,Active
O00051,Organization_51,Company,Bengaluru,Rajasthan,1,Inactive
O00052,Organization_52,Business,Ahmedabad,West Bengal,79,Active
O00053,Organization_53,Criminal_Group,Vadodara,Karnataka,8,Active
O00054,Organization_54,NGO,Pune,Tamil Nadu,76,Active
O00055,Organization_55,Company,Kolkata,Delhi,15,Under_Investigation
O00056,Organization_56,Company,Chennai,Maharashtra,30,Active
O00057,Organization_57,Business,Hyderabad,Rajasthan,42,Active
O00058,Organization_58,Business,Delhi,Uttar Pradesh,1,Active
O00059,Organization_59,Company,Bhopal,Uttar Pradesh,35,Active
O00060,Organization_60,NGO,Mumbai,Uttar Pradesh,84,Active
O00061,Organization_61,Association,Lucknow,Madhya Pradesh,45,Under_Investigation
O00062,Organization_62,Company,Mumbai,West Bengal,12,Inactive
O00063,Organization_63,Business,Jaipur,Telangana,61,Active
O00064,Organization_64,Association,Vadodara,Maharashtra,86,Active
O00065,Organization_65,Business,Rajkot,Uttar Pradesh,31,Inactive
O00066,Organization_66,Criminal_Group,Bhopal,Rajasthan,8,Active
O00067,Organization_67,Company,Pune,Rajasthan,89,Active
O00068,Organization_68,Criminal_Group,Surat,Gujarat,94,Active
O00069,Organization_69,Company,Rajkot,Rajasthan,88,Active
O00070,Organization_70,Criminal_Group,Hyderabad,Tamil Nadu,16,Active
O00071,Organization_71,Business,Vadodara,Gujarat,21,Active
O00072,Organization_72,Company,Bhopal,Karnataka,73,Active
O00073,Organization_73,Company,Kolkata,Maharashtra,97,Active
O00074,Organization_74,Business,Kolkata,Telangana,77,Active
O00075,Organization_75,Company,Indore,Gujarat,3,Active
O00076,Organization_76,NGO,Chennai,Uttar Pradesh,97,Active
O00077,Organization_77,Company,Ahmedabad,Tamil Nadu,83,Active
O00078,Organization_78,Criminal_Group,Hyderabad,Delhi,23,Active
O00079,Organization_79,Company,Indore,Delhi,68,Active
O00080,Organization_80,Association,Surat,Uttar Pradesh,75,Active
O00081,Organization_81,Association,Nagpur,Gujarat,94,Active
O00082,Organization_82,Company,Bengaluru,Karnataka,8,Active
O00083,Organization_83,Association,Ahmedabad,Telangana,64,Active
O00084,Organization_84,Business,Delhi,West Bengal,39,Active
O00085,Organization_85,Criminal_Group,Rajkot,Gujarat,63,Active
O00086,Organization_86,Business,Vadodara,Karnataka,52,Active
O00087,Organization_87,Criminal_Group,Chennai,Rajasthan,76,Under_Investigation
O00088,Organization_88,NGO,Jaipur,Rajasthan,58,Under_Investigation
O00089,Organization_89,Company,Bengaluru,West Bengal,95,Active
O00090,Organization_90,Company,Rajkot,Karnataka,71,Under_Investigation
O00091,Organization_91,Association,Indore,Rajasthan,77,Inactive
O00092,Organization_92,Company,Bengaluru,West Bengal,84,Active
O00093,Organization_93,Association,Indore,Uttar Pradesh,12,Active
O00094,Organization_94,Company,Kolkata,Telangana,54,Inactive
O00095,Organization_95,NGO,Rajkot,Delhi,45,Under_Investigation
O00096,Organization_96,Company,Vadodara,Uttar Pradesh,50,Active
O00097,Organization_97,Company,Lucknow,Karnataka,59,Active
O00098,Organization_98,Business,Nagpur,Tamil Nadu,1,Inactive
O00099,Organization_99,Criminal_Group,Bengaluru,Karnataka,48,Active
O00100,Organization_100,Business,Kolkata,Rajasthan,96,Active
O00101,Organization_101,NGO,Indore,Madhya Pradesh,43,Under_Investigation
O00102,Organization_102,Business,Nagpur,Uttar Pradesh,53,Active
O00103,Organization_103,Criminal_Group,Pune,Gujarat,74,Active
O00104,Organization_104,NGO,Jaipur,Rajasthan,98,Under_Investigation
O00105,Organization_105,Company,Bengaluru,Gujarat,56,Active
O00106,Organization_106,Association,Rajkot,Madhya Pradesh,53,Active
O00107,Organization_107,Business,Rajkot,Delhi,47,Under_Investigation
O00108,Organization_108,Criminal_Group,Vadodara,Delhi,82,Inactive
O00109,Organization_109,Criminal_Group,Ahmedabad,Tamil Nadu,49,Active
O00110,Organization_110,Business,Chennai,Uttar Pradesh,89,Active
O00111,Organization_111,Criminal_Group,Pune,Rajasthan,46,Active
O00112,Organization_112,Company,Nagpur,Delhi,33,Active
O00113,Organization_113,Company,Jaipur,Maharashtra,95,Active
O00114,Organization_114,Company,Kolkata,West Bengal,21,Under_Investigation
O00115,Organization_115,Company,Mumbai,Uttar Pradesh,20,Active
O00116,Organization_116,Company,Nagpur,Telangana,63,Active
O00117,Organization_117,Criminal_Group,Surat,Maharashtra,74,Active
O00118,Organization_118,Company,Surat,Karnataka,53,Active
O00119,Organization_119,Business,Surat,Uttar Pradesh,100,Active
O00120,Organization_120,Company,Bhopal,Delhi,46,Active
O00121,Organization_121,Criminal_Group,Delhi,Telangana,38,Inactive
O00122,Organization_122,Company,Ahmedabad,Maharashtra,74,Active
O00123,Organization_123,Company,Vadodara,Gujarat,35,Active
O00124,Organization_124,Business,Pune,Karnataka,77,Active
O00125,Organization_125,Company,Hyderabad,Madhya Pradesh,67,Active
O00126,Organization_126,Business,Pune,Tamil Nadu,12,Active
O00127,Organization_127,Company,Bhopal,Madhya Pradesh,64,Active
O00128,Organization_128,Criminal_Group,Rajkot,Madhya Pradesh,51,Active
O00129,Organization_129,Business,Pune,Tamil Nadu,5,Active
O00130,Organization_130,Company,Pune,Rajasthan,54,Active
O00131,Organization_131,Business,Surat,Delhi,67,Active
O00132,Organization_132,Company,Chennai,Maharashtra,9,Active
O00133,Organization_133,Criminal_Group,Bengaluru,Tamil Nadu,13,Active
O00134,Organization_134,Criminal_Group,Hyderabad,Gujarat,47,Active
O00135,Organization_135,Company,Delhi,Gujarat,29,Active
O00136,Organization_136,Criminal_Group,Chennai,Karnataka,65,Active
O00137,Organization_137,Criminal_Group,Jaipur,West Bengal,32,Inactive
O00138,Organization_138,NGO,Hyderabad,Telangana,64,Active
O00139,Organization_139,Criminal_Group,Lucknow,West Bengal,22,Inactive
O00140,Organization_140,Criminal_Group,Indore,Telangana,3,Active
O00141,Organization_141,Company,Kolkata,Karnataka,32,Active
O00142,Organization_142,Business,Kolkata,Rajasthan,55,Active
O00143,Organization_143,Business,Delhi,Karnataka,67,Active
O00144,Organization_144,Company,Chennai,Telangana,26,Active
O00145,Organization_145,NGO,Pune,Maharashtra,77,Active
O00146,Organization_146,NGO,Nagpur,Gujarat,60,Under_Investigation
O00147,Organization_147,Company,Jaipur,Telangana,36,Under_Investigation
O00148,Organization_148,Criminal_Group,Bengaluru,Tamil Nadu,35,Active
O00149,Organization_149,Business,Lucknow,Karnataka,15,Inactive
O00150,Organization_150,NGO,Pune,Telangana,80,Active
O00151,Organization_151,Company,Delhi,Tamil Nadu,91,Inactive
O00152,Organization_152,Association,Delhi,Gujarat,97,Inactive
O00153,Organization_153,Business,Indore,Tamil Nadu,56,Active
O00154,Organization_154,NGO,Kolkata,Delhi,45,Active
O00155,Organization_155,Business,Nagpur,Telangana,45,Under_Investigation
O00156,Organization_156,Company,Pune,Gujarat,25,Inactive
O00157,Organization_157,Company,Surat,West Bengal,42,Active
O00158,Organization_158,Business,Rajkot,West Bengal,95,Active
O00159,Organization_159,Criminal_Group,Surat,Karnataka,86,Under_Investigation
O00160,Organization_160,Company,Pune,West Bengal,87,Active
O00161,Organization_161,Company,Rajkot,Telangana,98,Active
O00162,Organization_162,Company,Vadodara,Uttar Pradesh,84,Active
O00163,Organization_163,NGO,Jaipur,Karnataka,87,Inactive
O00164,Organization_164,Company,Jaipur,Gujarat,26,Under_Investigation
O00165,Organization_165,NGO,Mumbai,Gujarat,99,Inactive
O00166,Organization_166,Business,Bengaluru,Gujarat,58,Under_Investigation
O00167,Organization_167,Association,Surat,Uttar Pradesh,91,Active
O00168,Organization_168,Association,Rajkot,Madhya Pradesh,67,Under_Investigation
O00169,Organization_169,Business,Indore,Maharashtra,81,Inactive
O00170,Organization_170,Criminal_Group,Pune,Telangana,62,Active
O00171,Organization_171,NGO,Chennai,Madhya Pradesh,47,Active
O00172,Organization_172,Business,Nagpur,Telangana,5,Under_Investigation
O00173,Organization_173,Criminal_Group,Bhopal,Telangana,67,Under_Investigation
O00174,Organization_174,Company,Chennai,West Bengal,45,Inactive
O00175,Organization_175,Criminal_Group,Delhi,Telangana,39,Active
O00176,Organization_176,Company,Surat,Rajasthan,59,Active
O00177,Organization_177,NGO,Ahmedabad,Madhya Pradesh,63,Active
O00178,Organization_178,Business,Rajkot,Telangana,64,Inactive
O00179,Organization_179,NGO,Vadodara,Madhya Pradesh,48,Active
O00180,Organization_180,Association,Kolkata,West Bengal,64,Active
O00181,Organization_181,Criminal_Group,Chennai,Uttar Pradesh,85,Active
O00182,Organization_182,Company,Rajkot,Tamil Nadu,43,Active
O00183,Organization_183,Association,Hyderabad,Telangana,29,Under_Investigation
O00184,Organization_184,Business,Nagpur,Maharashtra,3,Active
O00185,Organization_185,Business,Lucknow,Delhi,20,Under_Investigation
O00186,Organization_186,Company,Indore,Delhi,56,Active
O00187,Organization_187,Criminal_Group,Rajkot,Gujarat,60,Inactive
O00188,Organization_188,Criminal_Group,Indore,Karnataka,77,Inactive
O00189,Organization_189,Company,Hyderabad,Delhi,14,Active
O00190,Organization_190,Criminal_Group,Pune,Delhi,88,Active
O00191,Organization_191,NGO,Chennai,Uttar Pradesh,81,Active
O00192,Organization_192,Company,Vadodara,Telangana,33,Active
O00193,Organization_193,Criminal_Group,Delhi,Telangana,12,Under_Investigation
O00194,Organization_194,Company,Delhi,Madhya Pradesh,49,Under_Investigation
O00195,Organization_195,Business,Jaipur,Delhi,10,Active
O00196,Organization_196,NGO,Bengaluru,Maharashtra,79,Active
O00197,Organization_197,Company,Pune,Madhya Pradesh,29,Active
O00198,Organization_198,Company,Chennai,Karnataka,90,Active
O00199,Organization_199,Company,Bengaluru,Karnataka,2,Active
O00200,Organization_200,Business,Delhi,Telangana,28,Active
O00201,Organization_201,Criminal_Group,Lucknow,Gujarat,22,Active
O00202,Organization_202,NGO,Bengaluru,Madhya Pradesh,80,Active
O00203,Organization_203,Criminal_Group,Rajkot,Gujarat,28,Under_Investigation
O00204,Organization_204,Company,Indore,Uttar Pradesh,5,Active
O00205,Organization_205,Business,Delhi,West Bengal,32,Active
O00206,Organization_206,Company,Mumbai,West Bengal,69,Active
O00207,Organization_207,Business,Surat,Gujarat,10,Active
O00208,Organization_208,Business,Jaipur,Maharashtra,31,Active
O00209,Organization_209,Company,Nagpur,Maharashtra,60,Active
O00210,Organization_210,Business,Kolkata,Delhi,20,Active
O00211,Organization_211,Association,Bengaluru,Madhya Pradesh,53,Active
O00212,Organization_212,Business,Hyderabad,Delhi,66,Active
O00213,Organization_213,Association,Delhi,Madhya Pradesh,86,Active
O00214,Organization_214,Association,Jaipur,Maharashtra,91,Active
O00215,Organization_215,Company,Mumbai,Telangana,31,Inactive
O00216,Organization_216,Company,Bhopal,Gujarat,60,Active
O00217,Organization_217,Company,Surat,Gujarat,91,Active
O00218,Organization_218,Business,Bhopal,Rajasthan,52,Active
O00219,Organization_219,Association,Delhi,Karnataka,19,Active
O00220,Organization_220,Company,Hyderabad,Delhi,4,Inactive
O00221,Organization_221,Association,Jaipur,Telangana,17,Active
O00222,Organization_222,Criminal_Group,Chennai,Rajasthan,60,Active
O00223,Organization_223,NGO,Nagpur,Uttar Pradesh,56,Under_Investigation
O00224,Organization_224,Business,Lucknow,Gujarat,60,Active
O00225,Organization_225,Company,Lucknow,Delhi,95,Active
O00226,Organization_226,Company,Ahmedabad,Tamil Nadu,23,Inactive
O00227,Organization_227,Business,Jaipur,Uttar Pradesh,71,Active
O00228,Organization_228,Criminal_Group,Mumbai,Uttar Pradesh,93,Under_Investigation
O00229,Organization_229,Company,Lucknow,Tamil Nadu,83,Active
O00230,Organization_230,NGO,Lucknow,Telangana,54,Active
O00231,Organization_231,NGO,Surat,Telangana,57,Inactive
O00232,Organization_232,Criminal_Group,Jaipur,Delhi,94,Inactive
O00233,Organization_233,Association,Kolkata,Rajasthan,93,Active
O00234,Organization_234,Criminal_Group,Kolkata,Rajasthan,1,Active
O00235,Organization_235,Criminal_Group,Surat,West Bengal,87,Active
O00236,Organization_236,NGO,Pune,Karnataka,11,Under_Investigation
O00237,Organization_237,Company,Kolkata,Gujarat,60,Active
O00238,Organization_238,Company,Surat,Telangana,90,Active
O00239,Organization_239,Association,Kolkata,Gujarat,98,Active
O00240,Organization_240,Business,Kolkata,West Bengal,60,Under_Investigation
O00241,Organization_241,Company,Delhi,Gujarat,72,Inactive
O00242,Organization_242,Company,Bengaluru,Delhi,11,Active
O00243,Organization_243,Company,Delhi,Karnataka,39,Active
O00244,Organization_244,Company,Bengaluru,Tamil Nadu,77,Inactive
O00245,Organization_245,Criminal_Group,Bhopal,Tamil Nadu,97,Under_Investigation
O00246,Organization_246,Criminal_Group,Delhi,Maharashtra,69,Active
O00247,Organization_247,Association,Bengaluru,West Bengal,3,Inactive
O00248,Organization_248,Company,Bhopal,Tamil Nadu,32,Active
O00249,Organization_249,Criminal_Group,Kolkata,Maharashtra,34,Active
O00250,Organization_250,Business,Vadodara,Telangana,52,Active
O00251,Organization_251,Company,Rajkot,Delhi,54,Active
O00252,Organization_252,Business,Bhopal,Gujarat,27,Inactive
O00253,Organization_253,Company,Bengaluru,West Bengal,45,Active
O00254,Organization_254,Company,Vadodara,Karnataka,43,Under_Investigation
O00255,Organization_255,Criminal_Group,Pune,West Bengal,1,Active
O00256,Organization_256,NGO,Lucknow,Telangana,52,Active
O00257,Organization_257,Criminal_Group,Hyderabad,Karnataka,22,Active
O00258,Organization_258,Business,Rajkot,Madhya Pradesh,62,Active
O00259,Organization_259,Criminal_Group,Lucknow,Karnataka,38,Under_Investigation
O00260,Organization_260,NGO,Nagpur,Uttar Pradesh,75,Active
O00261,Organization_261,Association,Bengaluru,Uttar Pradesh,40,Active
O00262,Organization_262,Criminal_Group,Surat,Rajasthan,17,Active
O00263,Organization_263,Company,Hyderabad,Telangana,29,Active
O00264,Organization_264,NGO,Bhopal,Karnataka,9,Active
O00265,Organization_265,NGO,Hyderabad,Uttar Pradesh,20,Active
O00266,Organization_266,NGO,Pune,Gujarat,63,Active
O00267,Organization_267,Association,Nagpur,Maharashtra,36,Active
O00268,Organization_268,Criminal_Group,Bengaluru,Gujarat,58,Under_Investigation
O00269,Organization_269,Company,Pune,Uttar Pradesh,51,Active
O00270,Organization_270,NGO,Kolkata,Madhya Pradesh,6,Inactive
O00271,Organization_271,Criminal_Group,Rajkot,West Bengal,35,Under_Investigation
O00272,Organization_272,Criminal_Group,Vadodara,West Bengal,69,Inactive
O00273,Organization_273,Company,Bengaluru,Karnataka,53,Active
O00274,Organization_274,Criminal_Group,Bengaluru,Tamil Nadu,13,Active
O00275,Organization_275,Company,Delhi,Delhi,42,Inactive
O00276,Organization_276,Association,Vadodara,Karnataka,42,Under_Investigation
O00277,Organization_277,Criminal_Group,Delhi,West Bengal,36,Active
O00278,Organization_278,Criminal_Group,Jaipur,Maharashtra,85,Active
O00279,Organization_279,Business,Jaipur,Maharashtra,20,Active
O00280,Organization_280,Business,Kolkata,Madhya Pradesh,32,Inactive
O00281,Organization_281,Criminal_Group,Vadodara,Delhi,67,Active
O00282,Organization_282,Company,Jaipur,Gujarat,35,Active
O00283,Organization_283,Association,Chennai,Telangana,21,Active
O00284,Organization_284,Business,Mumbai,Rajasthan,90,Active
O00285,Organization_285,Criminal_Group,Jaipur,Delhi,98,Active
O00286,Organization_286,Association,Ahmedabad,Karnataka,3,Active
O00287,Organization_287,NGO,Surat,Delhi,7,Active
O00288,Organization_288,Company,Ahmedabad,Madhya Pradesh,7,Inactive
O00289,Organization_289,Company,Indore,West Bengal,77,Active
O00290,Organization_290,Business,Indore,Rajasthan,93,Active
O00291,Organization_291,Business,Vadodara,Rajasthan,57,Active
O00292,Organization_292,Business,Nagpur,Karnataka,54,Active
O00293,Organization_293,Business,Lucknow,Karnataka,66,Active
O00294,Organization_294,Criminal_Group,Rajkot,West Bengal,24,Inactive
O00295,Organization_295,Company,Bhopal,Madhya Pradesh,12,Under_Investigation
O00296,Organization_296,Business,Bhopal,West Bengal,26,Active
O00297,Organization_297,NGO,Kolkata,West Bengal,95,Inactive
O00298,Organization_298,Association,Delhi,Gujarat,73,Active
O00299,Organization_299,Company,Bengaluru,Maharashtra,64,Active
O00300,Organization_300,NGO,Vadodara,West Bengal,88,Active
O00301,Organization_301,Criminal_Group,Rajkot,Tamil Nadu,14,Active
O00302,Organization_302,Company,Rajkot,Gujarat,98,Under_Investigation
O00303,Organization_303,Company,Surat,Rajasthan,84,Active
O00304,Organization_304,Criminal_Group,Lucknow,Madhya Pradesh,62,Active
O00305,Organization_305,Criminal_Group,Bengaluru,Tamil Nadu,56,Active
O00306,Organization_306,Criminal_Group,Bengaluru,Tamil Nadu,30,Active
O00307,Organization_307,Company,Indore,Karnataka,35,Active
O00308,Organization_308,Company,Bhopal,Uttar Pradesh,8,Active
O00309,Organization_309,NGO,Jaipur,Rajasthan,8,Inactive
O00310,Organization_310,Company,Lucknow,West Bengal,49,Active
O00311,Organization_311,Company,Hyderabad,Tamil Nadu,32,Active
O00312,Organization_312,NGO,Kolkata,Madhya Pradesh,85,Active
O00313,Organization_313,Criminal_Group,Lucknow,Gujarat,14,Active
O00314,Organization_314,Business,Nagpur,Maharashtra,11,Active
O00315,Organization_315,Company,Chennai,Telangana,2,Inactive
O00316,Organization_316,NGO,Delhi,Maharashtra,47,Active
O00317,Organization_317,Company,Mumbai,Madhya Pradesh,86,Active
O00318,Organization_318,Company,Kolkata,Rajasthan,51,Active
O00319,Organization_319,Company,Surat,Delhi,76,Active
O00320,Organization_320,Company,Rajkot,Gujarat,84,Active
O00321,Organization_321,Company,Mumbai,Tamil Nadu,10,Inactive
O00322,Organization_322,Company,Hyderabad,Telangana,35,Inactive
O00323,Organization_323,Company,Rajkot,Telangana,84,Active
O00324,Organization_324,Criminal_Group,Nagpur,Uttar Pradesh,70,Inactive
O00325,Organization_325,Company,Delhi,Gujarat,39,Inactive
O00326,Organization_326,Association,Bengaluru,Rajasthan,44,Active
O00327,Organization_327,Company,Rajkot,Gujarat,80,Inactive
O00328,Organization_328,Company,Rajkot,Gujarat,26,Inactive
O00329,Organization_329,Criminal_Group,Lucknow,Telangana,72,Active
O00330,Organization_330,NGO,Mumbai,West Bengal,71,Inactive
O00331,Organization_331,Business,Vadodara,Telangana,27,Active
O00332,Organization_332,Business,Pune,Karnataka,17,Active
O00333,Organization_333,Association,Rajkot,Uttar Pradesh,97,Active
O00334,Organization_334,Criminal_Group,Chennai,Rajasthan,24,Active
O00335,Organization_335,Business,Rajkot,Maharashtra,36,Active
O00336,Organization_336,Company,Bhopal,Telangana,25,Under_Investigation
O00337,Organization_337,Business,Surat,Karnataka,63,Active
O00338,Organization_338,Company,Chennai,Gujarat,66,Active
O00339,Organization_339,Company,Jaipur,Delhi,93,Active
O00340,Organization_340,Business,Delhi,Tamil Nadu,54,Active
O00341,Organization_341,Criminal_Group,Nagpur,Uttar Pradesh,24,Inactive
O00342,Organization_342,Business,Indore,Gujarat,91,Under_Investigation
O00343,Organization_343,Business,Surat,Telangana,3,Active
O00344,Organization_344,Company,Indore,West Bengal,20,Active
O00345,Organization_345,Company,Mumbai,Rajasthan,86,Active
O00346,Organization_346,Association,Pune,Rajasthan,38,Inactive
O00347,Organization_347,Criminal_Group,Hyderabad,Telangana,57,Active
O00348,Organization_348,NGO,Indore,Karnataka,37,Inactive
O00349,Organization_349,Criminal_Group,Ahmedabad,Madhya Pradesh,58,Active
O00350,Organization_350,Company,Ahmedabad,Madhya Pradesh,5,Inactive
O00351,Organization_351,Company,Jaipur,Rajasthan,47,Active
O00352,Organization_352,NGO,Hyderabad,Madhya Pradesh,93,Inactive
O00353,Organization_353,Company,Chennai,Rajasthan,61,Active
O00354,Organization_354,Association,Jaipur,West Bengal,21,Active
O00355,Organization_355,NGO,Kolkata,Delhi,92,Active
O00356,Organization_356,Association,Chennai,Madhya Pradesh,79,Active
O00357,Organization_357,NGO,Indore,Maharashtra,5,Inactive
O00358,Organization_358,Criminal_Group,Indore,Uttar Pradesh,69,Active
O00359,Organization_359,Company,Vadodara,Rajasthan,1,Under_Investigation
O00360,Organization_360,Business,Rajkot,Tamil Nadu,63,Inactive
O00361,Organization_361,Association,Kolkata,Karnataka,9,Active
O00362,Organization_362,Business,Jaipur,Tamil Nadu,90,Active
O00363,Organization_363,NGO,Lucknow,Rajasthan,73,Under_Investigation
O00364,Organization_364,Criminal_Group,Kolkata,Maharashtra,23,Active
O00365,Organization_365,Business,Surat,Gujarat,29,Active
O00366,Organization_366,NGO,Delhi,Telangana,89,Active
O00367,Organization_367,Company,Indore,Delhi,77,Active
O00368,Organization_368,Company,Kolkata,Rajasthan,95,Inactive
O00369,Organization_369,Company,Vadodara,Rajasthan,44,Inactive
O00370,Organization_370,Business,Ahmedabad,Madhya Pradesh,63,Under_Investigation
O00371,Organization_371,Company,Hyderabad,Gujarat,86,Under_Investigation
O00372,Organization_372,Company,Ahmedabad,Telangana,18,Active
O00373,Organization_373,Criminal_Group,Surat,Tamil Nadu,51,Active
O00374,Organization_374,Company,Lucknow,Karnataka,80,Active
O00375,Organization_375,Company,Hyderabad,Rajasthan,5,Active
O00376,Organization_376,Company,Kolkata,Madhya Pradesh,1,Active
O00377,Organization_377,Criminal_Group,Delhi,Telangana,58,Active
O00378,Organization_378,Company,Vadodara,Gujarat,68,Active
O00379,Organization_379,Business,Mumbai,Delhi,21,Under_Investigation
O00380,Organization_380,NGO,Vadodara,Uttar Pradesh,73,Active
O00381,Organization_381,Association,Ahmedabad,West Bengal,84,Active
O00382,Organization_382,Company,Hyderabad,Maharashtra,66,Active
O00383,Organization_383,NGO,Kolkata,Uttar Pradesh,27,Active
O00384,Organization_384,Criminal_Group,Bhopal,Telangana,45,Active
O00385,Organization_385,Criminal_Group,Delhi,Rajasthan,69,Active
O00386,Organization_386,NGO,Mumbai,Rajasthan,23,Active
O00387,Organization_387,Company,Delhi,Delhi,94,Active
O00388,Organization_388,NGO,Bhopal,Tamil Nadu,33,Active
O00389,Organization_389,Business,Vadodara,Karnataka,93,Under_Investigation
O00390,Organization_390,Criminal_Group,Surat,Tamil Nadu,77,Under_Investigation
O00391,Organization_391,Criminal_Group,Vadodara,Madhya Pradesh,16,Active
O00392,Organization_392,Company,Bengaluru,West Bengal,38,Active
O00393,Organization_393,Company,Vadodara,Karnataka,25,Active
O00394,Organization_394,Criminal_Group,Hyderabad,Delhi,47,Under_Investigation
O00395,Organization_395,Business,Indore,Uttar Pradesh,90,Active
O00396,Organization_396,Company,Surat,Karnataka,58,Active
O00397,Organization_397,Company,Bhopal,West Bengal,95,Under_Investigation
O00398,Organization_398,Criminal_Group,Delhi,Madhya Pradesh,89,Inactive
O00399,Organization_399,Company,Rajkot,Tamil Nadu,70,Inactive
O00400,Organization_400,Company,Pune,Karnataka,84,Under_Investigation
O00401,Organization_401,NGO,Bhopal,Karnataka,87,Inactive
O00402,Organization_402,NGO,Vadodara,Karnataka,70,Active
O00403,Organization_403,Company,Indore,Maharashtra,75,Inactive
O00404,Organization_404,Business,Chennai,Delhi,40,Under_Investigation
O00405,Organization_405,Company,Lucknow,Delhi,27,Active
O00406,Organization_406,Business,Indore,Rajasthan,16,Active
O00407,Organization_407,Company,Vadodara,Gujarat,74,Active
O00408,Organization_408,Business,Kolkata,Maharashtra,38,Active
O00409,Organization_409,Association,Jaipur,Tamil Nadu,65,Active
O00410,Organization_410,NGO,Rajkot,Delhi,16,Under_Investigation
O00411,Organization_411,Company,Lucknow,Gujarat,12,Active
O00412,Organization_412,Association,Nagpur,Gujarat,90,Active
O00413,Organization_413,Criminal_Group,Ahmedabad,Rajasthan,71,Active
O00414,Organization_414,Business,Chennai,Tamil Nadu,29,Active
O00415,Organization_415,Business,Chennai,Delhi,4,Under_Investigation
O00416,Organization_416,Criminal_Group,Bhopal,West Bengal,21,Active
O00417,Organization_417,Company,Mumbai,Rajasthan,84,Active
O00418,Organization_418,Business,Rajkot,Tamil Nadu,80,Active
O00419,Organization_419,Criminal_Group,Pune,Telangana,11,Inactive
O00420,Organization_420,Company,Indore,Karnataka,60,Under_Investigation
O00421,Organization_421,Criminal_Group,Nagpur,Karnataka,44,Active
O00422,Organization_422,Company,Ahmedabad,Uttar Pradesh,33,Active
O00423,Organization_423,Company,Pune,West Bengal,39,Active
O00424,Organization_424,Business,Surat,West Bengal,56,Active
O00425,Organization_425,Criminal_Group,Indore,Uttar Pradesh,7,Active
O00426,Organization_426,Association,Jaipur,Rajasthan,20,Inactive
O00427,Organization_427,Company,Jaipur,Telangana,5,Active
O00428,Organization_428,Criminal_Group,Indore,Maharashtra,37,Active
O00429,Organization_429,NGO,Bhopal,Telangana,31,Active
O00430,Organization_430,NGO,Ahmedabad,Madhya Pradesh,71,Active
O00431,Organization_431,NGO,Kolkata,Uttar Pradesh,19,Active
O00432,Organization_432,Company,Pune,Maharashtra,71,Active
O00433,Organization_433,Criminal_Group,Ahmedabad,Maharashtra,98,Active
O00434,Organization_434,Criminal_Group,Jaipur,Gujarat,78,Inactive
O00435,Organization_435,Business,Lucknow,Telangana,16,Active
O00436,Organization_436,Association,Bhopal,Rajasthan,96,Inactive
O00437,Organization_437,Criminal_Group,Nagpur,Madhya Pradesh,38,Active
O00438,Organization_438,Company,Jaipur,West Bengal,48,Active
O00439,Organization_439,Company,Chennai,Uttar Pradesh,21,Active
O00440,Organization_440,Criminal_Group,Nagpur,Maharashtra,14,Active
O00441,Organization_441,Business,Bhopal,Gujarat,66,Active
O00442,Organization_442,NGO,Pune,Delhi,5,Under_Investigation
O00443,Organization_443,NGO,Indore,Gujarat,38,Active
O00444,Organization_444,NGO,Kolkata,Rajasthan,55,Active
O00445,Organization_445,Business,Bhopal,Uttar Pradesh,17,Active
O00446,Organization_446,Association,Nagpur,Gujarat,50,Active
O00447,Organization_447,NGO,Lucknow,Gujarat,8,Active
O00448,Organization_448,Criminal_Group,Pune,Telangana,93,Active
O00449,Organization_449,Criminal_Group,Delhi,Rajasthan,98,Active
O00450,Organization_450,Business,Pune,Uttar Pradesh,14,Active
O00451,Organization_451,NGO,Lucknow,Delhi,100,Inactive
O00452,Organization_452,NGO,Mumbai,Uttar Pradesh,88,Active
O00453,Organization_453,Association,Rajkot,Telangana,39,Active
O00454,Organization_454,Business,Surat,Uttar Pradesh,50,Inactive
O00455,Organization_455,Business,Bhopal,Karnataka,64,Active
O00456,Organization_456,Business,Indore,Rajasthan,43,Active
O00457,Organization_457,Company,Indore,Uttar Pradesh,88,Active
O00458,Organization_458,NGO,Chennai,Rajasthan,7,Active
O00459,Organization_459,Company,Mumbai,Karnataka,72,Active
O00460,Organization_460,Business,Rajkot,Maharashtra,10,Active
O00461,Organization_461,NGO,Chennai,Delhi,59,Active
O00462,Organization_462,Business,Kolkata,Uttar Pradesh,9,Active
O00463,Organization_463,Criminal_Group,Ahmedabad,Rajasthan,23,Active
O00464,Organization_464,Association,Delhi,Delhi,84,Active
O00465,Organization_465,Association,Jaipur,Rajasthan,58,Active
O00466,Organization_466,Criminal_Group,Bhopal,Tamil Nadu,1,Active
O00467,Organization_467,NGO,Chennai,Tamil Nadu,76,Inactive
O00468,Organization_468,Association,Chennai,Telangana,33,Active
O00469,Organization_469,Business,Bhopal,West Bengal,21,Active
O00470,Organization_470,Business,Vadodara,Delhi,5,Active
O00471,Organization_471,Criminal_Group,Pune,West Bengal,67,Under_Investigation
O00472,Organization_472,Criminal_Group,Surat,Tamil Nadu,93,Active
O00473,Organization_473,NGO,Indore,Delhi,15,Active
O00474,Organization_474,NGO,Kolkata,Telangana,76,Active
O00475,Organization_475,Criminal_Group,Jaipur,Telangana,45,Active
O00476,Organization_476,NGO,Jaipur,Tamil Nadu,5,Active
O00477,Organization_477,Association,Surat,West Bengal,75,Active
O00478,Organization_478,Company,Rajkot,Tamil Nadu,94,Active
O00479,Organization_479,Business,Hyderabad,Rajasthan,66,Under_Investigation
O00480,Organization_480,NGO,Bhopal,Telangana,68,Active
O00481,Organization_481,Business,Chennai,West Bengal,23,Active
O00482,Organization_482,NGO,Rajkot,Tamil Nadu,24,Under_Investigation
O00483,Organization_483,Criminal_Group,Surat,Tamil Nadu,75,Under_Investigation
O00484,Organization_484,NGO,Delhi,Delhi,32,Active
O00485,Organization_485,Business,Lucknow,Karnataka,83,Active
O00486,Organization_486,Company,Vadodara,West Bengal,6,Active
O00487,Organization_487,Business,Nagpur,Madhya Pradesh,16,Under_Investigation
O00488,Organization_488,Company,Bhopal,Delhi,17,Active
O00489,Organization_489,Company,Pune,Madhya Pradesh,43,Active
O00490,Organization_490,Association,Mumbai,Gujarat,94,Inactive
O00491,Organization_491,Company,Kolkata,Delhi,73,Active
O00492,Organization_492,Business,Kolkata,Karnataka,97,Active
O00493,Organization_493,Business,Bhopal,Madhya Pradesh,78,Active
O00494,Organization_494,NGO,Rajkot,Uttar Pradesh,39,Active
O00495,Organization_495,Company,Rajkot,Maharashtra,17,Active
O00496,Organization_496,Company,Surat,Maharashtra,92,Under_Investigation
O00497,Organization_497,Business,Pune,Maharashtra,60,Inactive
O00498,Organization_498,Company,Lucknow,Uttar Pradesh,72,Inactive
O00499,Organization_499,Company,Ahmedabad,Uttar Pradesh,71,Active
O00500,Organization_500,NGO,Indore,Karnataka,54,Active
O00501,Organization_501,Business,Mumbai,Gujarat,46,Under_Investigation
O00502,Organization_502,Association,Pune,West Bengal,14,Active
O00503,Organization_503,Business,Kolkata,Rajasthan,74,Active
O00504,Organization_504,Company,Chennai,Uttar Pradesh,67,Active
O00505,Organization_505,Business,Surat,West Bengal,58,Active
O00506,Organization_506,Association,Nagpur,Delhi,23,Active
O00507,Organization_507,NGO,Indore,Rajasthan,6,Active
O00508,Organization_508,Company,Chennai,West Bengal,68,Under_Investigation
O00509,Organization_509,Company,Mumbai,Delhi,50,Inactive
O00510,Organization_510,NGO,Vadodara,Gujarat,34,Active
O00511,Organization_511,Company,Bhopal,Gujarat,53,Active
O00512,Organization_512,Company,Ahmedabad,Tamil Nadu,51,Active
O00513,Organization_513,Business,Hyderabad,Tamil Nadu,60,Active
O00514,Organization_514,Association,Hyderabad,Karnataka,94,Active
O00515,Organization_515,Company,Surat,Karnataka,30,Active
O00516,Organization_516,Business,Jaipur,Tamil Nadu,62,Active
O00517,Organization_517,Business,Jaipur,Delhi,43,Active
O00518,Organization_518,Criminal_Group,Kolkata,Uttar Pradesh,91,Inactive
O00519,Organization_519,Criminal_Group,Jaipur,Delhi,37,Active
O00520,Organization_520,Company,Ahmedabad,Rajasthan,44,Active
O00521,Organization_521,Criminal_Group,Ahmedabad,Rajasthan,39,Active
O00522,Organization_522,Company,Lucknow,Rajasthan,18,Active
O00523,Organization_523,Criminal_Group,Pune,Telangana,98,Under_Investigation
O00524,Organization_524,Company,Jaipur,Gujarat,6,Active
O00525,Organization_525,NGO,Bengaluru,Uttar Pradesh,99,Active
O00526,Organization_526,Business,Hyderabad,Gujarat,75,Active
O00527,Organization_527,Association,Bengaluru,Rajasthan,32,Active
O00528,Organization_528,Company,Chennai,West Bengal,68,Active
O00529,Organization_529,Business,Ahmedabad,Telangana,83,Active
O00530,Organization_530,NGO,Kolkata,Madhya Pradesh,73,Active
O00531,Organization_531,Company,Bhopal,Tamil Nadu,21,Active
O00532,Organization_532,Business,Pune,West Bengal,27,Active
O00533,Organization_533,Criminal_Group,Chennai,Karnataka,46,Active
O00534,Organization_534,Company,Indore,Telangana,7,Active
O00535,Organization_535,Criminal_Group,Kolkata,Madhya Pradesh,36,Under_Investigation
O00536,Organization_536,NGO,Delhi,West Bengal,90,Active
O00537,Organization_537,Criminal_Group,Ahmedabad,Telangana,21,Active
O00538,Organization_538,Company,Rajkot,Madhya Pradesh,67,Inactive
O00539,Organization_539,Criminal_Group,Jaipur,Madhya Pradesh,31,Active
O00540,Organization_540,Company,Jaipur,Telangana,76,Under_Investigation
O00541,Organization_541,Association,Vadodara,Uttar Pradesh,80,Active
O00542,Organization_542,Association,Kolkata,Karnataka,8,Active
O00543,Organization_543,Business,Kolkata,Maharashtra,27,Active
O00544,Organization_544,NGO,Ahmedabad,Telangana,52,Under_Investigation
O00545,Organization_545,Association,Lucknow,Telangana,32,Inactive
O00546,Organization_546,NGO,Bhopal,Maharashtra,65,Under_Investigation
O00547,Organization_547,Business,Jaipur,Uttar Pradesh,28,Active
O00548,Organization_548,Company,Delhi,Uttar Pradesh,69,Active
O00549,Organization_549,NGO,Ahmedabad,Tamil Nadu,52,Active
O00550,Organization_550,Criminal_Group,Kolkata,Karnataka,97,Inactive
O00551,Organization_551,Business,Pune,Maharashtra,80,Active
O00552,Organization_552,Business,Chennai,Rajasthan,52,Under_Investigation
O00553,Organization_553,Business,Kolkata,Madhya Pradesh,83,Inactive
O00554,Organization_554,Company,Nagpur,Uttar Pradesh,63,Active
O00555,Organization_555,Criminal_Group,Pune,Rajasthan,96,Active
O00556,Organization_556,Business,Nagpur,Uttar Pradesh,61,Under_Investigation
O00557,Organization_557,NGO,Pune,Rajasthan,99,Active
O00558,Organization_558,Criminal_Group,Delhi,Telangana,31,Active
O00559,Organization_559,Company,Mumbai,Telangana,12,Under_Investigation
O00560,Organization_560,Criminal_Group,Surat,Gujarat,49,Inactive
O00561,Organization_561,Company,Rajkot,Madhya Pradesh,45,Inactive
O00562,Organization_562,Criminal_Group,Bhopal,West Bengal,16,Active
O00563,Organization_563,Company,Pune,Delhi,66,Under_Investigation
O00564,Organization_564,Association,Lucknow,Madhya Pradesh,10,Active
O00565,Organization_565,Criminal_Group,Hyderabad,West Bengal,60,Active
O00566,Organization_566,Criminal_Group,Indore,Telangana,35,Active
O00567,Organization_567,Company,Bengaluru,Rajasthan,6,Inactive
O00568,Organization_568,Criminal_Group,Surat,West Bengal,50,Active
O00569,Organization_569,Company,Rajkot,West Bengal,22,Active
O00570,Organization_570,Business,Rajkot,Uttar Pradesh,69,Active
O00571,Organization_571,Criminal_Group,Kolkata,Karnataka,85,Active
O00572,Organization_572,Criminal_Group,Ahmedabad,Gujarat,53,Inactive
O00573,Organization_573,Business,Delhi,Madhya Pradesh,62,Active
O00574,Organization_574,NGO,Bengaluru,Rajasthan,32,Active
O00575,Organization_575,Business,Jaipur,West Bengal,84,Active
O00576,Organization_576,Company,Bhopal,Telangana,52,Active
O00577,Organization_577,NGO,Mumbai,Uttar Pradesh,88,Active
O00578,Organization_578,Company,Surat,Telangana,33,Active
O00579,Organization_579,Business,Lucknow,Telangana,49,Active
O00580,Organization_580,Association,Pune,Delhi,51,Inactive
O00581,Organization_581,Business,Nagpur,Tamil Nadu,66,Active
O00582,Organization_582,Criminal_Group,Rajkot,Rajasthan,61,Inactive
O00583,Organization_583,Association,Hyderabad,Telangana,78,Active
O00584,Organization_584,Company,Pune,Gujarat,1,Active
O00585,Organization_585,Business,Lucknow,Madhya Pradesh,94,Active
O00586,Organization_586,NGO,Lucknow,Maharashtra,16,Inactive
O00587,Organization_587,Business,Kolkata,Tamil Nadu,77,Active
O00588,Organization_588,NGO,Surat,Karnataka,80,Active
O00589,Organization_589,Criminal_Group,Hyderabad,Delhi,62,Active
O00590,Organization_590,Association,Kolkata,Uttar Pradesh,79,Under_Investigation
O00591,Organization_591,Criminal_Group,Chennai,Uttar Pradesh,18,Inactive
O00592,Organization_592,Company,Bhopal,Tamil Nadu,65,Active
O00593,Organization_593,Company,Bhopal,Uttar Pradesh,92,Active
O00594,Organization_594,Association,Delhi,Madhya Pradesh,41,Active
O00595,Organization_595,Company,Rajkot,Uttar Pradesh,99,Active
O00596,Organization_596,Criminal_Group,Delhi,West Bengal,4,Active
O00597,Organization_597,Criminal_Group,Mumbai,Uttar Pradesh,3,Under_Investigation
O00598,Organization_598,Business,Surat,Delhi,98,Active
O00599,Organization_599,Criminal_Group,Nagpur,Uttar Pradesh,32,Active
O00600,Organization_600,Business,Indore,Maharashtra,76,Inactive
O00601,Organization_601,Company,Lucknow,Maharashtra,13,Active
O00602,Organization_602,Criminal_Group,Jaipur,Maharashtra,35,Active
O00603,Organization_603,Company,Bengaluru,Delhi,35,Under_Investigation
O00604,Organization_604,Business,Surat,Gujarat,11,Active
O00605,Organization_605,Business,Nagpur,Rajasthan,5,Active
O00606,Organization_606,Company,Chennai,Uttar Pradesh,98,Active
O00607,Organization_607,Association,Rajkot,Telangana,9,Active
O00608,Organization_608,Company,Bengaluru,Gujarat,5,Active
O00609,Organization_609,Business,Mumbai,Telangana,35,Active
O00610,Organization_610,Company,Kolkata,Tamil Nadu,82,Active
O00611,Organization_611,Company,Ahmedabad,Maharashtra,60,Active
O00612,Organization_612,Business,Vadodara,West Bengal,22,Under_Investigation
O00613,Organization_613,NGO,Indore,Rajasthan,81,Active
O00614,Organization_614,Criminal_Group,Lucknow,Delhi,66,Active
O00615,Organization_615,Company,Vadodara,Maharashtra,24,Active
O00616,Organization_616,Business,Pune,Karnataka,75,Under_Investigation
O00617,Organization_617,Business,Vadodara,Rajasthan,99,Inactive
O00618,Organization_618,NGO,Surat,Uttar Pradesh,9,Active
O00619,Organization_619,Business,Mumbai,Delhi,38,Active
O00620,Organization_620,Company,Rajkot,Tamil Nadu,99,Active
O00621,Organization_621,NGO,Indore,Karnataka,20,Active
O00622,Organization_622,NGO,Bhopal,Telangana,53,Active
O00623,Organization_623,NGO,Vadodara,Telangana,89,Inactive
O00624,Organization_624,Criminal_Group,Ahmedabad,Uttar Pradesh,69,Active
O00625,Organization_625,Company,Kolkata,Delhi,62,Active
O00626,Organization_626,NGO,Indore,West Bengal,99,Active
O00627,Organization_627,Business,Hyderabad,Uttar Pradesh,8,Active
O00628,Organization_628,Business,Nagpur,Rajasthan,46,Active
O00629,Organization_629,Business,Surat,Delhi,14,Under_Investigation
O00630,Organization_630,NGO,Bhopal,Gujarat,22,Active
O00631,Organization_631,Company,Vadodara,Karnataka,34,Inactive
O00632,Organization_632,Company,Bengaluru,Madhya Pradesh,98,Active
O00633,Organization_633,Company,Surat,Rajasthan,39,Under_Investigation
O00634,Organization_634,NGO,Bhopal,Gujarat,70,Active
O00635,Organization_635,Business,Chennai,Maharashtra,100,Inactive
O00636,Organization_636,NGO,Jaipur,Rajasthan,11,Inactive
O00637,Organization_637,Criminal_Group,Jaipur,Rajasthan,74,Active
O00638,Organization_638,Company,Hyderabad,Rajasthan,91,Active
O00639,Organization_639,NGO,Jaipur,Tamil Nadu,88,Active
O00640,Organization_640,Criminal_Group,Surat,Delhi,58,Inactive
O00641,Organization_641,Company,Bhopal,Delhi,47,Active
O00642,Organization_642,Company,Indore,Delhi,40,Inactive
O00643,Organization_643,Company,Bhopal,Madhya Pradesh,55,Active
O00644,Organization_644,Business,Lucknow,Madhya Pradesh,14,Active
O00645,Organization_645,Company,Bengaluru,Delhi,74,Active
O00646,Organization_646,Business,Bhopal,West Bengal,8,Active
O00647,Organization_647,Association,Surat,Uttar Pradesh,12,Under_Investigation
O00648,Organization_648,Association,Delhi,Maharashtra,26,Active
O00649,Organization_649,NGO,Surat,Uttar Pradesh,97,Active
O00650,Organization_650,Company,Vadodara,Telangana,1,Under_Investigation
O00651,Organization_651,Criminal_Group,Ahmedabad,Telangana,3,Under_Investigation
O00652,Organization_652,Business,Nagpur,Karnataka,97,Active
O00653,Organization_653,Business,Delhi,West Bengal,40,Active
O00654,Organization_654,Business,Mumbai,Tamil Nadu,5,Inactive
O00655,Organization_655,NGO,Bengaluru,Rajasthan,96,Under_Investigation
O00656,Organization_656,Company,Indore,Karnataka,47,Active
O00657,Organization_657,Association,Pune,Uttar Pradesh,5,Active
O00658,Organization_658,NGO,Rajkot,West Bengal,93,Active
O00659,Organization_659,Business,Pune,Uttar Pradesh,90,Active
O00660,Organization_660,Criminal_Group,Kolkata,West Bengal,63,Active
O00661,Organization_661,Company,Bhopal,Delhi,40,Active
O00662,Organization_662,Criminal_Group,Chennai,Uttar Pradesh,11,Active
O00663,Organization_663,Company,Delhi,Madhya Pradesh,35,Under_Investigation
O00664,Organization_664,Company,Pune,Karnataka,28,Active
O00665,Organization_665,Company,Ahmedabad,Madhya Pradesh,14,Active
O00666,Organization_666,NGO,Indore,Maharashtra,89,Inactive
O00667,Organization_667,Company,Lucknow,Rajasthan,42,Active
O00668,Organization_668,NGO,Kolkata,Telangana,39,Active
O00669,Organization_669,Criminal_Group,Lucknow,Karnataka,99,Active
O00670,Organization_670,NGO,Lucknow,Gujarat,39,Under_Investigation
O00671,Organization_671,Business,Nagpur,Karnataka,51,Active
O00672,Organization_672,Business,Ahmedabad,Uttar Pradesh,7,Active
O00673,Organization_673,Criminal_Group,Ahmedabad,West Bengal,36,Under_Investigation
O00674,Organization_674,Association,Jaipur,Madhya Pradesh,6,Active
O00675,Organization_675,Criminal_Group,Mumbai,Karnataka,5,Active
O00676,Organization_676,Business,Hyderabad,Tamil Nadu,16,Active
O00677,Organization_677,Company,Vadodara,West Bengal,18,Active
O00678,Organization_678,NGO,Surat,West Bengal,32,Active
O00679,Organization_679,Criminal_Group,Vadodara,Rajasthan,34,Under_Investigation
O00680,Organization_680,Business,Vadodara,Karnataka,91,Active
O00681,Organization_681,Company,Bengaluru,Rajasthan,18,Under_Investigation
O00682,Organization_682,Criminal_Group,Indore,Madhya Pradesh,56,Active
O00683,Organization_683,Company,Jaipur,Rajasthan,61,Active
O00684,Organization_684,Company,Surat,Uttar Pradesh,59,Active
O00685,Organization_685,Criminal_Group,Nagpur,Madhya Pradesh,65,Active
O00686,Organization_686,Company,Ahmedabad,Telangana,46,Inactive
O00687,Organization_687,Company,Bhopal,Karnataka,72,Active
O00688,Organization_688,Company,Vadodara,Maharashtra,80,Active
O00689,Organization_689,NGO,Ahmedabad,Uttar Pradesh,52,Inactive
O00690,Organization_690,NGO,Nagpur,Rajasthan,27,Active
O00691,Organization_691,NGO,Ahmedabad,Gujarat,7,Inactive
O00692,Organization_692,Association,Bengaluru,Telangana,6,Inactive
O00693,Organization_693,Company,Rajkot,Karnataka,96,Inactive
O00694,Organization_694,Business,Bengaluru,Gujarat,91,Active
O00695,Organization_695,NGO,Kolkata,Karnataka,85,Active
O00696,Organization_696,Criminal_Group,Delhi,Uttar Pradesh,42,Active
O00697,Organization_697,Company,Bhopal,Tamil Nadu,28,Active
O00698,Organization_698,NGO,Surat,Uttar Pradesh,74,Active
O00699,Organization_699,Association,Chennai,Uttar Pradesh,40,Inactive
O00700,Organization_700,Association,Jaipur,Maharashtra,70,Active
O00701,Organization_701,Criminal_Group,Delhi,Karnataka,90,Active
O00702,Organization_702,Business,Kolkata,Uttar Pradesh,62,Active
O00703,Organization_703,Business,Nagpur,Delhi,95,Active
O00704,Organization_704,Criminal_Group,Delhi,Telangana,23,Active
O00705,Organization_705,Business,Surat,West Bengal,69,Active
O00706,Organization_706,Criminal_Group,Lucknow,Rajasthan,94,Active
O00707,Organization_707,Business,Pune,Telangana,24,Active
O00708,Organization_708,Business,Vadodara,Telangana,54,Under_Investigation
O00709,Organization_709,Association,Vadodara,West Bengal,86,Inactive
O00710,Organization_710,Business,Kolkata,Uttar Pradesh,81,Active
O00711,Organization_711,NGO,Kolkata,Uttar Pradesh,91,Active
O00712,Organization_712,NGO,Hyderabad,Telangana,35,Under_Investigation
O00713,Organization_713,Business,Vadodara,Delhi,49,Active
O00714,Organization_714,Criminal_Group,Indore,Maharashtra,13,Active
O00715,Organization_715,Association,Ahmedabad,Delhi,22,Active
O00716,Organization_716,NGO,Nagpur,Maharashtra,74,Active
O00717,Organization_717,Business,Nagpur,Maharashtra,87,Active
O00718,Organization_718,Criminal_Group,Bhopal,Karnataka,52,Under_Investigation
O00719,Organization_719,Criminal_Group,Hyderabad,Karnataka,4,Inactive
O00720,Organization_720,Criminal_Group,Bhopal,Rajasthan,51,Active
O00721,Organization_721,Business,Delhi,West Bengal,18,Under_Investigation
O00722,Organization_722,Company,Kolkata,Uttar Pradesh,80,Active
O00723,Organization_723,Business,Mumbai,Gujarat,69,Active
O00724,Organization_724,Criminal_Group,Surat,Rajasthan,3,Active
O00725,Organization_725,Business,Jaipur,Delhi,1,Active
O00726,Organization_726,Business,Pune,Rajasthan,77,Active
O00727,Organization_727,Company,Chennai,Uttar Pradesh,36,Active
O00728,Organization_728,Criminal_Group,Mumbai,Maharashtra,96,Active
O00729,Organization_729,Association,Surat,Gujarat,71,Active
O00730,Organization_730,Company,Pune,Telangana,72,Active
O00731,Organization_731,Criminal_Group,Rajkot,Uttar Pradesh,66,Active
O00732,Organization_732,Company,Bhopal,Telangana,58,Active
O00733,Organization_733,Criminal_Group,Delhi,Telangana,98,Active
O00734,Organization_734,Criminal_Group,Hyderabad,Gujarat,5,Active
O00735,Organization_735,Business,Rajkot,Telangana,74,Inactive
O00736,Organization_736,Criminal_Group,Rajkot,Delhi,7,Under_Investigation
O00737,Organization_737,Business,Jaipur,Madhya Pradesh,72,Active
O00738,Organization_738,Criminal_Group,Chennai,Rajasthan,4,Inactive
O00739,Organization_739,Business,Bhopal,Maharashtra,53,Under_Investigation
O00740,Organization_740,Company,Bengaluru,Madhya Pradesh,96,Active
O00741,Organization_741,Criminal_Group,Vadodara,Gujarat,69,Under_Investigation
O00742,Organization_742,Company,Mumbai,West Bengal,33,Under_Investigation
O00743,Organization_743,Company,Pune,Karnataka,89,Active
O00744,Organization_744,Association,Nagpur,Karnataka,38,Under_Investigation
O00745,Organization_745,Association,Lucknow,Madhya Pradesh,1,Inactive
O00746,Organization_746,Company,Pune,Uttar Pradesh,51,Inactive
O00747,Organization_747,Criminal_Group,Kolkata,Madhya Pradesh,80,Inactive
O00748,Organization_748,Company,Bhopal,Uttar Pradesh,58,Active
O00749,Organization_749,NGO,Kolkata,Tamil Nadu,43,Inactive
O00750,Organization_750,Company,Indore,Telangana,25,Active
O00751,Organization_751,Company,Nagpur,Gujarat,51,Inactive
O00752,Organization_752,Business,Chennai,Uttar Pradesh,48,Inactive
O00753,Organization_753,Criminal_Group,Lucknow,Delhi,62,Inactive
O00754,Organization_754,Criminal_Group,Surat,Uttar Pradesh,71,Inactive
O00755,Organization_755,Business,Rajkot,West Bengal,73,Active
O00756,Organization_756,NGO,Ahmedabad,West Bengal,44,Active
O00757,Organization_757,Criminal_Group,Nagpur,Uttar Pradesh,59,Active
O00758,Organization_758,Criminal_Group,Ahmedabad,Delhi,70,Active
O00759,Organization_759,Company,Chennai,Telangana,78,Active
O00760,Organization_760,Business,Pune,Karnataka,73,Active
O00761,Organization_761,Business,Nagpur,Karnataka,2,Active
O00762,Organization_762,Association,Chennai,Tamil Nadu,78,Active
O00763,Organization_763,Criminal_Group,Indore,Gujarat,4,Under_Investigation
O00764,Organization_764,Company,Indore,Gujarat,84,Inactive
O00765,Organization_765,Criminal_Group,Pune,Delhi,27,Active
O00766,Organization_766,Company,Vadodara,Rajasthan,93,Active
O00767,Organization_767,Company,Rajkot,Rajasthan,32,Active
O00768,Organization_768,Criminal_Group,Kolkata,Telangana,80,Under_Investigation
O00769,Organization_769,Association,Lucknow,Rajasthan,86,Active
O00770,Organization_770,Company,Bengaluru,Rajasthan,61,Active
O00771,Organization_771,Criminal_Group,Lucknow,Delhi,15,Active
O00772,Organization_772,Business,Surat,Delhi,10,Active
O00773,Organization_773,Company,Nagpur,Maharashtra,84,Active
O00774,Organization_774,Business,Vadodara,Karnataka,44,Active
O00775,Organization_775,Company,Surat,Maharashtra,5,Active
O00776,Organization_776,Business,Hyderabad,Telangana,45,Active
O00777,Organization_777,NGO,Mumbai,Delhi,60,Under_Investigation
O00778,Organization_778,Criminal_Group,Bhopal,Telangana,17,Active
O00779,Organization_779,Company,Nagpur,Rajasthan,31,Active
O00780,Organization_780,Criminal_Group,Indore,Telangana,34,Active
O00781,Organization_781,Company,Mumbai,Tamil Nadu,100,Inactive
O00782,Organization_782,NGO,Jaipur,West Bengal,86,Active
O00783,Organization_783,Criminal_Group,Rajkot,Telangana,87,Active
O00784,Organization_784,Company,Delhi,Uttar Pradesh,52,Active
O00785,Organization_785,NGO,Surat,Telangana,69,Inactive
O00786,Organization_786,Company,Pune,Tamil Nadu,4,Active
O00787,Organization_787,Company,Jaipur,Uttar Pradesh,4,Active
O00788,Organization_788,Criminal_Group,Surat,Maharashtra,91,Active
O00789,Organization_789,Company,Vadodara,Madhya Pradesh,19,Active
O00790,Organization_790,Business,Jaipur,Uttar Pradesh,23,Active
O00791,Organization_791,Criminal_Group,Delhi,Uttar Pradesh,97,Active
O00792,Organization_792,Business,Lucknow,Telangana,84,Inactive
O00793,Organization_793,Company,Pune,West Bengal,97,Active
O00794,Organization_794,Company,Bhopal,Rajasthan,33,Active
O00795,Organization_795,Business,Pune,Gujarat,44,Active
O00796,Organization_796,NGO,Vadodara,West Bengal,35,Active
O00797,Organization_797,NGO,Pune,Telangana,90,Under_Investigation
O00798,Organization_798,Company,Indore,Rajasthan,67,Under_Investigation
O00799,Organization_799,Business,Delhi,Tamil Nadu,37,Inactive
O00800,Organization_800,Company,Bengaluru,Gujarat,72,Active
O00801,Organization_801,Company,Kolkata,Karnataka,92,Active
O00802,Organization_802,Company,Delhi,Gujarat,45,Active
O00803,Organization_803,Criminal_Group,Nagpur,Rajasthan,18,Active
O00804,Organization_804,Company,Jaipur,Uttar Pradesh,88,Inactive
O00805,Organization_805,Association,Indore,Telangana,58,Under_Investigation
O00806,Organization_806,Company,Bhopal,Delhi,82,Active
O00807,Organization_807,Company,Bhopal,Gujarat,82,Active
O00808,Organization_808,NGO,Delhi,Delhi,73,Active
O00809,Organization_809,Company,Jaipur,Karnataka,77,Inactive
O00810,Organization_810,Business,Rajkot,Tamil Nadu,20,Under_Investigation
O00811,Organization_811,Criminal_Group,Bhopal,Maharashtra,93,Active
O00812,Organization_812,Company,Nagpur,Delhi,68,Under_Investigation
O00813,Organization_813,Criminal_Group,Pune,Gujarat,14,Active
O00814,Organization_814,Criminal_Group,Delhi,Gujarat,77,Active
O00815,Organization_815,Business,Indore,West Bengal,61,Inactive
O00816,Organization_816,Criminal_Group,Mumbai,West Bengal,20,Under_Investigation
O00817,Organization_817,NGO,Vadodara,West Bengal,41,Inactive
O00818,Organization_818,Company,Vadodara,Telangana,47,Inactive
O00819,Organization_819,Company,Pune,Madhya Pradesh,41,Active
O00820,Organization_820,Company,Surat,Uttar Pradesh,79,Active
O00821,Organization_821,NGO,Nagpur,West Bengal,21,Under_Investigation
O00822,Organization_822,Criminal_Group,Chennai,Maharashtra,31,Active
O00823,Organization_823,Criminal_Group,Ahmedabad,Telangana,73,Active
O00824,Organization_824,Company,Chennai,Telangana,76,Active
O00825,Organization_825,NGO,Lucknow,Madhya Pradesh,47,Active
O00826,Organization_826,Business,Nagpur,Gujarat,98,Active
O00827,Organization_827,NGO,Surat,Uttar Pradesh,1,Active
O00828,Organization_828,NGO,Bhopal,Rajasthan,4,Active
O00829,Organization_829,Business,Vadodara,Karnataka,84,Inactive
O00830,Organization_830,NGO,Indore,Rajasthan,15,Active
O00831,Organization_831,NGO,Jaipur,West Bengal,49,Active
O00832,Organization_832,Business,Rajkot,Gujarat,14,Active
O00833,Organization_833,Business,Hyderabad,Rajasthan,63,Inactive
O00834,Organization_834,Company,Mumbai,West Bengal,18,Active
O00835,Organization_835,NGO,Vadodara,Gujarat,46,Active
O00836,Organization_836,Criminal_Group,Bhopal,West Bengal,32,Under_Investigation
O00837,Organization_837,Business,Pune,Tamil Nadu,23,Active
O00838,Organization_838,Criminal_Group,Lucknow,Karnataka,51,Active
O00839,Organization_839,NGO,Jaipur,Uttar Pradesh,37,Under_Investigation
O00840,Organization_840,Company,Hyderabad,Delhi,43,Active
O00841,Organization_841,Business,Kolkata,Gujarat,68,Active
O00842,Organization_842,NGO,Ahmedabad,Uttar Pradesh,14,Active
O00843,Organization_843,NGO,Delhi,Telangana,68,Active
O00844,Organization_844,Business,Delhi,West Bengal,67,Under_Investigation
O00845,Organization_845,Association,Ahmedabad,Karnataka,97,Inactive
O00846,Organization_846,Association,Nagpur,Telangana,94,Active
O00847,Organization_847,Business,Pune,Gujarat,68,Inactive
O00848,Organization_848,Criminal_Group,Kolkata,Tamil Nadu,91,Active
O00849,Organization_849,Association,Delhi,West Bengal,20,Under_Investigation
O00850,Organization_850,Company,Bengaluru,West Bengal,100,Active
O00851,Organization_851,Company,Bengaluru,West Bengal,59,Under_Investigation
O00852,Organization_852,Business,Kolkata,Karnataka,8,Active
O00853,Organization_853,Company,Bhopal,Karnataka,39,Active
O00854,Organization_854,Business,Delhi,Maharashtra,34,Active
O00855,Organization_855,Business,Hyderabad,Uttar Pradesh,72,Active
O00856,Organization_856,Company,Lucknow,Telangana,55,Active
O00857,Organization_857,Association,Mumbai,Karnataka,92,Active
O00858,Organization_858,Criminal_Group,Ahmedabad,Telangana,18,Active
O00859,Organization_859,Business,Jaipur,West Bengal,37,Active
O00860,Organization_860,Company,Lucknow,Telangana,74,Active
O00861,Organization_861,Company,Hyderabad,Maharashtra,86,Inactive
O00862,Organization_862,Business,Vadodara,West Bengal,47,Active
O00863,Organization_863,Company,Jaipur,Maharashtra,70,Under_Investigation
O00864,Organization_864,Business,Kolkata,Rajasthan,36,Inactive
O00865,Organization_865,Business,Ahmedabad,Delhi,46,Active
O00866,Organization_866,Association,Bengaluru,Telangana,29,Inactive
O00867,Organization_867,Criminal_Group,Surat,Delhi,11,Active
O00868,Organization_868,Criminal_Group,Bhopal,Delhi,69,Active
O00869,Organization_869,Business,Ahmedabad,Karnataka,40,Active
O00870,Organization_870,Business,Bengaluru,Gujarat,72,Under_Investigation
O00871,Organization_871,Association,Pune,Uttar Pradesh,96,Active
O00872,Organization_872,Criminal_Group,Nagpur,Maharashtra,48,Inactive
O00873,Organization_873,Business,Hyderabad,Madhya Pradesh,33,Under_Investigation
O00874,Organization_874,Company,Chennai,Rajasthan,60,Active
O00875,Organization_875,Business,Delhi,West Bengal,21,Active
O00876,Organization_876,Business,Mumbai,Madhya Pradesh,90,Active
O00877,Organization_877,Company,Kolkata,Gujarat,75,Active
O00878,Organization_878,NGO,Kolkata,Madhya Pradesh,46,Active
O00879,Organization_879,Business,Hyderabad,Telangana,51,Inactive
O00880,Organization_880,Company,Bhopal,Karnataka,71,Inactive
O00881,Organization_881,Company,Chennai,Delhi,39,Active
O00882,Organization_882,NGO,Surat,Telangana,92,Under_Investigation
O00883,Organization_883,Criminal_Group,Mumbai,West Bengal,82,Active
O00884,Organization_884,Company,Bhopal,Delhi,95,Active
O00885,Organization_885,Criminal_Group,Vadodara,Tamil Nadu,53,Inactive
O00886,Organization_886,Company,Rajkot,Gujarat,58,Inactive
O00887,Organization_887,Business,Delhi,West Bengal,5,Active
O00888,Organization_888,Company,Bengaluru,Delhi,56,Inactive
O00889,Organization_889,Company,Bengaluru,Telangana,14,Under_Investigation
O00890,Organization_890,Criminal_Group,Pune,Karnataka,80,Active
O00891,Organization_891,Company,Bhopal,Telangana,85,Under_Investigation
O00892,Organization_892,NGO,Hyderabad,Rajasthan,88,Inactive
O00893,Organization_893,Criminal_Group,Bengaluru,Telangana,69,Under_Investigation
O00894,Organization_894,Company,Rajkot,Madhya Pradesh,60,Inactive
O00895,Organization_895,Company,Bhopal,Gujarat,1,Active
O00896,Organization_896,NGO,Surat,West Bengal,11,Active
O00897,Organization_897,Company,Chennai,Gujarat,56,Active
O00898,Organization_898,Company,Jaipur,Delhi,79,Active
O00899,Organization_899,Company,Rajkot,Gujarat,59,Active
O00900,Organization_900,Criminal_Group,Kolkata,West Bengal,18,Active
O00901,Organization_901,NGO,Ahmedabad,Maharashtra,21,Active
O00902,Organization_902,Company,Mumbai,Delhi,32,Active
O00903,Organization_903,Company,Delhi,Karnataka,29,Active
O00904,Organization_904,Company,Ahmedabad,Rajasthan,47,Active
O00905,Organization_905,Criminal_Group,Bengaluru,Maharashtra,95,Active
O00906,Organization_906,Business,Bhopal,Uttar Pradesh,71,Active
O00907,Organization_907,Company,Chennai,Uttar Pradesh,27,Active
O00908,Organization_908,Company,Ahmedabad,Telangana,45,Active
O00909,Organization_909,Criminal_Group,Hyderabad,Telangana,90,Active
O00910,Organization_910,Association,Bhopal,Uttar Pradesh,31,Active
O00911,Organization_911,Business,Pune,Rajasthan,20,Active
O00912,Organization_912,Company,Pune,Karnataka,3,Inactive
O00913,Organization_913,Criminal_Group,Jaipur,Maharashtra,90,Active
O00914,Organization_914,NGO,Bhopal,Madhya Pradesh,82,Active
O00915,Organization_915,Business,Ahmedabad,Madhya Pradesh,90,Active
O00916,Organization_916,NGO,Ahmedabad,Telangana,43,Active
O00917,Organization_917,Business,Kolkata,Telangana,9,Active
O00918,Organization_918,Criminal_Group,Mumbai,Madhya Pradesh,59,Active
O00919,Organization_919,Criminal_Group,Kolkata,Gujarat,67,Active
O00920,Organization_920,Criminal_Group,Jaipur,Karnataka,13,Active
O00921,Organization_921,Company,Rajkot,Gujarat,48,Active
O00922,Organization_922,Association,Jaipur,Tamil Nadu,88,Under_Investigation
O00923,Organization_923,Criminal_Group,Mumbai,Tamil Nadu,70,Active
O00924,Organization_924,Criminal_Group,Rajkot,Rajasthan,73,Active
O00925,Organization_925,Business,Hyderabad,Maharashtra,75,Active
O00926,Organization_926,Criminal_Group,Chennai,Telangana,75,Active
O00927,Organization_927,Business,Bengaluru,Uttar Pradesh,24,Active
O00928,Organization_928,Criminal_Group,Kolkata,Tamil Nadu,3,Active
O00929,Organization_929,Company,Hyderabad,Madhya Pradesh,63,Active
O00930,Organization_930,Criminal_Group,Lucknow,Delhi,5,Active
O00931,Organization_931,Company,Delhi,Telangana,89,Active
O00932,Organization_932,NGO,Kolkata,Rajasthan,4,Active
O00933,Organization_933,Company,Indore,Gujarat,78,Active
O00934,Organization_934,Criminal_Group,Nagpur,West Bengal,64,Active
O00935,Organization_935,Company,Lucknow,Rajasthan,20,Active
O00936,Organization_936,Criminal_Group,Delhi,Madhya Pradesh,37,Active
O00937,Organization_937,NGO,Lucknow,Telangana,78,Inactive
O00938,Organization_938,Business,Hyderabad,Telangana,74,Active
O00939,Organization_939,Criminal_Group,Mumbai,Gujarat,71,Inactive
O00940,Organization_940,Criminal_Group,Delhi,Telangana,84,Active
O00941,Organization_941,NGO,Surat,Madhya Pradesh,30,Active
O00942,Organization_942,NGO,Ahmedabad,Telangana,57,Active
O00943,Organization_943,Company,Bhopal,Karnataka,33,Active
O00944,Organization_944,Business,Vadodara,Gujarat,14,Inactive
O00945,Organization_945,Company,Hyderabad,Rajasthan,99,Under_Investigation
O00946,Organization_946,Company,Bhopal,Tamil Nadu,77,Active
O00947,Organization_947,Company,Ahmedabad,Delhi,100,Under_Investigation
O00948,Organization_948,NGO,Chennai,Gujarat,92,Active
O00949,Organization_949,Company,Surat,West Bengal,42,Active
O00950,Organization_950,Company,Hyderabad,Gujarat,29,Active
O00951,Organization_951,Business,Kolkata,Maharashtra,80,Active
O00952,Organization_952,NGO,Nagpur,Rajasthan,3,Active
O00953,Organization_953,Criminal_Group,Surat,Madhya Pradesh,39,Inactive
O00954,Organization_954,Company,Mumbai,Tamil Nadu,20,Under_Investigation
O00955,Organization_955,Criminal_Group,Surat,Delhi,62,Active
O00956,Organization_956,Criminal_Group,Nagpur,West Bengal,64,Active
O00957,Organization_957,Business,Vadodara,Gujarat,92,Active
O00958,Organization_958,Company,Vadodara,Rajasthan,65,Active
O00959,Organization_959,Company,Chennai,Rajasthan,57,Inactive
O00960,Organization_960,Company,Pune,Gujarat,57,Active
O00961,Organization_961,Company,Chennai,Tamil Nadu,40,Active
O00962,Organization_962,Business,Ahmedabad,Maharashtra,13,Inactive
O00963,Organization_963,Business,Nagpur,West Bengal,84,Under_Investigation
O00964,Organization_964,Company,Bengaluru,Gujarat,82,Active
O00965,Organization_965,Criminal_Group,Lucknow,Gujarat,5,Active
O00966,Organization_966,Company,Jaipur,Uttar Pradesh,95,Active
O00967,Organization_967,Company,Chennai,Rajasthan,75,Active
O00968,Organization_968,Association,Hyderabad,Karnataka,63,Active
O00969,Organization_969,Company,Mumbai,Karnataka,25,Active
O00970,Organization_970,Business,Mumbai,Uttar Pradesh,15,Under_Investigation
O00971,Organization_971,NGO,Delhi,Uttar Pradesh,7,Inactive
O00972,Organization_972,Business,Ahmedabad,Tamil Nadu,76,Under_Investigation
O00973,Organization_973,NGO,Jaipur,Madhya Pradesh,8,Active
O00974,Organization_974,NGO,Rajkot,Gujarat,63,Active
O00975,Organization_975,Business,Surat,West Bengal,42,Active
O00976,Organization_976,Company,Surat,Madhya Pradesh,23,Active
O00977,Organization_977,Criminal_Group,Surat,Delhi,18,Inactive
O00978,Organization_978,NGO,Hyderabad,Uttar Pradesh,38,Active
O00979,Organization_979,NGO,Surat,West Bengal,63,Active
O00980,Organization_980,Criminal_Group,Jaipur,Delhi,60,Active
O00981,Organization_981,Association,Bengaluru,Maharashtra,83,Active
O00982,Organization_982,Criminal_Group,Lucknow,Maharashtra,16,Active
O00983,Organization_983,Business,Ahmedabad,Uttar Pradesh,45,Inactive
O00984,Organization_984,Business,Mumbai,Madhya Pradesh,48,Active
O00985,Organization_985,Business,Kolkata,Karnataka,91,Inactive
O00986,Organization_986,Business,Kolkata,Rajasthan,40,Active
O00987,Organization_987,Company,Delhi,Madhya Pradesh,71,Active
O00988,Organization_988,Company,Delhi,Delhi,52,Under_Investigation
O00989,Organization_989,Business,Nagpur,Karnataka,100,Active
O00990,Organization_990,Company,Chennai,Telangana,34,Under_Investigation
O00991,Organization_991,Criminal_Group,Surat,Telangana,54,Active
O00992,Organization_992,Business,Mumbai,West Bengal,2,Active
O00993,Organization_993,Criminal_Group,Bengaluru,Rajasthan,81,Active
O00994,Organization_994,Business,Rajkot,Madhya Pradesh,12,Active
O00995,Organization_995,Criminal_Group,Jaipur,Madhya Pradesh,82,Active
O00996,Organization_996,NGO,Pune,Rajasthan,69,Under_Investigation
O00997,Organization_997,Business,Delhi,Uttar Pradesh,34,Active
O00998,Organization_998,Criminal_Group,Hyderabad,Tamil Nadu,73,Under_Investigation
O00999,Organization_999,Criminal_Group,Rajkot,West Bengal,94,Active
O01000,Organization_1000,Company,Bhopal,West Bengal,16,Active
O01001,Organization_1001,Association,Rajkot,Delhi,15,Active
O01002,Organization_1002,NGO,Pune,Karnataka,87,Under_Investigation
O01003,Organization_1003,Business,Hyderabad,Uttar Pradesh,19,Inactive
O01004,Organization_1004,Criminal_Group,Chennai,Rajasthan,40,Active
O01005,Organization_1005,Association,Lucknow,Uttar Pradesh,45,Active
O01006,Organization_1006,Company,Bengaluru,West Bengal,9,Active
O01007,Organization_1007,Company,Vadodara,Delhi,29,Inactive
O01008,Organization_1008,NGO,Jaipur,Gujarat,8,Active
O01009,Organization_1009,Company,Rajkot,West Bengal,74,Active
O01010,Organization_1010,Business,Nagpur,Delhi,13,Active
O01011,Organization_1011,Criminal_Group,Chennai,Gujarat,16,Active
O01012,Organization_1012,NGO,Bengaluru,Rajasthan,87,Active
O01013,Organization_1013,Criminal_Group,Nagpur,West Bengal,28,Active
O01014,Organization_1014,Company,Mumbai,Gujarat,27,Inactive
O01015,Organization_1015,Criminal_Group,Mumbai,Karnataka,63,Under_Investigation
O01016,Organization_1016,Criminal_Group,Jaipur,Uttar Pradesh,84,Inactive
O01017,Organization_1017,NGO,Jaipur,Uttar Pradesh,95,Active
O01018,Organization_1018,Criminal_Group,Hyderabad,Rajasthan,42,Active
O01019,Organization_1019,Business,Bhopal,Maharashtra,86,Active
O01020,Organization_1020,Criminal_Group,Hyderabad,Delhi,45,Inactive
O01021,Organization_1021,NGO,Delhi,Madhya Pradesh,31,Active
O01022,Organization_1022,Company,Hyderabad,Gujarat,46,Active
O01023,Organization_1023,Company,Indore,Karnataka,77,Active
O01024,Organization_1024,NGO,Surat,Rajasthan,20,Active
O01025,Organization_1025,Association,Surat,Maharashtra,27,Active
O01026,Organization_1026,NGO,Delhi,Tamil Nadu,8,Active
O01027,Organization_1027,Association,Lucknow,Gujarat,68,Under_Investigation
O01028,Organization_1028,Company,Mumbai,Gujarat,80,Active
O01029,Organization_1029,Business,Bhopal,Uttar Pradesh,32,Active
O01030,Organization_1030,Criminal_Group,Indore,Uttar Pradesh,30,Inactive
O01031,Organization_1031,Criminal_Group,Pune,Tamil Nadu,80,Active
O01032,Organization_1032,Business,Chennai,Madhya Pradesh,50,Inactive
O01033,Organization_1033,Criminal_Group,Hyderabad,Telangana,99,Inactive
O01034,Organization_1034,NGO,Jaipur,Telangana,43,Active
O01035,Organization_1035,Criminal_Group,Bhopal,West Bengal,83,Inactive
O01036,Organization_1036,Business,Jaipur,Madhya Pradesh,67,Under_Investigation
O01037,Organization_1037,Criminal_Group,Pune,West Bengal,60,Under_Investigation
O01038,Organization_1038,Criminal_Group,Hyderabad,Rajasthan,76,Active
O01039,Organization_1039,Criminal_Group,Delhi,Delhi,75,Active
O01040,Organization_1040,Company,Jaipur,West Bengal,52,Active
O01041,Organization_1041,Business,Mumbai,Gujarat,64,Active
O01042,Organization_1042,Criminal_Group,Rajkot,Uttar Pradesh,27,Active
O01043,Organization_1043,NGO,Mumbai,Rajasthan,100,Active
O01044,Organization_1044,Business,Ahmedabad,West Bengal,96,Active
O01045,Organization_1045,NGO,Hyderabad,Gujarat,61,Active
O01046,Organization_1046,Association,Surat,Gujarat,1,Active
O01047,Organization_1047,Business,Vadodara,Madhya Pradesh,60,Active
O01048,Organization_1048,NGO,Delhi,Maharashtra,51,Inactive
O01049,Organization_1049,Company,Bhopal,Telangana,54,Under_Investigation
O01050,Organization_1050,Business,Jaipur,Karnataka,22,Active
O01051,Organization_1051,Company,Vadodara,Maharashtra,72,Active
O01052,Organization_1052,Company,Vadodara,Delhi,54,Active
O01053,Organization_1053,Business,Mumbai,Tamil Nadu,90,Inactive
O01054,Organization_1054,Business,Pune,Rajasthan,36,Under_Investigation
O01055,Organization_1055,Criminal_Group,Delhi,Gujarat,6,Active
O01056,Organization_1056,NGO,Hyderabad,Gujarat,40,Active
O01057,Organization_1057,Business,Jaipur,Uttar Pradesh,22,Inactive
O01058,Organization_1058,Criminal_Group,Indore,West Bengal,77,Inactive
O01059,Organization_1059,Criminal_Group,Surat,Tamil Nadu,3,Inactive
O01060,Organization_1060,Business,Indore,Uttar Pradesh,24,Under_Investigation
O01061,Organization_1061,Criminal_Group,Bhopal,West Bengal,83,Active
O01062,Organization_1062,Association,Mumbai,Uttar Pradesh,21,Active
O01063,Organization_1063,Criminal_Group,Hyderabad,Gujarat,74,Active
O01064,Organization_1064,Company,Surat,West Bengal,50,Under_Investigation
O01065,Organization_1065,Criminal_Group,Surat,West Bengal,5,Active
O01066,Organization_1066,Criminal_Group,Vadodara,Telangana,67,Active
O01067,Organization_1067,Company,Kolkata,Rajasthan,11,Active
O01068,Organization_1068,Company,Rajkot,Tamil Nadu,80,Active
O01069,Organization_1069,Criminal_Group,Ahmedabad,Rajasthan,14,Active
O01070,Organization_1070,Company,Lucknow,Telangana,19,Active
O01071,Organization_1071,Association,Ahmedabad,Karnataka,79,Active
O01072,Organization_1072,NGO,Indore,Gujarat,64,Active
O01073,Organization_1073,Criminal_Group,Vadodara,Maharashtra,60,Active
O01074,Organization_1074,Association,Rajkot,West Bengal,91,Under_Investigation
O01075,Organization_1075,Company,Chennai,Uttar Pradesh,91,Active
O01076,Organization_1076,Business,Ahmedabad,Delhi,35,Active
O01077,Organization_1077,NGO,Jaipur,Uttar Pradesh,44,Active
O01078,Organization_1078,Criminal_Group,Mumbai,Karnataka,55,Active
O01079,Organization_1079,Business,Chennai,Delhi,42,Active
O01080,Organization_1080,Criminal_Group,Rajkot,West Bengal,35,Active
O01081,Organization_1081,Association,Rajkot,Uttar Pradesh,88,Active
O01082,Organization_1082,Criminal_Group,Lucknow,Karnataka,71,Active
O01083,Organization_1083,Business,Hyderabad,Rajasthan,12,Inactive
O01084,Organization_1084,NGO,Bhopal,Madhya Pradesh,30,Active
O01085,Organization_1085,Company,Rajkot,Maharashtra,49,Under_Investigation
O01086,Organization_1086,NGO,Bhopal,Karnataka,60,Inactive
O01087,Organization_1087,Criminal_Group,Ahmedabad,West Bengal,64,Active
O01088,Organization_1088,Company,Mumbai,Madhya Pradesh,91,Inactive
O01089,Organization_1089,Company,Rajkot,West Bengal,24,Active
O01090,Organization_1090,Criminal_Group,Jaipur,Tamil Nadu,32,Active
O01091,Organization_1091,Company,Rajkot,Tamil Nadu,47,Under_Investigation
O01092,Organization_1092,Criminal_Group,Vadodara,Maharashtra,55,Active
O01093,Organization_1093,Association,Delhi,Uttar Pradesh,16,Active
O01094,Organization_1094,Company,Bengaluru,West Bengal,20,Inactive
O01095,Organization_1095,Business,Indore,Karnataka,89,Active
O01096,Organization_1096,Business,Surat,Gujarat,10,Active
O01097,Organization_1097,Criminal_Group,Surat,Maharashtra,38,Active
O01098,Organization_1098,Company,Bengaluru,Karnataka,79,Active
O01099,Organization_1099,Association,Delhi,Tamil Nadu,27,Active
O01100,Organization_1100,Business,Vadodara,Gujarat,85,Active
O01101,Organization_1101,Business,Kolkata,West Bengal,84,Active
O01102,Organization_1102,Company,Rajkot,Telangana,63,Active
O01103,Organization_1103,Business,Bengaluru,Rajasthan,48,Active
O01104,Organization_1104,Association,Bengaluru,West Bengal,46,Inactive
O01105,Organization_1105,Business,Ahmedabad,Rajasthan,27,Active
O01106,Organization_1106,Business,Surat,Karnataka,61,Under_Investigation
O01107,Organization_1107,NGO,Rajkot,Uttar Pradesh,78,Active
O01108,Organization_1108,Criminal_Group,Bhopal,Delhi,44,Active
O01109,Organization_1109,Association,Lucknow,Gujarat,71,Active
O01110,Organization_1110,Business,Mumbai,Karnataka,70,Inactive
O01111,Organization_1111,Company,Indore,Telangana,58,Active
O01112,Organization_1112,Criminal_Group,Jaipur,Uttar Pradesh,6,Active
O01113,Organization_1113,Criminal_Group,Surat,Uttar Pradesh,48,Under_Investigation
O01114,Organization_1114,Association,Jaipur,Maharashtra,96,Under_Investigation
O01115,Organization_1115,Company,Ahmedabad,Uttar Pradesh,19,Under_Investigation
O01116,Organization_1116,Business,Surat,Maharashtra,55,Active
O01117,Organization_1117,Criminal_Group,Mumbai,Maharashtra,88,Active
O01118,Organization_1118,NGO,Bengaluru,Tamil Nadu,77,Inactive
O01119,Organization_1119,Company,Lucknow,Delhi,62,Active
O01120,Organization_1120,Business,Vadodara,Tamil Nadu,38,Active
O01121,Organization_1121,Criminal_Group,Lucknow,Rajasthan,11,Under_Investigation
O01122,Organization_1122,Company,Kolkata,Madhya Pradesh,58,Inactive
O01123,Organization_1123,Business,Chennai,Uttar Pradesh,5,Active
O01124,Organization_1124,Company,Rajkot,Delhi,42,Under_Investigation
O01125,Organization_1125,Criminal_Group,Jaipur,Telangana,89,Under_Investigation
O01126,Organization_1126,Business,Vadodara,West Bengal,16,Active
O01127,Organization_1127,NGO,Chennai,Tamil Nadu,37,Active
O01128,Organization_1128,NGO,Ahmedabad,West Bengal,51,Under_Investigation
O01129,Organization_1129,Criminal_Group,Ahmedabad,Delhi,7,Active
O01130,Organization_1130,Association,Bengaluru,Rajasthan,72,Active
O01131,Organization_1131,Criminal_Group,Kolkata,Madhya Pradesh,15,Inactive
O01132,Organization_1132,Criminal_Group,Surat,Tamil Nadu,99,Inactive
O01133,Organization_1133,Business,Vadodara,Tamil Nadu,27,Under_Investigation
O01134,Organization_1134,Association,Vadodara,West Bengal,4,Inactive
O01135,Organization_1135,Company,Indore,Tamil Nadu,4,Active
O01136,Organization_1136,Business,Jaipur,Tamil Nadu,49,Inactive
O01137,Organization_1137,Association,Indore,Gujarat,13,Active
O01138,Organization_1138,Association,Ahmedabad,West Bengal,31,Active
O01139,Organization_1139,Business,Delhi,Uttar Pradesh,20,Inactive
O01140,Organization_1140,Association,Bengaluru,Delhi,77,Active
O01141,Organization_1141,NGO,Mumbai,Rajasthan,82,Under_Investigation
O01142,Organization_1142,Criminal_Group,Bhopal,Uttar Pradesh,52,Active
O01143,Organization_1143,Company,Nagpur,Tamil Nadu,90,Under_Investigation
O01144,Organization_1144,NGO,Surat,Madhya Pradesh,15,Under_Investigation
O01145,Organization_1145,Criminal_Group,Ahmedabad,Karnataka,46,Active
O01146,Organization_1146,Company,Indore,Gujarat,96,Active
O01147,Organization_1147,Criminal_Group,Rajkot,Gujarat,83,Inactive
O01148,Organization_1148,Business,Kolkata,Gujarat,80,Under_Investigation
O01149,Organization_1149,Company,Delhi,Tamil Nadu,75,Inactive
O01150,Organization_1150,Company,Delhi,Rajasthan,43,Inactive
O01151,Organization_1151,Business,Hyderabad,Gujarat,23,Active
O01152,Organization_1152,NGO,Bengaluru,Tamil Nadu,51,Active
O01153,Organization_1153,Business,Indore,Karnataka,70,Under_Investigation
O01154,Organization_1154,Company,Mumbai,Telangana,4,Inactive
O01155,Organization_1155,Criminal_Group,Indore,West Bengal,91,Inactive
O01156,Organization_1156,Business,Nagpur,Gujarat,27,Active
O01157,Organization_1157,Business,Chennai,Karnataka,8,Active
O01158,Organization_1158,Criminal_Group,Surat,Maharashtra,98,Active
O01159,Organization_1159,Criminal_Group,Rajkot,Delhi,85,Active
O01160,Organization_1160,NGO,Jaipur,Karnataka,79,Active
O01161,Organization_1161,Company,Bhopal,Rajasthan,39,Under_Investigation
O01162,Organization_1162,Business,Vadodara,Tamil Nadu,32,Under_Investigation
O01163,Organization_1163,Criminal_Group,Pune,Rajasthan,9,Active
O01164,Organization_1164,Company,Rajkot,Madhya Pradesh,4,Active
O01165,Organization_1165,Company,Pune,West Bengal,63,Inactive
O01166,Organization_1166,Company,Pune,Maharashtra,99,Active
O01167,Organization_1167,Business,Lucknow,Rajasthan,46,Active
O01168,Organization_1168,Company,Jaipur,Telangana,44,Active
O01169,Organization_1169,Criminal_Group,Surat,Telangana,65,Active
O01170,Organization_1170,Association,Lucknow,Maharashtra,59,Inactive
O01171,Organization_1171,NGO,Indore,Uttar Pradesh,3,Active
O01172,Organization_1172,Criminal_Group,Vadodara,Karnataka,82,Under_Investigation
O01173,Organization_1173,NGO,Indore,Gujarat,21,Active
O01174,Organization_1174,Business,Kolkata,Uttar Pradesh,19,Active
O01175,Organization_1175,Business,Kolkata,Telangana,54,Active
O01176,Organization_1176,Association,Hyderabad,Rajasthan,69,Active
O01177,Organization_1177,Association,Surat,Maharashtra,93,Active
O01178,Organization_1178,Criminal_Group,Hyderabad,Rajasthan,77,Active
O01179,Organization_1179,Company,Ahmedabad,Maharashtra,50,Under_Investigation
O01180,Organization_1180,Criminal_Group,Jaipur,Maharashtra,36,Under_Investigation
O01181,Organization_1181,Company,Chennai,Uttar Pradesh,54,Inactive
O01182,Organization_1182,Business,Bhopal,Madhya Pradesh,52,Active
O01183,Organization_1183,Criminal_Group,Jaipur,Karnataka,99,Active
O01184,Organization_1184,Business,Bhopal,Delhi,66,Active
O01185,Organization_1185,NGO,Indore,Maharashtra,46,Active
O01186,Organization_1186,Business,Kolkata,Madhya Pradesh,72,Active
O01187,Organization_1187,Company,Lucknow,Karnataka,35,Active
O01188,Organization_1188,Association,Surat,Gujarat,88,Under_Investigation
O01189,Organization_1189,Criminal_Group,Bhopal,Maharashtra,68,Active
O01190,Organization_1190,Company,Chennai,Rajasthan,19,Under_Investigation
O01191,Organization_1191,Business,Indore,West Bengal,50,Inactive
O01192,Organization_1192,Business,Surat,Karnataka,93,Active
O01193,Organization_1193,Criminal_Group,Delhi,Rajasthan,49,Active
O01194,Organization_1194,Company,Hyderabad,Uttar Pradesh,60,Active
O01195,Organization_1195,Criminal_Group,Nagpur,Delhi,41,Active
O01196,Organization_1196,Business,Rajkot,Madhya Pradesh,62,Under_Investigation
O01197,Organization_1197,Company,Jaipur,Gujarat,97,Active
O01198,Organization_1198,Criminal_Group,Bengaluru,Karnataka,46,Active
O01199,Organization_1199,NGO,Pune,Gujarat,23,Inactive
O01200,Organization_1200,NGO,Pune,Uttar Pradesh,15,Active
O01201,Organization_1201,Company,Nagpur,Delhi,99,Active
O01202,Organization_1202,Business,Surat,Telangana,15,Inactive
O01203,Organization_1203,Company,Lucknow,Rajasthan,84,Active
O01204,Organization_1204,Criminal_Group,Kolkata,Uttar Pradesh,49,Active
O01205,Organization_1205,Company,Rajkot,Gujarat,60,Active
O01206,Organization_1206,NGO,Chennai,Tamil Nadu,74,Under_Investigation
O01207,Organization_1207,NGO,Hyderabad,West Bengal,53,Active
O01208,Organization_1208,Company,Ahmedabad,Tamil Nadu,45,Active
O01209,Organization_1209,Company,Indore,Rajasthan,60,Active
O01210,Organization_1210,Company,Hyderabad,Maharashtra,27,Inactive
O01211,Organization_1211,Business,Ahmedabad,Rajasthan,23,Active
O01212,Organization_1212,NGO,Kolkata,Uttar Pradesh,83,Active
O01213,Organization_1213,NGO,Chennai,Madhya Pradesh,3,Active
O01214,Organization_1214,Company,Jaipur,Delhi,56,Under_Investigation
O01215,Organization_1215,Company,Surat,Madhya Pradesh,85,Active
O01216,Organization_1216,Company,Bhopal,Gujarat,62,Active
O01217,Organization_1217,Criminal_Group,Lucknow,Rajasthan,54,Active
O01218,Organization_1218,Company,Surat,Madhya Pradesh,76,Under_Investigation
O01219,Organization_1219,Business,Delhi,West Bengal,11,Active
O01220,Organization_1220,Company,Bengaluru,Madhya Pradesh,63,Active
O01221,Organization_1221,Company,Bengaluru,Madhya Pradesh,82,Active
O01222,Organization_1222,Business,Chennai,Rajasthan,74,Active
O01223,Organization_1223,Business,Jaipur,Madhya Pradesh,52,Active
O01224,Organization_1224,Company,Surat,Rajasthan,54,Under_Investigation
O01225,Organization_1225,Company,Bhopal,West Bengal,18,Active
O01226,Organization_1226,Company,Hyderabad,Maharashtra,8,Active
O01227,Organization_1227,Business,Nagpur,Rajasthan,78,Under_Investigation
O01228,Organization_1228,Business,Nagpur,Karnataka,86,Active
O01229,Organization_1229,Business,Kolkata,Gujarat,36,Active
O01230,Organization_1230,Criminal_Group,Nagpur,Karnataka,99,Under_Investigation
O01231,Organization_1231,Criminal_Group,Kolkata,Rajasthan,92,Active
O01232,Organization_1232,Criminal_Group,Indore,Madhya Pradesh,38,Inactive
O01233,Organization_1233,Company,Bengaluru,Delhi,71,Active
O01234,Organization_1234,NGO,Indore,Gujarat,41,Active
O01235,Organization_1235,Business,Nagpur,Karnataka,68,Inactive
O01236,Organization_1236,Company,Lucknow,Madhya Pradesh,28,Active
O01237,Organization_1237,Association,Bhopal,Uttar Pradesh,37,Active
O01238,Organization_1238,Association,Ahmedabad,Maharashtra,33,Active
O01239,Organization_1239,Criminal_Group,Delhi,West Bengal,86,Active
O01240,Organization_1240,Criminal_Group,Jaipur,West Bengal,49,Inactive
O01241,Organization_1241,Company,Surat,Telangana,15,Active
O01242,Organization_1242,Criminal_Group,Kolkata,Uttar Pradesh,17,Active
O01243,Organization_1243,Business,Ahmedabad,Delhi,44,Under_Investigation
O01244,Organization_1244,Association,Ahmedabad,Gujarat,39,Active
O01245,Organization_1245,Company,Pune,Delhi,26,Active
O01246,Organization_1246,Criminal_Group,Mumbai,Karnataka,3,Inactive
O01247,Organization_1247,Company,Lucknow,Tamil Nadu,31,Active
O01248,Organization_1248,Criminal_Group,Chennai,Tamil Nadu,70,Inactive
O01249,Organization_1249,NGO,Bhopal,Uttar Pradesh,81,Under_Investigation
O01250,Organization_1250,Company,Delhi,Telangana,18,Inactive
O01251,Organization_1251,Company,Chennai,Gujarat,66,Active
O01252,Organization_1252,Business,Hyderabad,Madhya Pradesh,25,Active
O01253,Organization_1253,Company,Nagpur,Maharashtra,92,Inactive
O01254,Organization_1254,Company,Kolkata,Telangana,77,Under_Investigation
O01255,Organization_1255,Association,Bhopal,Uttar Pradesh,78,Under_Investigation
O01256,Organization_1256,Company,Delhi,Delhi,60,Active
O01257,Organization_1257,Criminal_Group,Indore,Karnataka,16,Under_Investigation
O01258,Organization_1258,NGO,Rajkot,Karnataka,41,Active
O01259,Organization_1259,Company,Bhopal,Uttar Pradesh,35,Inactive
O01260,Organization_1260,Criminal_Group,Surat,Telangana,74,Active
O01261,Organization_1261,Criminal_Group,Pune,Delhi,29,Under_Investigation
O01262,Organization_1262,Company,Lucknow,Uttar Pradesh,19,Active
O01263,Organization_1263,Criminal_Group,Chennai,Madhya Pradesh,95,Active
O01264,Organization_1264,Business,Nagpur,Tamil Nadu,85,Active
O01265,Organization_1265,Company,Ahmedabad,Madhya Pradesh,86,Active
O01266,Organization_1266,Criminal_Group,Rajkot,Rajasthan,65,Active
O01267,Organization_1267,NGO,Hyderabad,Uttar Pradesh,22,Active
O01268,Organization_1268,Criminal_Group,Vadodara,Madhya Pradesh,69,Active
O01269,Organization_1269,Business,Bengaluru,Uttar Pradesh,86,Active
O01270,Organization_1270,NGO,Hyderabad,Maharashtra,61,Under_Investigation
O01271,Organization_1271,Company,Bengaluru,Maharashtra,24,Active
O01272,Organization_1272,Criminal_Group,Surat,West Bengal,45,Active
O01273,Organization_1273,Business,Pune,Rajasthan,49,Under_Investigation
O01274,Organization_1274,Company,Kolkata,Madhya Pradesh,89,Inactive
O01275,Organization_1275,Company,Jaipur,Uttar Pradesh,27,Active
O01276,Organization_1276,Business,Ahmedabad,Uttar Pradesh,40,Active
O01277,Organization_1277,Business,Vadodara,Gujarat,44,Active
O01278,Organization_1278,Business,Bhopal,Uttar Pradesh,9,Active
O01279,Organization_1279,Business,Ahmedabad,Karnataka,71,Active
O01280,Organization_1280,Criminal_Group,Nagpur,Tamil Nadu,84,Active
O01281,Organization_1281,Company,Ahmedabad,Uttar Pradesh,87,Active
O01282,Organization_1282,Business,Surat,Gujarat,56,Active
O01283,Organization_1283,Criminal_Group,Hyderabad,Telangana,7,Active
O01284,Organization_1284,Company,Nagpur,Karnataka,21,Active
O01285,Organization_1285,NGO,Chennai,West Bengal,98,Under_Investigation
O01286,Organization_1286,Company,Rajkot,Telangana,37,Active
O01287,Organization_1287,Business,Vadodara,West Bengal,13,Under_Investigation
O01288,Organization_1288,Association,Bengaluru,Gujarat,49,Active
O01289,Organization_1289,Criminal_Group,Jaipur,Karnataka,15,Active
O01290,Organization_1290,Company,Delhi,Madhya Pradesh,63,Active
O01291,Organization_1291,Criminal_Group,Bhopal,Uttar Pradesh,52,Active
O01292,Organization_1292,Criminal_Group,Rajkot,Karnataka,33,Active
O01293,Organization_1293,Criminal_Group,Bhopal,Karnataka,83,Active
O01294,Organization_1294,Criminal_Group,Delhi,Madhya Pradesh,100,Active
O01295,Organization_1295,Company,Ahmedabad,Gujarat,17,Under_Investigation
O01296,Organization_1296,NGO,Nagpur,Rajasthan,52,Inactive
O01297,Organization_1297,Criminal_Group,Delhi,Tamil Nadu,34,Active
O01298,Organization_1298,Business,Nagpur,Delhi,51,Active
O01299,Organization_1299,Criminal_Group,Surat,Tamil Nadu,50,Active
O01300,Organization_1300,NGO,Pune,Gujarat,90,Active
O01301,Organization_1301,Business,Delhi,Tamil Nadu,100,Under_Investigation
O01302,Organization_1302,Criminal_Group,Bengaluru,Uttar Pradesh,17,Active
O01303,Organization_1303,Business,Mumbai,Tamil Nadu,37,Under_Investigation
O01304,Organization_1304,Company,Rajkot,Uttar Pradesh,49,Active
O01305,Organization_1305,Company,Bhopal,West Bengal,67,Active
O01306,Organization_1306,NGO,Hyderabad,Madhya Pradesh,7,Active
O01307,Organization_1307,NGO,Jaipur,Uttar Pradesh,25,Active
O01308,Organization_1308,Business,Rajkot,Maharashtra,42,Under_Investigation
O01309,Organization_1309,Company,Vadodara,Delhi,49,Active
O01310,Organization_1310,NGO,Surat,West Bengal,52,Under_Investigation
O01311,Organization_1311,Business,Indore,Madhya Pradesh,18,Active
O01312,Organization_1312,Company,Kolkata,West Bengal,44,Active
O01313,Organization_1313,NGO,Bhopal,Delhi,78,Active
O01314,Organization_1314,NGO,Bengaluru,Madhya Pradesh,53,Active
O01315,Organization_1315,Business,Mumbai,Uttar Pradesh,83,Active
O01316,Organization_1316,NGO,Rajkot,Rajasthan,25,Active
O01317,Organization_1317,Company,Hyderabad,Gujarat,39,Active
O01318,Organization_1318,Criminal_Group,Ahmedabad,Rajasthan,9,Active
O01319,Organization_1319,Company,Bengaluru,Telangana,78,Active
O01320,Organization_1320,NGO,Delhi,West Bengal,68,Inactive
O01321,Organization_1321,Company,Rajkot,Delhi,77,Active
O01322,Organization_1322,NGO,Chennai,Karnataka,72,Active
O01323,Organization_1323,Criminal_Group,Lucknow,Gujarat,64,Active
O01324,Organization_1324,Criminal_Group,Lucknow,Uttar Pradesh,98,Active
O01325,Organization_1325,Criminal_Group,Ahmedabad,West Bengal,8,Active
O01326,Organization_1326,Criminal_Group,Pune,Madhya Pradesh,25,Active
O01327,Organization_1327,Company,Indore,Karnataka,72,Active
O01328,Organization_1328,Company,Lucknow,Telangana,8,Active
O01329,Organization_1329,Company,Rajkot,Tamil Nadu,77,Inactive
O01330,Organization_1330,Criminal_Group,Bhopal,Delhi,36,Active
O01331,Organization_1331,Association,Pune,Telangana,42,Active
O01332,Organization_1332,NGO,Nagpur,West Bengal,1,Active
O01333,Organization_1333,NGO,Nagpur,Maharashtra,70,Active
O01334,Organization_1334,Company,Mumbai,Madhya Pradesh,19,Active
O01335,Organization_1335,Association,Hyderabad,Karnataka,38,Under_Investigation
O01336,Organization_1336,Association,Lucknow,Tamil Nadu,47,Active
O01337,Organization_1337,NGO,Bengaluru,Madhya Pradesh,97,Active
O01338,Organization_1338,Company,Ahmedabad,Tamil Nadu,14,Under_Investigation
O01339,Organization_1339,Company,Chennai,Delhi,39,Active
O01340,Organization_1340,Criminal_Group,Bhopal,Uttar Pradesh,10,Inactive
O01341,Organization_1341,Business,Nagpur,Madhya Pradesh,1,Under_Investigation
O01342,Organization_1342,Company,Vadodara,Telangana,37,Inactive
O01343,Organization_1343,Criminal_Group,Jaipur,West Bengal,17,Active
O01344,Organization_1344,Business,Jaipur,Uttar Pradesh,2,Active
O01345,Organization_1345,Business,Lucknow,Telangana,61,Under_Investigation
O01346,Organization_1346,Criminal_Group,Chennai,Uttar Pradesh,11,Under_Investigation
O01347,Organization_1347,Company,Chennai,Uttar Pradesh,86,Active
O01348,Organization_1348,NGO,Vadodara,Madhya Pradesh,99,Under_Investigation
O01349,Organization_1349,Business,Vadodara,Telangana,15,Under_Investigation
O01350,Organization_1350,Criminal_Group,Surat,Gujarat,12,Active
O01351,Organization_1351,Business,Vadodara,Maharashtra,15,Active
O01352,Organization_1352,Business,Ahmedabad,Delhi,77,Active
O01353,Organization_1353,Business,Surat,Tamil Nadu,47,Inactive
O01354,Organization_1354,Company,Lucknow,West Bengal,36,Active
O01355,Organization_1355,Company,Jaipur,West Bengal,51,Active
O01356,Organization_1356,Company,Nagpur,Maharashtra,6,Under_Investigation
O01357,Organization_1357,Business,Delhi,Karnataka,59,Active
O01358,Organization_1358,NGO,Delhi,Madhya Pradesh,95,Active
O01359,Organization_1359,Criminal_Group,Mumbai,Rajasthan,19,Active
O01360,Organization_1360,Association,Delhi,Tamil Nadu,60,Under_Investigation
O01361,Organization_1361,Company,Hyderabad,Karnataka,96,Active
O01362,Organization_1362,NGO,Nagpur,Rajasthan,81,Active
O01363,Organization_1363,Company,Rajkot,Karnataka,53,Active
O01364,Organization_1364,Criminal_Group,Delhi,Madhya Pradesh,57,Active
O01365,Organization_1365,NGO,Bhopal,West Bengal,78,Active
O01366,Organization_1366,Criminal_Group,Mumbai,West Bengal,72,Active
O01367,Organization_1367,Company,Ahmedabad,Uttar Pradesh,96,Active
O01368,Organization_1368,Criminal_Group,Rajkot,Rajasthan,64,Active
O01369,Organization_1369,Criminal_Group,Ahmedabad,Maharashtra,57,Active
O01370,Organization_1370,Company,Mumbai,Telangana,28,Active
O01371,Organization_1371,NGO,Hyderabad,Madhya Pradesh,87,Active
O01372,Organization_1372,Business,Surat,West Bengal,65,Active
O01373,Organization_1373,Association,Nagpur,West Bengal,89,Active
O01374,Organization_1374,Association,Lucknow,Tamil Nadu,59,Active
O01375,Organization_1375,Company,Indore,Madhya Pradesh,24,Active
O01376,Organization_1376,NGO,Bengaluru,Uttar Pradesh,63,Active
O01377,Organization_1377,Criminal_Group,Ahmedabad,Karnataka,38,Under_Investigation
O01378,Organization_1378,Company,Nagpur,Telangana,36,Under_Investigation
O01379,Organization_1379,Company,Rajkot,Tamil Nadu,12,Inactive
O01380,Organization_1380,Company,Mumbai,Uttar Pradesh,73,Active
O01381,Organization_1381,Business,Nagpur,Rajasthan,78,Inactive
O01382,Organization_1382,Business,Jaipur,Telangana,16,Inactive
O01383,Organization_1383,Criminal_Group,Surat,Karnataka,48,Under_Investigation
O01384,Organization_1384,NGO,Lucknow,Rajasthan,22,Active
O01385,Organization_1385,Association,Jaipur,Gujarat,5,Active
O01386,Organization_1386,Company,Kolkata,Delhi,46,Inactive
O01387,Organization_1387,Association,Pune,Rajasthan,43,Inactive
O01388,Organization_1388,Business,Surat,Tamil Nadu,24,Under_Investigation
O01389,Organization_1389,NGO,Hyderabad,West Bengal,82,Inactive
O01390,Organization_1390,Business,Ahmedabad,Karnataka,70,Inactive
O01391,Organization_1391,Business,Delhi,Maharashtra,41,Active
O01392,Organization_1392,Company,Chennai,Uttar Pradesh,22,Active
O01393,Organization_1393,Company,Kolkata,Uttar Pradesh,37,Under_Investigation
O01394,Organization_1394,Company,Surat,Madhya Pradesh,19,Active
O01395,Organization_1395,Company,Vadodara,Telangana,11,Active
O01396,Organization_1396,Company,Chennai,Telangana,83,Inactive
O01397,Organization_1397,Company,Surat,Karnataka,39,Active
O01398,Organization_1398,Business,Bhopal,Maharashtra,31,Active
O01399,Organization_1399,Company,Pune,Maharashtra,59,Active
O01400,Organization_1400,NGO,Indore,Telangana,73,Active
O01401,Organization_1401,NGO,Pune,Delhi,48,Active
O01402,Organization_1402,Association,Lucknow,Gujarat,51,Inactive
O01403,Organization_1403,Business,Bengaluru,Rajasthan,58,Active
O01404,Organization_1404,Criminal_Group,Kolkata,Uttar Pradesh,10,Under_Investigation
O01405,Organization_1405,Criminal_Group,Hyderabad,Maharashtra,24,Active
O01406,Organization_1406,Criminal_Group,Hyderabad,Rajasthan,55,Active
O01407,Organization_1407,Business,Lucknow,Karnataka,79,Inactive
O01408,Organization_1408,Association,Indore,Rajasthan,84,Inactive
O01409,Organization_1409,Criminal_Group,Vadodara,Madhya Pradesh,100,Inactive
O01410,Organization_1410,Business,Indore,Tamil Nadu,91,Under_Investigation
O01411,Organization_1411,Criminal_Group,Rajkot,Tamil Nadu,5,Active
O01412,Organization_1412,Company,Indore,Madhya Pradesh,43,Inactive
O01413,Organization_1413,Association,Jaipur,Uttar Pradesh,72,Under_Investigation
O01414,Organization_1414,Company,Rajkot,Madhya Pradesh,80,Active
O01415,Organization_1415,NGO,Delhi,Karnataka,99,Under_Investigation
O01416,Organization_1416,Association,Ahmedabad,Gujarat,72,Inactive
O01417,Organization_1417,Criminal_Group,Hyderabad,Telangana,7,Active
O01418,Organization_1418,Criminal_Group,Rajkot,West Bengal,26,Active
O01419,Organization_1419,Company,Surat,Tamil Nadu,34,Active
O01420,Organization_1420,Criminal_Group,Lucknow,Madhya Pradesh,92,Inactive
O01421,Organization_1421,Criminal_Group,Pune,Madhya Pradesh,78,Active
O01422,Organization_1422,Company,Chennai,Rajasthan,56,Inactive
O01423,Organization_1423,Criminal_Group,Hyderabad,Karnataka,44,Inactive
O01424,Organization_1424,Criminal_Group,Nagpur,Karnataka,8,Active
O01425,Organization_1425,Business,Mumbai,Maharashtra,5,Active
O01426,Organization_1426,NGO,Ahmedabad,Uttar Pradesh,56,Under_Investigation
O01427,Organization_1427,Business,Jaipur,Gujarat,21,Active
O01428,Organization_1428,Business,Rajkot,Gujarat,97,Active
O01429,Organization_1429,Business,Chennai,Gujarat,87,Under_Investigation
O01430,Organization_1430,NGO,Mumbai,Karnataka,31,Under_Investigation
O01431,Organization_1431,Company,Surat,Tamil Nadu,23,Active
O01432,Organization_1432,Company,Bengaluru,West Bengal,59,Active
O01433,Organization_1433,Business,Bhopal,Madhya Pradesh,55,Under_Investigation
O01434,Organization_1434,Business,Surat,Karnataka,52,Active
O01435,Organization_1435,Association,Delhi,Madhya Pradesh,50,Inactive
O01436,Organization_1436,Company,Indore,West Bengal,86,Active
O01437,Organization_1437,Association,Hyderabad,Karnataka,45,Active
O01438,Organization_1438,NGO,Hyderabad,Tamil Nadu,78,Inactive
O01439,Organization_1439,NGO,Vadodara,Madhya Pradesh,52,Active
O01440,Organization_1440,Criminal_Group,Bengaluru,Madhya Pradesh,14,Under_Investigation
O01441,Organization_1441,NGO,Jaipur,Karnataka,67,Inactive
O01442,Organization_1442,Criminal_Group,Indore,Madhya Pradesh,36,Active
O01443,Organization_1443,NGO,Indore,Karnataka,98,Active
O01444,Organization_1444,Criminal_Group,Indore,Tamil Nadu,57,Active
O01445,Organization_1445,NGO,Rajkot,Uttar Pradesh,11,Active
O01446,Organization_1446,Association,Surat,Telangana,9,Active
O01447,Organization_1447,Company,Chennai,Delhi,82,Active
O01448,Organization_1448,Association,Lucknow,West Bengal,99,Active
O01449,Organization_1449,Business,Chennai,Tamil Nadu,35,Active
O01450,Organization_1450,NGO,Vadodara,Karnataka,63,Active
O01451,Organization_1451,NGO,Nagpur,Uttar Pradesh,17,Active
O01452,Organization_1452,NGO,Pune,West Bengal,26,Inactive
O01453,Organization_1453,Company,Ahmedabad,Tamil Nadu,95,Under_Investigation
O01454,Organization_1454,Company,Indore,Tamil Nadu,100,Active
O01455,Organization_1455,NGO,Surat,West Bengal,62,Under_Investigation
O01456,Organization_1456,NGO,Pune,Rajasthan,62,Active
O01457,Organization_1457,Company,Nagpur,Maharashtra,75,Under_Investigation
O01458,Organization_1458,Company,Ahmedabad,Delhi,54,Inactive
O01459,Organization_1459,Association,Vadodara,Rajasthan,67,Under_Investigation
O01460,Organization_1460,Business,Bhopal,Uttar Pradesh,70,Active
O01461,Organization_1461,Criminal_Group,Mumbai,Delhi,12,Under_Investigation
O01462,Organization_1462,NGO,Hyderabad,Maharashtra,74,Active
O01463,Organization_1463,Company,Indore,Gujarat,92,Active
O01464,Organization_1464,Criminal_Group,Bengaluru,Delhi,35,Active
O01465,Organization_1465,Criminal_Group,Lucknow,Gujarat,81,Active
O01466,Organization_1466,NGO,Ahmedabad,Gujarat,18,Inactive
O01467,Organization_1467,Business,Surat,Madhya Pradesh,69,Active
O01468,Organization_1468,NGO,Delhi,Gujarat,80,Active
O01469,Organization_1469,Company,Pune,Gujarat,18,Active
O01470,Organization_1470,Criminal_Group,Pune,Tamil Nadu,73,Active
O01471,Organization_1471,Criminal_Group,Ahmedabad,Delhi,69,Active
O01472,Organization_1472,Association,Vadodara,West Bengal,100,Inactive
O01473,Organization_1473,Criminal_Group,Hyderabad,West Bengal,34,Active
O01474,Organization_1474,Business,Hyderabad,Karnataka,80,Active
O01475,Organization_1475,Association,Chennai,Delhi,74,Active
O01476,Organization_1476,NGO,Nagpur,Delhi,64,Active
O01477,Organization_1477,Association,Indore,Delhi,35,Active
O01478,Organization_1478,Criminal_Group,Delhi,Delhi,68,Active
O01479,Organization_1479,NGO,Rajkot,Madhya Pradesh,33,Active
O01480,Organization_1480,Criminal_Group,Chennai,Rajasthan,47,Active
O01481,Organization_1481,NGO,Jaipur,Tamil Nadu,11,Active
O01482,Organization_1482,Business,Rajkot,Rajasthan,76,Active
O01483,Organization_1483,NGO,Nagpur,Tamil Nadu,3,Under_Investigation
O01484,Organization_1484,Criminal_Group,Bengaluru,Uttar Pradesh,56,Active
O01485,Organization_1485,NGO,Mumbai,Tamil Nadu,42,Inactive
O01486,Organization_1486,Criminal_Group,Rajkot,Delhi,26,Under_Investigation
O01487,Organization_1487,Association,Pune,Delhi,61,Active
O01488,Organization_1488,Company,Surat,Tamil Nadu,24,Active
O01489,Organization_1489,NGO,Chennai,Gujarat,4,Active
O01490,Organization_1490,Criminal_Group,Rajkot,West Bengal,11,Active
O01491,Organization_1491,Business,Vadodara,Karnataka,44,Active
O01492,Organization_1492,NGO,Bengaluru,Uttar Pradesh,77,Under_Investigation
O01493,Organization_1493,Business,Delhi,Uttar Pradesh,83,Active
O01494,Organization_1494,NGO,Ahmedabad,Uttar Pradesh,16,Active
O01495,Organization_1495,Criminal_Group,Nagpur,Uttar Pradesh,12,Active
O01496,Organization_1496,Business,Kolkata,Gujarat,98,Active
O01497,Organization_1497,Criminal_Group,Nagpur,Madhya Pradesh,39,Active
O01498,Organization_1498,Company,Nagpur,Delhi,63,Active
O01499,Organization_1499,Company,Pune,Tamil Nadu,84,Active
O01500,Organization_1500,Business,Hyderabad,Madhya Pradesh,2,Active
O01501,Organization_1501,Criminal_Group,Vadodara,Uttar Pradesh,48,Active
O01502,Organization_1502,Criminal_Group,Jaipur,West Bengal,38,Active
O01503,Organization_1503,NGO,Chennai,Maharashtra,80,Inactive
O01504,Organization_1504,Criminal_Group,Bhopal,Maharashtra,25,Active
O01505,Organization_1505,Company,Jaipur,Karnataka,49,Inactive
O01506,Organization_1506,Company,Jaipur,Maharashtra,3,Active
O01507,Organization_1507,Business,Indore,Madhya Pradesh,78,Active
O01508,Organization_1508,Association,Lucknow,Tamil Nadu,11,Active
O01509,Organization_1509,Company,Delhi,Madhya Pradesh,7,Active
O01510,Organization_1510,Business,Rajkot,Karnataka,79,Active
O01511,Organization_1511,Association,Hyderabad,Tamil Nadu,29,Under_Investigation
O01512,Organization_1512,Company,Mumbai,Delhi,52,Active
O01513,Organization_1513,Company,Jaipur,Telangana,65,Active
O01514,Organization_1514,NGO,Lucknow,Karnataka,79,Under_Investigation
O01515,Organization_1515,Criminal_Group,Rajkot,Rajasthan,28,Active
O01516,Organization_1516,Criminal_Group,Kolkata,Uttar Pradesh,96,Inactive
O01517,Organization_1517,NGO,Ahmedabad,Uttar Pradesh,58,Active
O01518,Organization_1518,Business,Nagpur,Uttar Pradesh,28,Active
O01519,Organization_1519,Business,Delhi,Telangana,10,Active
O01520,Organization_1520,Criminal_Group,Ahmedabad,Karnataka,7,Under_Investigation
O01521,Organization_1521,Company,Chennai,Madhya Pradesh,38,Inactive
O01522,Organization_1522,Association,Kolkata,Delhi,27,Inactive
O01523,Organization_1523,Company,Rajkot,Telangana,81,Active
O01524,Organization_1524,Company,Ahmedabad,Karnataka,77,Active
O01525,Organization_1525,Criminal_Group,Pune,West Bengal,24,Active
O01526,Organization_1526,Association,Bhopal,Karnataka,85,Active
O01527,Organization_1527,Criminal_Group,Ahmedabad,Telangana,58,Under_Investigation
O01528,Organization_1528,Business,Jaipur,Uttar Pradesh,16,Active
O01529,Organization_1529,Business,Ahmedabad,Karnataka,89,Active
O01530,Organization_1530,Association,Jaipur,Maharashtra,7,Active
O01531,Organization_1531,Company,Bhopal,Karnataka,66,Inactive
O01532,Organization_1532,Business,Hyderabad,Karnataka,21,Active
O01533,Organization_1533,Company,Pune,Madhya Pradesh,62,Active
O01534,Organization_1534,Company,Indore,Karnataka,1,Active
O01535,Organization_1535,Criminal_Group,Nagpur,Maharashtra,64,Active
O01536,Organization_1536,Company,Hyderabad,Maharashtra,86,Active
O01537,Organization_1537,Criminal_Group,Rajkot,Karnataka,69,Active
O01538,Organization_1538,Criminal_Group,Vadodara,Karnataka,29,Active
O01539,Organization_1539,Association,Delhi,Telangana,42,Active
O01540,Organization_1540,Association,Pune,Tamil Nadu,3,Active
O01541,Organization_1541,Company,Hyderabad,Telangana,95,Active
O01542,Organization_1542,NGO,Indore,Uttar Pradesh,69,Active
O01543,Organization_1543,Criminal_Group,Chennai,Tamil Nadu,46,Inactive
O01544,Organization_1544,Association,Bhopal,West Bengal,44,Active
O01545,Organization_1545,Association,Kolkata,Tamil Nadu,36,Active
O01546,Organization_1546,Company,Delhi,Rajasthan,44,Active
O01547,Organization_1547,Association,Bhopal,Telangana,68,Inactive
O01548,Organization_1548,NGO,Bhopal,Rajasthan,100,Active
O01549,Organization_1549,Association,Vadodara,Tamil Nadu,86,Inactive
O01550,Organization_1550,Business,Vadodara,Maharashtra,35,Active
O01551,Organization_1551,Criminal_Group,Rajkot,Maharashtra,35,Active
O01552,Organization_1552,Company,Bengaluru,Delhi,26,Under_Investigation
O01553,Organization_1553,Business,Kolkata,Uttar Pradesh,93,Under_Investigation
O01554,Organization_1554,Association,Hyderabad,Karnataka,6,Active
O01555,Organization_1555,Association,Vadodara,Karnataka,59,Inactive
O01556,Organization_1556,Company,Chennai,West Bengal,46,Active
O01557,Organization_1557,Business,Bhopal,West Bengal,7,Inactive
O01558,Organization_1558,NGO,Kolkata,Madhya Pradesh,61,Active
O01559,Organization_1559,Association,Bhopal,Rajasthan,56,Active
O01560,Organization_1560,Company,Delhi,West Bengal,100,Active
O01561,Organization_1561,Company,Nagpur,Delhi,99,Under_Investigation
O01562,Organization_1562,Criminal_Group,Delhi,Delhi,31,Under_Investigation
O01563,Organization_1563,Company,Kolkata,Tamil Nadu,33,Active
O01564,Organization_1564,Company,Chennai,Karnataka,3,Active
O01565,Organization_1565,Business,Vadodara,Rajasthan,6,Active
O01566,Organization_1566,Criminal_Group,Bhopal,West Bengal,64,Active
O01567,Organization_1567,Association,Indore,Madhya Pradesh,80,Active
O01568,Organization_1568,Business,Kolkata,Maharashtra,6,Inactive
O01569,Organization_1569,Company,Hyderabad,Delhi,83,Active
O01570,Organization_1570,Company,Jaipur,Madhya Pradesh,10,Active
O01571,Organization_1571,Company,Indore,Karnataka,67,Active
O01572,Organization_1572,Company,Pune,Delhi,12,Active
O01573,Organization_1573,NGO,Mumbai,Telangana,4,Active
O01574,Organization_1574,Business,Ahmedabad,Tamil Nadu,8,Active
O01575,Organization_1575,Criminal_Group,Bhopal,Telangana,43,Active
O01576,Organization_1576,Criminal_Group,Mumbai,Tamil Nadu,8,Active
O01577,Organization_1577,Company,Hyderabad,Delhi,55,Active
O01578,Organization_1578,Criminal_Group,Mumbai,Delhi,49,Active
O01579,Organization_1579,Company,Chennai,Rajasthan,73,Under_Investigation
O01580,Organization_1580,NGO,Surat,Tamil Nadu,69,Active
O01581,Organization_1581,Company,Lucknow,West Bengal,23,Under_Investigation
O01582,Organization_1582,NGO,Kolkata,Uttar Pradesh,77,Under_Investigation
O01583,Organization_1583,Company,Mumbai,Rajasthan,55,Active
O01584,Organization_1584,Criminal_Group,Surat,Uttar Pradesh,81,Active
O01585,Organization_1585,NGO,Surat,Maharashtra,31,Active
O01586,Organization_1586,Company,Vadodara,Telangana,49,Under_Investigation
O01587,Organization_1587,Company,Bengaluru,Karnataka,81,Under_Investigation
O01588,Organization_1588,Association,Lucknow,West Bengal,48,Active
O01589,Organization_1589,Criminal_Group,Vadodara,Maharashtra,56,Active
O01590,Organization_1590,Company,Nagpur,Gujarat,89,Active
O01591,Organization_1591,Business,Indore,Telangana,88,Under_Investigation
O01592,Organization_1592,Company,Indore,Telangana,18,Active
O01593,Organization_1593,Company,Chennai,West Bengal,91,Inactive
O01594,Organization_1594,Company,Delhi,Madhya Pradesh,25,Under_Investigation
O01595,Organization_1595,Criminal_Group,Vadodara,Delhi,11,Active
O01596,Organization_1596,Company,Nagpur,Maharashtra,81,Active
O01597,Organization_1597,Company,Delhi,Tamil Nadu,5,Under_Investigation
O01598,Organization_1598,NGO,Hyderabad,West Bengal,28,Active
O01599,Organization_1599,Company,Vadodara,Telangana,25,Active
O01600,Organization_1600,NGO,Pune,Maharashtra,26,Active
O01601,Organization_1601,Criminal_Group,Hyderabad,Uttar Pradesh,98,Under_Investigation
O01602,Organization_1602,Criminal_Group,Vadodara,Uttar Pradesh,22,Active
O01603,Organization_1603,Business,Rajkot,Madhya Pradesh,18,Active
O01604,Organization_1604,NGO,Kolkata,Telangana,32,Active
O01605,Organization_1605,Company,Rajkot,Maharashtra,28,Active
O01606,Organization_1606,Business,Rajkot,West Bengal,39,Under_Investigation
O01607,Organization_1607,Criminal_Group,Kolkata,Delhi,27,Inactive
O01608,Organization_1608,Company,Kolkata,Tamil Nadu,4,Active
O01609,Organization_1609,Business,Jaipur,West Bengal,26,Active
O01610,Organization_1610,Business,Mumbai,Telangana,73,Active
O01611,Organization_1611,Criminal_Group,Pune,Maharashtra,86,Under_Investigation
O01612,Organization_1612,Association,Kolkata,Telangana,11,Active
O01613,Organization_1613,Company,Nagpur,Maharashtra,1,Inactive
O01614,Organization_1614,Association,Rajkot,Tamil Nadu,85,Active
O01615,Organization_1615,Company,Lucknow,Karnataka,78,Active
O01616,Organization_1616,NGO,Pune,West Bengal,52,Inactive
O01617,Organization_1617,Association,Ahmedabad,Delhi,72,Active
O01618,Organization_1618,Business,Delhi,Maharashtra,11,Under_Investigation
O01619,Organization_1619,Business,Surat,Delhi,31,Active
O01620,Organization_1620,Company,Mumbai,Telangana,10,Inactive
O01621,Organization_1621,Business,Hyderabad,West Bengal,40,Active
O01622,Organization_1622,NGO,Rajkot,Gujarat,73,Inactive
O01623,Organization_1623,NGO,Indore,Gujarat,9,Under_Investigation
O01624,Organization_1624,Criminal_Group,Mumbai,Tamil Nadu,39,Active
O01625,Organization_1625,Business,Rajkot,Delhi,22,Under_Investigation
O01626,Organization_1626,Criminal_Group,Ahmedabad,Karnataka,29,Active
O01627,Organization_1627,Company,Indore,Rajasthan,58,Inactive
O01628,Organization_1628,Company,Rajkot,Telangana,98,Inactive
O01629,Organization_1629,Criminal_Group,Rajkot,Gujarat,31,Inactive
O01630,Organization_1630,Company,Nagpur,Uttar Pradesh,20,Active
O01631,Organization_1631,Association,Delhi,Madhya Pradesh,48,Active
O01632,Organization_1632,Criminal_Group,Lucknow,Delhi,1,Active
O01633,Organization_1633,Business,Ahmedabad,West Bengal,87,Active
O01634,Organization_1634,Business,Ahmedabad,Delhi,15,Active
O01635,Organization_1635,Criminal_Group,Pune,West Bengal,72,Active
O01636,Organization_1636,Business,Bengaluru,Madhya Pradesh,74,Active
O01637,Organization_1637,NGO,Bhopal,Tamil Nadu,46,Under_Investigation
O01638,Organization_1638,Association,Jaipur,Gujarat,86,Inactive
O01639,Organization_1639,NGO,Lucknow,Delhi,89,Active
O01640,Organization_1640,Criminal_Group,Rajkot,Telangana,17,Active
O01641,Organization_1641,Criminal_Group,Pune,Tamil Nadu,88,Inactive
O01642,Organization_1642,Criminal_Group,Delhi,Maharashtra,92,Active
O01643,Organization_1643,Company,Kolkata,West Bengal,23,Active
O01644,Organization_1644,Association,Delhi,Maharashtra,46,Active
O01645,Organization_1645,Association,Rajkot,Tamil Nadu,72,Under_Investigation
O01646,Organization_1646,Business,Chennai,Delhi,2,Inactive
O01647,Organization_1647,Criminal_Group,Lucknow,Maharashtra,88,Active
O01648,Organization_1648,Company,Pune,Karnataka,46,Active
O01649,Organization_1649,NGO,Nagpur,Delhi,21,Inactive
O01650,Organization_1650,Business,Indore,West Bengal,20,Active
O01651,Organization_1651,Company,Rajkot,Maharashtra,66,Under_Investigation
O01652,Organization_1652,Criminal_Group,Mumbai,Madhya Pradesh,53,Active
O01653,Organization_1653,NGO,Indore,Karnataka,7,Active
O01654,Organization_1654,Criminal_Group,Mumbai,Telangana,44,Active
O01655,Organization_1655,Association,Kolkata,Telangana,70,Under_Investigation
O01656,Organization_1656,Criminal_Group,Hyderabad,Gujarat,76,Active
O01657,Organization_1657,Company,Hyderabad,Maharashtra,1,Active
O01658,Organization_1658,Company,Hyderabad,Gujarat,4,Active
O01659,Organization_1659,NGO,Pune,Madhya Pradesh,34,Under_Investigation
O01660,Organization_1660,Company,Hyderabad,Tamil Nadu,24,Active
O01661,Organization_1661,Association,Jaipur,West Bengal,25,Under_Investigation
O01662,Organization_1662,Criminal_Group,Rajkot,West Bengal,53,Inactive
O01663,Organization_1663,Business,Jaipur,Rajasthan,80,Active
O01664,Organization_1664,NGO,Pune,Delhi,98,Under_Investigation
O01665,Organization_1665,Company,Chennai,West Bengal,76,Active
O01666,Organization_1666,Company,Bhopal,Karnataka,7,Active
O01667,Organization_1667,Criminal_Group,Delhi,Telangana,100,Under_Investigation
O01668,Organization_1668,NGO,Pune,Delhi,97,Active
O01669,Organization_1669,Criminal_Group,Nagpur,Maharashtra,85,Active
O01670,Organization_1670,Business,Bhopal,Maharashtra,97,Active
O01671,Organization_1671,Business,Ahmedabad,Maharashtra,47,Active
O01672,Organization_1672,Criminal_Group,Mumbai,Uttar Pradesh,19,Active
O01673,Organization_1673,Business,Bhopal,Rajasthan,17,Active
O01674,Organization_1674,Business,Ahmedabad,Maharashtra,66,Active
O01675,Organization_1675,Business,Lucknow,Tamil Nadu,99,Active
O01676,Organization_1676,Company,Ahmedabad,Maharashtra,68,Active
O01677,Organization_1677,Business,Ahmedabad,Madhya Pradesh,75,Active
O01678,Organization_1678,Criminal_Group,Lucknow,Maharashtra,32,Active
O01679,Organization_1679,Association,Lucknow,Delhi,20,Active
O01680,Organization_1680,NGO,Vadodara,Karnataka,2,Active
O01681,Organization_1681,NGO,Pune,Uttar Pradesh,33,Active
O01682,Organization_1682,Company,Indore,Delhi,12,Active
O01683,Organization_1683,NGO,Kolkata,Telangana,62,Active
O01684,Organization_1684,Criminal_Group,Kolkata,Rajasthan,16,Active
O01685,Organization_1685,NGO,Bengaluru,Uttar Pradesh,36,Inactive
O01686,Organization_1686,Criminal_Group,Vadodara,Uttar Pradesh,26,Active
O01687,Organization_1687,Business,Indore,Telangana,56,Active
O01688,Organization_1688,Company,Lucknow,Telangana,57,Active
O01689,Organization_1689,Company,Kolkata,Delhi,45,Active
O01690,Organization_1690,Company,Delhi,Karnataka,73,Inactive
O01691,Organization_1691,Criminal_Group,Pune,Tamil Nadu,4,Active
O01692,Organization_1692,Business,Chennai,Telangana,26,Active
O01693,Organization_1693,Business,Surat,Karnataka,46,Active
O01694,Organization_1694,Company,Delhi,Maharashtra,14,Inactive
O01695,Organization_1695,Company,Lucknow,West Bengal,90,Active
O01696,Organization_1696,NGO,Mumbai,Telangana,3,Active
O01697,Organization_1697,Criminal_Group,Surat,Telangana,62,Under_Investigation
O01698,Organization_1698,Business,Surat,Gujarat,81,Active
O01699,Organization_1699,NGO,Bhopal,Telangana,50,Inactive
O01700,Organization_1700,Criminal_Group,Chennai,Uttar Pradesh,74,Under_Investigation
O01701,Organization_1701,Criminal_Group,Kolkata,Telangana,50,Active
O01702,Organization_1702,Company,Delhi,Gujarat,82,Active
O01703,Organization_1703,Company,Surat,Madhya Pradesh,19,Active
O01704,Organization_1704,Business,Kolkata,Madhya Pradesh,60,Active
O01705,Organization_1705,Company,Nagpur,Gujarat,63,Active
O01706,Organization_1706,Business,Bhopal,West Bengal,64,Active
O01707,Organization_1707,Company,Mumbai,Gujarat,29,Active
O01708,Organization_1708,NGO,Bengaluru,Telangana,78,Active
O01709,Organization_1709,Company,Bengaluru,Karnataka,25,Active
O01710,Organization_1710,Company,Bengaluru,Rajasthan,6,Inactive
O01711,Organization_1711,Business,Hyderabad,Telangana,50,Inactive
O01712,Organization_1712,Association,Lucknow,Uttar Pradesh,15,Under_Investigation
O01713,Organization_1713,Criminal_Group,Delhi,Telangana,14,Under_Investigation
O01714,Organization_1714,Criminal_Group,Vadodara,West Bengal,55,Active
O01715,Organization_1715,Company,Jaipur,Rajasthan,53,Active
O01716,Organization_1716,Company,Mumbai,Maharashtra,16,Active
O01717,Organization_1717,Company,Indore,Gujarat,13,Inactive
O01718,Organization_1718,Business,Nagpur,Karnataka,41,Active
O01719,Organization_1719,Business,Chennai,Madhya Pradesh,97,Under_Investigation
O01720,Organization_1720,Criminal_Group,Mumbai,Madhya Pradesh,49,Active
O01721,Organization_1721,Criminal_Group,Surat,Tamil Nadu,39,Active
O01722,Organization_1722,Company,Lucknow,Rajasthan,89,Active
O01723,Organization_1723,Business,Bhopal,Gujarat,33,Active
O01724,Organization_1724,Company,Kolkata,Tamil Nadu,23,Under_Investigation
O01725,Organization_1725,Criminal_Group,Jaipur,Tamil Nadu,2,Active
O01726,Organization_1726,Criminal_Group,Bengaluru,Maharashtra,52,Active
O01727,Organization_1727,Company,Ahmedabad,Telangana,57,Under_Investigation
O01728,Organization_1728,Association,Mumbai,Karnataka,16,Active
O01729,Organization_1729,NGO,Hyderabad,Delhi,33,Active
O01730,Organization_1730,Business,Chennai,Karnataka,8,Inactive
O01731,Organization_1731,Criminal_Group,Hyderabad,Uttar Pradesh,37,Active
O01732,Organization_1732,Company,Chennai,Telangana,75,Active
O01733,Organization_1733,Company,Bhopal,Maharashtra,29,Active
O01734,Organization_1734,Business,Bengaluru,Gujarat,29,Inactive
O01735,Organization_1735,Criminal_Group,Mumbai,Karnataka,73,Active
O01736,Organization_1736,Criminal_Group,Rajkot,Tamil Nadu,17,Under_Investigation
O01737,Organization_1737,Business,Jaipur,West Bengal,17,Active
O01738,Organization_1738,Association,Jaipur,Uttar Pradesh,22,Active
O01739,Organization_1739,Company,Jaipur,Gujarat,66,Active
O01740,Organization_1740,Association,Jaipur,Maharashtra,6,Active
O01741,Organization_1741,Company,Kolkata,Delhi,39,Active
O01742,Organization_1742,Business,Lucknow,Tamil Nadu,66,Under_Investigation
O01743,Organization_1743,Criminal_Group,Nagpur,Uttar Pradesh,13,Active
O01744,Organization_1744,Criminal_Group,Pune,Tamil Nadu,96,Under_Investigation
O01745,Organization_1745,Company,Bhopal,Karnataka,84,Active
O01746,Organization_1746,Business,Mumbai,Maharashtra,87,Under_Investigation
O01747,Organization_1747,Business,Vadodara,Delhi,93,Active
O01748,Organization_1748,Association,Hyderabad,Karnataka,85,Active
O01749,Organization_1749,Business,Bhopal,Tamil Nadu,87,Active
O01750,Organization_1750,Company,Ahmedabad,Madhya Pradesh,2,Inactive
O01751,Organization_1751,Criminal_Group,Nagpur,Telangana,79,Active
O01752,Organization_1752,Criminal_Group,Chennai,Uttar Pradesh,70,Active
O01753,Organization_1753,Criminal_Group,Rajkot,Madhya Pradesh,89,Active
O01754,Organization_1754,Company,Indore,Gujarat,13,Under_Investigation
O01755,Organization_1755,Criminal_Group,Bhopal,Tamil Nadu,94,Active
O01756,Organization_1756,Business,Jaipur,Rajasthan,94,Active
O01757,Organization_1757,Company,Jaipur,Gujarat,36,Active
O01758,Organization_1758,Business,Bengaluru,Tamil Nadu,74,Active
O01759,Organization_1759,Criminal_Group,Indore,Gujarat,31,Inactive
O01760,Organization_1760,Association,Rajkot,Madhya Pradesh,46,Inactive
O01761,Organization_1761,Company,Surat,Karnataka,51,Under_Investigation
O01762,Organization_1762,Company,Chennai,Madhya Pradesh,13,Active
O01763,Organization_1763,Business,Surat,Karnataka,89,Active
O01764,Organization_1764,Company,Vadodara,West Bengal,74,Active
O01765,Organization_1765,Company,Kolkata,Telangana,51,Active
O01766,Organization_1766,NGO,Indore,Madhya Pradesh,26,Active
O01767,Organization_1767,Company,Chennai,West Bengal,85,Active
O01768,Organization_1768,Company,Lucknow,Uttar Pradesh,10,Inactive
O01769,Organization_1769,Criminal_Group,Surat,Telangana,8,Inactive
O01770,Organization_1770,NGO,Hyderabad,Karnataka,99,Active
O01771,Organization_1771,Business,Bhopal,Telangana,70,Active
O01772,Organization_1772,Association,Indore,West Bengal,31,Inactive
O01773,Organization_1773,Company,Rajkot,Rajasthan,42,Inactive
O01774,Organization_1774,Company,Nagpur,Rajasthan,52,Active
O01775,Organization_1775,Company,Bengaluru,Uttar Pradesh,23,Active
O01776,Organization_1776,NGO,Chennai,Madhya Pradesh,32,Active
O01777,Organization_1777,Company,Rajkot,Madhya Pradesh,6,Active
O01778,Organization_1778,Company,Delhi,Madhya Pradesh,37,Active
O01779,Organization_1779,Association,Jaipur,Maharashtra,78,Active
O01780,Organization_1780,Company,Ahmedabad,Telangana,16,Active
O01781,Organization_1781,NGO,Vadodara,Delhi,52,Active
O01782,Organization_1782,Company,Mumbai,Telangana,94,Inactive
O01783,Organization_1783,Company,Hyderabad,Madhya Pradesh,78,Active
O01784,Organization_1784,NGO,Rajkot,Gujarat,8,Inactive
O01785,Organization_1785,Company,Vadodara,Telangana,20,Active
O01786,Organization_1786,Company,Surat,Telangana,10,Active
O01787,Organization_1787,NGO,Pune,Telangana,12,Active
O01788,Organization_1788,Criminal_Group,Surat,Maharashtra,58,Active
O01789,Organization_1789,Company,Kolkata,Karnataka,95,Under_Investigation
O01790,Organization_1790,NGO,Bengaluru,Karnataka,61,Active
O01791,Organization_1791,NGO,Indore,Rajasthan,5,Under_Investigation
O01792,Organization_1792,Criminal_Group,Vadodara,West Bengal,3,Active
O01793,Organization_1793,Company,Bengaluru,Tamil Nadu,55,Active
O01794,Organization_1794,Company,Bhopal,Rajasthan,74,Active
O01795,Organization_1795,Company,Lucknow,Rajasthan,41,Inactive
O01796,Organization_1796,Business,Ahmedabad,Rajasthan,36,Active
O01797,Organization_1797,Company,Vadodara,West Bengal,26,Under_Investigation
O01798,Organization_1798,Criminal_Group,Rajkot,West Bengal,14,Under_Investigation
O01799,Organization_1799,Criminal_Group,Kolkata,Maharashtra,55,Under_Investigation
O01800,Organization_1800,Company,Rajkot,Telangana,22,Inactive
O01801,Organization_1801,Criminal_Group,Rajkot,Uttar Pradesh,93,Active
O01802,Organization_1802,Criminal_Group,Lucknow,Maharashtra,5,Active
O01803,Organization_1803,Criminal_Group,Ahmedabad,Delhi,41,Active
O01804,Organization_1804,Criminal_Group,Jaipur,Maharashtra,52,Active
O01805,Organization_1805,NGO,Nagpur,Maharashtra,43,Active
O01806,Organization_1806,Company,Rajkot,Rajasthan,72,Active
O01807,Organization_1807,Company,Kolkata,Madhya Pradesh,98,Active
O01808,Organization_1808,Company,Bhopal,West Bengal,73,Active
O01809,Organization_1809,Criminal_Group,Hyderabad,Rajasthan,11,Active
O01810,Organization_1810,NGO,Lucknow,West Bengal,35,Active
O01811,Organization_1811,Criminal_Group,Pune,Gujarat,53,Inactive
O01812,Organization_1812,Business,Pune,West Bengal,63,Active
O01813,Organization_1813,NGO,Ahmedabad,Karnataka,95,Active
O01814,Organization_1814,NGO,Jaipur,Tamil Nadu,85,Active
O01815,Organization_1815,Business,Jaipur,Rajasthan,24,Active
O01816,Organization_1816,Criminal_Group,Indore,Telangana,14,Active
O01817,Organization_1817,Criminal_Group,Kolkata,Gujarat,29,Active
O01818,Organization_1818,Company,Bengaluru,Tamil Nadu,39,Active
O01819,Organization_1819,Company,Mumbai,West Bengal,98,Under_Investigation
O01820,Organization_1820,Criminal_Group,Kolkata,Uttar Pradesh,54,Active
O01821,Organization_1821,NGO,Nagpur,Telangana,91,Active
O01822,Organization_1822,NGO,Bhopal,Karnataka,14,Active
O01823,Organization_1823,Criminal_Group,Mumbai,Uttar Pradesh,12,Active
O01824,Organization_1824,Criminal_Group,Jaipur,Gujarat,8,Inactive
O01825,Organization_1825,Company,Indore,Karnataka,52,Active
O01826,Organization_1826,NGO,Chennai,Uttar Pradesh,41,Under_Investigation
O01827,Organization_1827,Business,Ahmedabad,Delhi,83,Active
O01828,Organization_1828,Company,Lucknow,West Bengal,37,Active
O01829,Organization_1829,Company,Delhi,Maharashtra,74,Active
O01830,Organization_1830,Association,Bhopal,Delhi,51,Active
O01831,Organization_1831,Company,Chennai,Delhi,96,Active
O01832,Organization_1832,Association,Hyderabad,Tamil Nadu,100,Under_Investigation
O01833,Organization_1833,Company,Kolkata,Delhi,5,Active
O01834,Organization_1834,Association,Pune,Uttar Pradesh,89,Inactive
O01835,Organization_1835,Company,Bengaluru,Uttar Pradesh,84,Inactive
O01836,Organization_1836,Criminal_Group,Bengaluru,Maharashtra,53,Inactive
O01837,Organization_1837,Business,Pune,Maharashtra,83,Active
O01838,Organization_1838,NGO,Bengaluru,Delhi,59,Active
O01839,Organization_1839,Criminal_Group,Pune,West Bengal,7,Active
O01840,Organization_1840,Company,Rajkot,Delhi,88,Active
O01841,Organization_1841,Business,Bengaluru,Tamil Nadu,48,Inactive
O01842,Organization_1842,Company,Mumbai,Gujarat,80,Active
O01843,Organization_1843,NGO,Nagpur,Delhi,27,Active
O01844,Organization_1844,Business,Delhi,Rajasthan,71,Inactive
O01845,Organization_1845,Business,Hyderabad,Tamil Nadu,87,Active
O01846,Organization_1846,Company,Hyderabad,Delhi,63,Under_Investigation
O01847,Organization_1847,Business,Kolkata,Uttar Pradesh,37,Active
O01848,Organization_1848,Association,Chennai,Madhya Pradesh,90,Under_Investigation
O01849,Organization_1849,Company,Hyderabad,Uttar Pradesh,7,Under_Investigation
O01850,Organization_1850,NGO,Nagpur,Delhi,70,Under_Investigation
O01851,Organization_1851,Criminal_Group,Pune,Telangana,66,Under_Investigation
O01852,Organization_1852,Association,Vadodara,Uttar Pradesh,65,Active
O01853,Organization_1853,NGO,Indore,Tamil Nadu,40,Active
O01854,Organization_1854,Company,Ahmedabad,Rajasthan,96,Active
O01855,Organization_1855,Company,Hyderabad,Maharashtra,23,Under_Investigation
O01856,Organization_1856,Criminal_Group,Delhi,Karnataka,82,Inactive
O01857,Organization_1857,NGO,Bengaluru,Uttar Pradesh,15,Active
O01858,Organization_1858,Company,Indore,Uttar Pradesh,30,Under_Investigation
O01859,Organization_1859,NGO,Lucknow,Telangana,98,Active
O01860,Organization_1860,Association,Kolkata,Karnataka,3,Active
O01861,Organization_1861,NGO,Bengaluru,Rajasthan,79,Active
O01862,Organization_1862,Company,Jaipur,West Bengal,77,Active
O01863,Organization_1863,Company,Delhi,Karnataka,60,Under_Investigation
O01864,Organization_1864,Company,Mumbai,Tamil Nadu,7,Active
O01865,Organization_1865,NGO,Bengaluru,Maharashtra,95,Active
O01866,Organization_1866,Criminal_Group,Kolkata,Madhya Pradesh,52,Active
O01867,Organization_1867,Association,Kolkata,Karnataka,99,Active
O01868,Organization_1868,Company,Indore,Gujarat,2,Inactive
O01869,Organization_1869,Company,Nagpur,Telangana,52,Inactive
O01870,Organization_1870,Association,Bengaluru,Karnataka,16,Under_Investigation
O01871,Organization_1871,Company,Lucknow,Tamil Nadu,38,Active
O01872,Organization_1872,Company,Lucknow,Delhi,98,Active
O01873,Organization_1873,Criminal_Group,Mumbai,Uttar Pradesh,80,Active
O01874,Organization_1874,Company,Nagpur,Gujarat,58,Under_Investigation
O01875,Organization_1875,Company,Rajkot,Karnataka,6,Active
O01876,Organization_1876,Company,Hyderabad,Gujarat,73,Inactive
O01877,Organization_1877,Association,Pune,West Bengal,85,Active
O01878,Organization_1878,Criminal_Group,Kolkata,Rajasthan,73,Inactive
O01879,Organization_1879,Association,Hyderabad,Uttar Pradesh,61,Active
O01880,Organization_1880,Association,Bengaluru,Maharashtra,36,Active
O01881,Organization_1881,Business,Vadodara,Rajasthan,11,Active
O01882,Organization_1882,Criminal_Group,Lucknow,Maharashtra,7,Inactive
O01883,Organization_1883,NGO,Bhopal,Madhya Pradesh,62,Active
O01884,Organization_1884,Company,Nagpur,Karnataka,56,Active
O01885,Organization_1885,Criminal_Group,Bhopal,Tamil Nadu,98,Under_Investigation
O01886,Organization_1886,Company,Pune,Tamil Nadu,75,Active
O01887,Organization_1887,Company,Kolkata,West Bengal,29,Active
O01888,Organization_1888,Business,Rajkot,Madhya Pradesh,27,Active
O01889,Organization_1889,NGO,Ahmedabad,Gujarat,61,Active
O01890,Organization_1890,Business,Ahmedabad,Gujarat,58,Inactive
O01891,Organization_1891,Business,Hyderabad,Madhya Pradesh,3,Active
O01892,Organization_1892,Company,Ahmedabad,Karnataka,24,Active
O01893,Organization_1893,Business,Ahmedabad,West Bengal,6,Active
O01894,Organization_1894,Company,Kolkata,Tamil Nadu,13,Active
O01895,Organization_1895,Company,Chennai,Madhya Pradesh,72,Active
O01896,Organization_1896,Business,Bengaluru,Madhya Pradesh,76,Active
O01897,Organization_1897,Business,Mumbai,Karnataka,76,Active
O01898,Organization_1898,Business,Mumbai,Rajasthan,21,Active
O01899,Organization_1899,NGO,Indore,Telangana,86,Active
O01900,Organization_1900,Business,Vadodara,West Bengal,79,Active
O01901,Organization_1901,Association,Bhopal,Rajasthan,41,Active
O01902,Organization_1902,Criminal_Group,Indore,Rajasthan,84,Active
O01903,Organization_1903,Business,Vadodara,Delhi,18,Active
O01904,Organization_1904,Criminal_Group,Surat,Madhya Pradesh,12,Active
O01905,Organization_1905,Company,Rajkot,Karnataka,77,Active
O01906,Organization_1906,NGO,Nagpur,Telangana,25,Active
O01907,Organization_1907,Criminal_Group,Ahmedabad,Uttar Pradesh,60,Under_Investigation
O01908,Organization_1908,NGO,Kolkata,Telangana,1,Active
O01909,Organization_1909,Company,Rajkot,Telangana,69,Inactive
O01910,Organization_1910,NGO,Rajkot,Telangana,86,Active
O01911,Organization_1911,Criminal_Group,Nagpur,Telangana,56,Active
O01912,Organization_1912,Criminal_Group,Chennai,Delhi,30,Under_Investigation
O01913,Organization_1913,Criminal_Group,Lucknow,Madhya Pradesh,44,Inactive
O01914,Organization_1914,Criminal_Group,Hyderabad,Delhi,49,Active
O01915,Organization_1915,Criminal_Group,Nagpur,Uttar Pradesh,64,Active
O01916,Organization_1916,NGO,Mumbai,Karnataka,42,Inactive
O01917,Organization_1917,NGO,Delhi,Karnataka,96,Active
O01918,Organization_1918,Company,Jaipur,Telangana,6,Inactive
O01919,Organization_1919,Company,Ahmedabad,Madhya Pradesh,85,Under_Investigation
O01920,Organization_1920,Company,Hyderabad,Telangana,26,Active
O01921,Organization_1921,Company,Surat,Gujarat,37,Active
O01922,Organization_1922,Criminal_Group,Rajkot,Uttar Pradesh,100,Active
O01923,Organization_1923,Criminal_Group,Surat,Karnataka,23,Inactive
O01924,Organization_1924,Business,Indore,Gujarat,96,Under_Investigation
O01925,Organization_1925,NGO,Chennai,Madhya Pradesh,20,Active
O01926,Organization_1926,Business,Indore,Gujarat,73,Under_Investigation
O01927,Organization_1927,Criminal_Group,Mumbai,Karnataka,80,Active
O01928,Organization_1928,Business,Bengaluru,Gujarat,5,Active
O01929,Organization_1929,Criminal_Group,Lucknow,West Bengal,57,Active
O01930,Organization_1930,Criminal_Group,Ahmedabad,Madhya Pradesh,81,Active
O01931,Organization_1931,Company,Vadodara,Gujarat,79,Active
O01932,Organization_1932,NGO,Surat,Tamil Nadu,90,Active
O01933,Organization_1933,Company,Pune,Uttar Pradesh,35,Under_Investigation
O01934,Organization_1934,Criminal_Group,Chennai,Rajasthan,97,Inactive
O01935,Organization_1935,Criminal_Group,Kolkata,Madhya Pradesh,27,Active
O01936,Organization_1936,Business,Surat,Karnataka,1,Under_Investigation
O01937,Organization_1937,Criminal_Group,Bhopal,Delhi,31,Active
O01938,Organization_1938,Company,Rajkot,Karnataka,13,Active
O01939,Organization_1939,Business,Ahmedabad,Karnataka,33,Active
O01940,Organization_1940,Company,Vadodara,Maharashtra,41,Active
O01941,Organization_1941,Criminal_Group,Hyderabad,Karnataka,19,Active
O01942,Organization_1942,Company,Ahmedabad,Uttar Pradesh,13,Active
O01943,Organization_1943,Business,Ahmedabad,Uttar Pradesh,45,Active
O01944,Organization_1944,Company,Hyderabad,Delhi,31,Active
O01945,Organization_1945,NGO,Kolkata,Telangana,21,Active
O01946,Organization_1946,Business,Pune,West Bengal,58,Active
O01947,Organization_1947,Association,Jaipur,Karnataka,14,Active
O01948,Organization_1948,Criminal_Group,Kolkata,Delhi,68,Active
O01949,Organization_1949,Business,Mumbai,Rajasthan,31,Inactive
O01950,Organization_1950,Business,Indore,Telangana,94,Inactive
O01951,Organization_1951,Company,Pune,Maharashtra,5,Active
O01952,Organization_1952,Criminal_Group,Jaipur,Madhya Pradesh,61,Inactive
O01953,Organization_1953,NGO,Ahmedabad,Rajasthan,6,Under_Investigation
O01954,Organization_1954,Association,Indore,Telangana,79,Active
O01955,Organization_1955,Company,Indore,Gujarat,41,Active
O01956,Organization_1956,Company,Jaipur,Rajasthan,64,Active
O01957,Organization_1957,Company,Mumbai,Maharashtra,35,Active
O01958,Organization_1958,Business,Mumbai,Gujarat,70,Inactive
O01959,Organization_1959,Company,Pune,Delhi,100,Under_Investigation
O01960,Organization_1960,Criminal_Group,Ahmedabad,West Bengal,90,Active
O01961,Organization_1961,Criminal_Group,Pune,Rajasthan,28,Under_Investigation
O01962,Organization_1962,NGO,Pune,Karnataka,18,Active
O01963,Organization_1963,Company,Vadodara,West Bengal,21,Active
O01964,Organization_1964,Criminal_Group,Bengaluru,Rajasthan,33,Active
O01965,Organization_1965,Criminal_Group,Vadodara,Delhi,8,Active
O01966,Organization_1966,Criminal_Group,Vadodara,Karnataka,32,Active
O01967,Organization_1967,Business,Indore,West Bengal,78,Active
O01968,Organization_1968,Association,Indore,Karnataka,3,Inactive
O01969,Organization_1969,Criminal_Group,Delhi,Delhi,33,Inactive
O01970,Organization_1970,Association,Hyderabad,Madhya Pradesh,28,Active
O01971,Organization_1971,NGO,Kolkata,Tamil Nadu,47,Active
O01972,Organization_1972,Criminal_Group,Mumbai,Delhi,48,Active
O01973,Organization_1973,Criminal_Group,Hyderabad,Rajasthan,67,Under_Investigation
O01974,Organization_1974,Business,Mumbai,Tamil Nadu,42,Active
O01975,Organization_1975,NGO,Bhopal,Rajasthan,4,Active
O01976,Organization_1976,Business,Indore,Maharashtra,91,Inactive
O01977,Organization_1977,Business,Chennai,Delhi,90,Active
O01978,Organization_1978,Association,Delhi,Madhya Pradesh,34,Inactive
O01979,Organization_1979,Association,Bhopal,Tamil Nadu,55,Active
O01980,Organization_1980,Association,Kolkata,Delhi,52,Active
O01981,Organization_1981,Business,Chennai,Delhi,65,Active
O01982,Organization_1982,Company,Bhopal,Uttar Pradesh,17,Inactive
O01983,Organization_1983,Criminal_Group,Delhi,Telangana,71,Active
O01984,Organization_1984,NGO,Jaipur,Karnataka,17,Inactive
O01985,Organization_1985,Company,Jaipur,Rajasthan,31,Active
O01986,Organization_1986,Criminal_Group,Kolkata,Madhya Pradesh,96,Under_Investigation
O01987,Organization_1987,Criminal_Group,Vadodara,Rajasthan,60,Active
O01988,Organization_1988,Business,Bhopal,West Bengal,91,Active
O01989,Organization_1989,Company,Lucknow,Telangana,68,Active
O01990,Organization_1990,Company,Delhi,Rajasthan,9,Under_Investigation
O01991,Organization_1991,Company,Kolkata,Gujarat,47,Active
O01992,Organization_1992,Company,Surat,Gujarat,52,Under_Investigation
O01993,Organization_1993,Company,Kolkata,Uttar Pradesh,3,Active
O01994,Organization_1994,Company,Bengaluru,Maharashtra,22,Inactive
O01995,Organization_1995,Company,Hyderabad,West Bengal,43,Active
O01996,Organization_1996,Business,Nagpur,Madhya Pradesh,19,Under_Investigation
O01997,Organization_1997,Business,Vadodara,Rajasthan,65,Inactive
O01998,Organization_1998,Company,Chennai,Tamil Nadu,85,Active
O01999,Organization_1999,Company,Rajkot,Telangana,88,Under_Investigation
O02000,Organization_2000,Criminal_Group,Surat,West Bengal,30,Active
O02001,Organization_2001,Association,Nagpur,Tamil Nadu,69,Active
O02002,Organization_2002,Criminal_Group,Nagpur,Gujarat,9,Active
O02003,Organization_2003,Criminal_Group,Chennai,Rajasthan,37,Inactive
O02004,Organization_2004,Criminal_Group,Delhi,Rajasthan,21,Inactive
O02005,Organization_2005,Business,Lucknow,Gujarat,74,Active
O02006,Organization_2006,Association,Mumbai,Maharashtra,99,Active
O02007,Organization_2007,NGO,Surat,Maharashtra,53,Under_Investigation
O02008,Organization_2008,Criminal_Group,Lucknow,Rajasthan,28,Active
O02009,Organization_2009,NGO,Chennai,Rajasthan,67,Active
O02010,Organization_2010,Association,Bhopal,Maharashtra,5,Active
O02011,Organization_2011,Business,Kolkata,West Bengal,37,Active
O02012,Organization_2012,Business,Nagpur,Karnataka,69,Active
O02013,Organization_2013,Criminal_Group,Mumbai,Tamil Nadu,16,Active
O02014,Organization_2014,Business,Surat,Karnataka,4,Under_Investigation
O02015,Organization_2015,Criminal_Group,Surat,Delhi,82,Active
O02016,Organization_2016,Criminal_Group,Indore,Tamil Nadu,73,Inactive
O02017,Organization_2017,Business,Bengaluru,Uttar Pradesh,28,Active
O02018,Organization_2018,Company,Lucknow,Rajasthan,65,Inactive
O02019,Organization_2019,Company,Mumbai,Delhi,16,Active
O02020,Organization_2020,Criminal_Group,Vadodara,Rajasthan,41,Active
O02021,Organization_2021,Criminal_Group,Rajkot,Uttar Pradesh,49,Active
O02022,Organization_2022,Business,Jaipur,Gujarat,43,Active
O02023,Organization_2023,Company,Rajkot,Karnataka,69,Under_Investigation
O02024,Organization_2024,Company,Indore,Karnataka,57,Active
O02025,Organization_2025,NGO,Lucknow,Tamil Nadu,6,Active
O02026,Organization_2026,Company,Mumbai,Tamil Nadu,50,Active
O02027,Organization_2027,Criminal_Group,Bengaluru,West Bengal,51,Under_Investigation
O02028,Organization_2028,Company,Lucknow,Rajasthan,27,Under_Investigation
O02029,Organization_2029,Company,Hyderabad,Rajasthan,98,Under_Investigation
O02030,Organization_2030,Business,Bhopal,Gujarat,65,Active
O02031,Organization_2031,Criminal_Group,Hyderabad,Delhi,36,Active
O02032,Organization_2032,Criminal_Group,Vadodara,Madhya Pradesh,4,Active
O02033,Organization_2033,NGO,Surat,Maharashtra,85,Active
O02034,Organization_2034,Association,Jaipur,Gujarat,45,Active
O02035,Organization_2035,Company,Kolkata,Gujarat,89,Active
O02036,Organization_2036,Company,Jaipur,West Bengal,85,Active
O02037,Organization_2037,Business,Chennai,Rajasthan,97,Active
O02038,Organization_2038,Company,Lucknow,Madhya Pradesh,85,Under_Investigation
O02039,Organization_2039,NGO,Jaipur,Tamil Nadu,23,Under_Investigation
O02040,Organization_2040,Criminal_Group,Kolkata,Tamil Nadu,10,Inactive
O02041,Organization_2041,Criminal_Group,Chennai,Telangana,33,Active
O02042,Organization_2042,Criminal_Group,Chennai,Rajasthan,60,Under_Investigation
O02043,Organization_2043,Business,Chennai,Madhya Pradesh,53,Active
O02044,Organization_2044,Criminal_Group,Pune,Delhi,90,Inactive
O02045,Organization_2045,NGO,Indore,Tamil Nadu,76,Active
O02046,Organization_2046,NGO,Delhi,Karnataka,96,Active
O02047,Organization_2047,Criminal_Group,Mumbai,Uttar Pradesh,86,Inactive
O02048,Organization_2048,Association,Surat,Uttar Pradesh,45,Under_Investigation
O02049,Organization_2049,Business,Mumbai,Karnataka,19,Active
O02050,Organization_2050,Criminal_Group,Mumbai,Karnataka,13,Under_Investigation
O02051,Organization_2051,Business,Rajkot,Rajasthan,27,Under_Investigation
O02052,Organization_2052,Business,Bhopal,Telangana,88,Inactive
O02053,Organization_2053,Criminal_Group,Indore,Tamil Nadu,94,Inactive
O02054,Organization_2054,Company,Hyderabad,West Bengal,29,Inactive
O02055,Organization_2055,NGO,Surat,Uttar Pradesh,14,Active
O02056,Organization_2056,NGO,Pune,Madhya Pradesh,30,Under_Investigation
O02057,Organization_2057,Business,Bhopal,Maharashtra,62,Under_Investigation
O02058,Organization_2058,Business,Nagpur,Madhya Pradesh,19,Active
O02059,Organization_2059,Criminal_Group,Rajkot,West Bengal,94,Active
O02060,Organization_2060,Criminal_Group,Mumbai,West Bengal,24,Active
O02061,Organization_2061,Business,Bhopal,Delhi,31,Active
O02062,Organization_2062,Criminal_Group,Ahmedabad,Tamil Nadu,46,Active
O02063,Organization_2063,Criminal_Group,Jaipur,Karnataka,36,Inactive
O02064,Organization_2064,Company,Mumbai,Gujarat,76,Active
O02065,Organization_2065,Company,Hyderabad,Rajasthan,66,Active
O02066,Organization_2066,Company,Nagpur,Karnataka,92,Active
O02067,Organization_2067,Criminal_Group,Ahmedabad,Rajasthan,4,Active
O02068,Organization_2068,NGO,Kolkata,Tamil Nadu,19,Active
O02069,Organization_2069,Business,Rajkot,Uttar Pradesh,82,Inactive
O02070,Organization_2070,Association,Indore,Madhya Pradesh,15,Active
O02071,Organization_2071,Criminal_Group,Mumbai,Maharashtra,34,Active
O02072,Organization_2072,Business,Chennai,Rajasthan,74,Active
O02073,Organization_2073,Company,Kolkata,Telangana,13,Active
O02074,Organization_2074,Business,Rajkot,West Bengal,77,Active
O02075,Organization_2075,Business,Hyderabad,Tamil Nadu,11,Active
O02076,Organization_2076,Business,Vadodara,Telangana,48,Active
O02077,Organization_2077,Company,Indore,Madhya Pradesh,31,Under_Investigation
O02078,Organization_2078,Business,Chennai,Telangana,8,Active
O02079,Organization_2079,Association,Kolkata,Gujarat,9,Active
O02080,Organization_2080,Association,Chennai,Karnataka,45,Active
O02081,Organization_2081,Criminal_Group,Indore,Madhya Pradesh,25,Active
O02082,Organization_2082,NGO,Mumbai,Delhi,43,Active
O02083,Organization_2083,Company,Mumbai,Karnataka,59,Active
O02084,Organization_2084,Criminal_Group,Mumbai,Gujarat,80,Active
O02085,Organization_2085,NGO,Bhopal,Delhi,57,Active
O02086,Organization_2086,Criminal_Group,Pune,Rajasthan,58,Active
O02087,Organization_2087,Company,Chennai,Delhi,82,Active
O02088,Organization_2088,Criminal_Group,Mumbai,Karnataka,7,Active
O02089,Organization_2089,Company,Hyderabad,Uttar Pradesh,87,Active
O02090,Organization_2090,Business,Kolkata,Delhi,12,Under_Investigation
O02091,Organization_2091,Association,Kolkata,West Bengal,63,Active
O02092,Organization_2092,Company,Chennai,Delhi,31,Active
O02093,Organization_2093,NGO,Lucknow,Madhya Pradesh,70,Active
O02094,Organization_2094,Company,Mumbai,Rajasthan,5,Active
O02095,Organization_2095,Company,Lucknow,Telangana,27,Inactive
O02096,Organization_2096,Company,Kolkata,Telangana,93,Under_Investigation
O02097,Organization_2097,Association,Mumbai,Delhi,27,Active
O02098,Organization_2098,Company,Mumbai,Madhya Pradesh,84,Active
O02099,Organization_2099,Association,Surat,Maharashtra,3,Active
O02100,Organization_2100,Criminal_Group,Chennai,Madhya Pradesh,34,Active
O02101,Organization_2101,Business,Bhopal,Delhi,49,Active
O02102,Organization_2102,Criminal_Group,Nagpur,Telangana,62,Active
O02103,Organization_2103,Company,Bhopal,Delhi,65,Under_Investigation
O02104,Organization_2104,Criminal_Group,Indore,Rajasthan,97,Active
O02105,Organization_2105,NGO,Rajkot,West Bengal,17,Under_Investigation
O02106,Organization_2106,Business,Lucknow,Tamil Nadu,42,Active
O02107,Organization_2107,Business,Hyderabad,Telangana,70,Active
O02108,Organization_2108,Company,Nagpur,Karnataka,98,Inactive
O02109,Organization_2109,Criminal_Group,Indore,Telangana,9,Active
O02110,Organization_2110,Business,Mumbai,Rajasthan,37,Active
O02111,Organization_2111,Criminal_Group,Rajkot,Karnataka,5,Active
O02112,Organization_2112,Company,Chennai,West Bengal,83,Active
O02113,Organization_2113,Association,Delhi,Gujarat,59,Active
O02114,Organization_2114,Association,Indore,Rajasthan,75,Active
O02115,Organization_2115,Company,Indore,Uttar Pradesh,62,Active
O02116,Organization_2116,Association,Hyderabad,Madhya Pradesh,20,Under_Investigation
O02117,Organization_2117,NGO,Rajkot,Telangana,21,Active
O02118,Organization_2118,Business,Nagpur,Rajasthan,7,Active
O02119,Organization_2119,Criminal_Group,Bengaluru,Gujarat,86,Inactive
O02120,Organization_2120,Business,Ahmedabad,Maharashtra,59,Active
O02121,Organization_2121,Criminal_Group,Nagpur,Delhi,60,Active
O02122,Organization_2122,Company,Mumbai,Rajasthan,13,Active
O02123,Organization_2123,Criminal_Group,Lucknow,Rajasthan,92,Active
O02124,Organization_2124,Criminal_Group,Vadodara,Maharashtra,31,Under_Investigation
O02125,Organization_2125,Criminal_Group,Rajkot,Gujarat,16,Under_Investigation
O02126,Organization_2126,Company,Delhi,Maharashtra,11,Active
O02127,Organization_2127,Company,Pune,Tamil Nadu,31,Active
O02128,Organization_2128,Company,Mumbai,Gujarat,63,Active
O02129,Organization_2129,Company,Pune,Maharashtra,35,Under_Investigation
O02130,Organization_2130,Company,Kolkata,Uttar Pradesh,92,Inactive
O02131,Organization_2131,Criminal_Group,Hyderabad,Uttar Pradesh,47,Active
O02132,Organization_2132,Criminal_Group,Bhopal,West Bengal,84,Active
O02133,Organization_2133,Criminal_Group,Chennai,Tamil Nadu,73,Active
O02134,Organization_2134,Business,Rajkot,Maharashtra,33,Active
O02135,Organization_2135,Company,Chennai,Delhi,76,Active
O02136,Organization_2136,Criminal_Group,Rajkot,Delhi,73,Active
O02137,Organization_2137,Company,Pune,Maharashtra,88,Under_Investigation
O02138,Organization_2138,NGO,Jaipur,Gujarat,73,Inactive
O02139,Organization_2139,Criminal_Group,Ahmedabad,Telangana,8,Active
O02140,Organization_2140,Association,Mumbai,Telangana,9,Active
O02141,Organization_2141,Criminal_Group,Hyderabad,Tamil Nadu,22,Active
O02142,Organization_2142,Business,Chennai,Madhya Pradesh,75,Inactive
O02143,Organization_2143,Company,Lucknow,Telangana,41,Active
O02144,Organization_2144,Company,Rajkot,Tamil Nadu,53,Under_Investigation
O02145,Organization_2145,Company,Jaipur,Uttar Pradesh,17,Under_Investigation
O02146,Organization_2146,Business,Lucknow,Rajasthan,81,Active
O02147,Organization_2147,Company,Ahmedabad,Karnataka,25,Under_Investigation
O02148,Organization_2148,Business,Ahmedabad,Uttar Pradesh,75,Inactive
O02149,Organization_2149,Business,Mumbai,Tamil Nadu,85,Active
O02150,Organization_2150,Company,Ahmedabad,Karnataka,96,Active
O02151,Organization_2151,Association,Rajkot,Madhya Pradesh,11,Active
O02152,Organization_2152,Criminal_Group,Nagpur,Madhya Pradesh,35,Active
O02153,Organization_2153,NGO,Indore,Karnataka,51,Active
O02154,Organization_2154,Association,Bhopal,Tamil Nadu,23,Active
O02155,Organization_2155,Criminal_Group,Mumbai,Karnataka,65,Active
O02156,Organization_2156,Criminal_Group,Nagpur,Uttar Pradesh,95,Active
O02157,Organization_2157,Company,Mumbai,Tamil Nadu,82,Active
O02158,Organization_2158,Company,Jaipur,Delhi,48,Active
O02159,Organization_2159,Company,Rajkot,Gujarat,98,Active
O02160,Organization_2160,Company,Pune,Telangana,22,Active
O02161,Organization_2161,Association,Lucknow,West Bengal,82,Active
O02162,Organization_2162,Company,Vadodara,Madhya Pradesh,15,Active
O02163,Organization_2163,Company,Pune,Delhi,92,Active
O02164,Organization_2164,Company,Delhi,Tamil Nadu,81,Active
O02165,Organization_2165,Company,Nagpur,Uttar Pradesh,87,Under_Investigation
O02166,Organization_2166,Criminal_Group,Ahmedabad,Maharashtra,77,Active
O02167,Organization_2167,NGO,Surat,Maharashtra,64,Active
O02168,Organization_2168,Business,Rajkot,Karnataka,76,Active
O02169,Organization_2169,Company,Indore,Karnataka,52,Active
O02170,Organization_2170,Company,Lucknow,Delhi,32,Under_Investigation
O02171,Organization_2171,NGO,Bhopal,Delhi,25,Inactive
O02172,Organization_2172,Company,Pune,Delhi,41,Active
O02173,Organization_2173,Business,Bengaluru,Tamil Nadu,21,Active
O02174,Organization_2174,Business,Vadodara,Maharashtra,31,Inactive
O02175,Organization_2175,NGO,Bhopal,Tamil Nadu,94,Under_Investigation
O02176,Organization_2176,NGO,Surat,Tamil Nadu,54,Active
O02177,Organization_2177,Company,Nagpur,Delhi,88,Under_Investigation
O02178,Organization_2178,NGO,Vadodara,Maharashtra,69,Inactive
O02179,Organization_2179,Criminal_Group,Mumbai,Tamil Nadu,59,Active
O02180,Organization_2180,Company,Pune,Rajasthan,49,Active
O02181,Organization_2181,Business,Surat,Uttar Pradesh,100,Under_Investigation
O02182,Organization_2182,Criminal_Group,Delhi,West Bengal,74,Active
O02183,Organization_2183,Business,Pune,Rajasthan,63,Active
O02184,Organization_2184,Criminal_Group,Kolkata,Maharashtra,48,Active
O02185,Organization_2185,Criminal_Group,Jaipur,West Bengal,18,Active
O02186,Organization_2186,Business,Indore,Telangana,3,Active
O02187,Organization_2187,Business,Nagpur,Maharashtra,28,Active
O02188,Organization_2188,Criminal_Group,Surat,Madhya Pradesh,28,Active
O02189,Organization_2189,Company,Ahmedabad,West Bengal,30,Inactive
O02190,Organization_2190,Criminal_Group,Chennai,Uttar Pradesh,68,Active
O02191,Organization_2191,Company,Surat,Uttar Pradesh,49,Active
O02192,Organization_2192,NGO,Surat,Karnataka,91,Active
O02193,Organization_2193,Business,Hyderabad,Gujarat,63,Active
O02194,Organization_2194,Business,Hyderabad,West Bengal,73,Active
O02195,Organization_2195,Criminal_Group,Bengaluru,Gujarat,87,Active
O02196,Organization_2196,Company,Rajkot,Maharashtra,27,Active
O02197,Organization_2197,Business,Nagpur,Tamil Nadu,20,Active
O02198,Organization_2198,Association,Ahmedabad,Uttar Pradesh,62,Active
O02199,Organization_2199,Business,Mumbai,Uttar Pradesh,66,Active
O02200,Organization_2200,Company,Rajkot,Gujarat,32,Active
O02201,Organization_2201,Business,Bengaluru,Tamil Nadu,95,Active
O02202,Organization_2202,Company,Mumbai,Maharashtra,58,Under_Investigation
O02203,Organization_2203,Criminal_Group,Hyderabad,Gujarat,13,Inactive
O02204,Organization_2204,Criminal_Group,Chennai,Rajasthan,14,Active
O02205,Organization_2205,Criminal_Group,Kolkata,West Bengal,1,Active
O02206,Organization_2206,Business,Mumbai,Karnataka,40,Active
O02207,Organization_2207,Company,Indore,Gujarat,43,Inactive
O02208,Organization_2208,Business,Chennai,Uttar Pradesh,91,Active
O02209,Organization_2209,Business,Rajkot,West Bengal,13,Active
O02210,Organization_2210,Company,Kolkata,Gujarat,41,Active
O02211,Organization_2211,Company,Indore,Tamil Nadu,8,Active
O02212,Organization_2212,Business,Rajkot,Tamil Nadu,93,Active
O02213,Organization_2213,Company,Jaipur,Madhya Pradesh,94,Active
O02214,Organization_2214,Criminal_Group,Ahmedabad,Telangana,51,Inactive
O02215,Organization_2215,Company,Hyderabad,Tamil Nadu,65,Active
O02216,Organization_2216,Association,Bhopal,Telangana,60,Active
O02217,Organization_2217,Business,Chennai,Maharashtra,32,Active
O02218,Organization_2218,Business,Ahmedabad,West Bengal,29,Active
O02219,Organization_2219,Criminal_Group,Surat,Gujarat,71,Active
O02220,Organization_2220,Company,Bhopal,Rajasthan,49,Active
O02221,Organization_2221,Business,Jaipur,Karnataka,34,Active
O02222,Organization_2222,NGO,Surat,West Bengal,14,Under_Investigation
O02223,Organization_2223,Criminal_Group,Bengaluru,Tamil Nadu,32,Active
O02224,Organization_2224,Company,Bhopal,Tamil Nadu,27,Active
O02225,Organization_2225,Company,Jaipur,Gujarat,50,Active
O02226,Organization_2226,Company,Bengaluru,Rajasthan,4,Active
O02227,Organization_2227,Business,Indore,Delhi,49,Under_Investigation
O02228,Organization_2228,Company,Surat,Telangana,39,Active
O02229,Organization_2229,Company,Bengaluru,Rajasthan,29,Active
O02230,Organization_2230,Criminal_Group,Delhi,Rajasthan,64,Active
O02231,Organization_2231,Criminal_Group,Bengaluru,Rajasthan,83,Under_Investigation
O02232,Organization_2232,Criminal_Group,Nagpur,Telangana,96,Active
O02233,Organization_2233,Company,Ahmedabad,Maharashtra,41,Active
O02234,Organization_2234,Association,Jaipur,Rajasthan,69,Active
O02235,Organization_2235,Business,Mumbai,West Bengal,85,Under_Investigation
O02236,Organization_2236,Business,Delhi,Delhi,43,Inactive
O02237,Organization_2237,Company,Mumbai,Tamil Nadu,79,Active
O02238,Organization_2238,Company,Indore,Maharashtra,45,Active
O02239,Organization_2239,Company,Chennai,Telangana,92,Active
O02240,Organization_2240,Company,Jaipur,Telangana,10,Active
O02241,Organization_2241,Association,Jaipur,Maharashtra,80,Under_Investigation
O02242,Organization_2242,Business,Bengaluru,Rajasthan,22,Active
O02243,Organization_2243,NGO,Lucknow,Maharashtra,5,Active
O02244,Organization_2244,Criminal_Group,Ahmedabad,Tamil Nadu,53,Under_Investigation
O02245,Organization_2245,Criminal_Group,Pune,Delhi,33,Active
O02246,Organization_2246,NGO,Surat,Uttar Pradesh,82,Under_Investigation
O02247,Organization_2247,Association,Hyderabad,Karnataka,60,Active
O02248,Organization_2248,Company,Lucknow,Rajasthan,75,Active
O02249,Organization_2249,Business,Ahmedabad,Karnataka,3,Active
O02250,Organization_2250,NGO,Mumbai,Rajasthan,92,Inactive
O02251,Organization_2251,Company,Lucknow,Gujarat,16,Active
O02252,Organization_2252,Business,Ahmedabad,Maharashtra,7,Active
O02253,Organization_2253,Business,Jaipur,Tamil Nadu,21,Under_Investigation
O02254,Organization_2254,Business,Lucknow,Gujarat,2,Active
O02255,Organization_2255,Company,Delhi,West Bengal,79,Active
O02256,Organization_2256,NGO,Nagpur,Delhi,95,Active
O02257,Organization_2257,Business,Jaipur,Gujarat,20,Active
O02258,Organization_2258,Criminal_Group,Delhi,Telangana,32,Active
O02259,Organization_2259,Company,Hyderabad,Gujarat,86,Active
O02260,Organization_2260,Criminal_Group,Chennai,Madhya Pradesh,35,Under_Investigation
O02261,Organization_2261,Criminal_Group,Kolkata,Telangana,58,Active
O02262,Organization_2262,Company,Surat,West Bengal,15,Inactive
O02263,Organization_2263,Association,Nagpur,Rajasthan,99,Active
O02264,Organization_2264,NGO,Indore,Karnataka,42,Inactive
O02265,Organization_2265,Company,Indore,Madhya Pradesh,19,Active
O02266,Organization_2266,Criminal_Group,Lucknow,Maharashtra,88,Active
O02267,Organization_2267,Criminal_Group,Ahmedabad,Delhi,22,Active
O02268,Organization_2268,NGO,Lucknow,Delhi,85,Active
O02269,Organization_2269,Business,Pune,Maharashtra,59,Inactive
O02270,Organization_2270,Criminal_Group,Mumbai,Maharashtra,40,Active
O02271,Organization_2271,Criminal_Group,Kolkata,Rajasthan,3,Active
O02272,Organization_2272,NGO,Rajkot,Delhi,45,Active
O02273,Organization_2273,Criminal_Group,Hyderabad,Madhya Pradesh,41,Active
O02274,Organization_2274,Business,Mumbai,Telangana,34,Active
O02275,Organization_2275,Company,Indore,Delhi,87,Inactive
O02276,Organization_2276,Association,Ahmedabad,Delhi,4,Under_Investigation
O02277,Organization_2277,Business,Vadodara,Maharashtra,14,Active
O02278,Organization_2278,Business,Surat,Uttar Pradesh,10,Inactive
O02279,Organization_2279,Criminal_Group,Ahmedabad,Madhya Pradesh,68,Active
O02280,Organization_2280,Business,Jaipur,Karnataka,4,Under_Investigation
O02281,Organization_2281,Business,Delhi,Maharashtra,77,Active
O02282,Organization_2282,Criminal_Group,Ahmedabad,Delhi,46,Active
O02283,Organization_2283,Criminal_Group,Bengaluru,Tamil Nadu,60,Active
O02284,Organization_2284,Association,Hyderabad,Karnataka,2,Active
O02285,Organization_2285,Business,Ahmedabad,Maharashtra,87,Active
O02286,Organization_2286,NGO,Jaipur,Rajasthan,2,Active
O02287,Organization_2287,Business,Lucknow,West Bengal,44,Under_Investigation
O02288,Organization_2288,Criminal_Group,Delhi,Karnataka,21,Under_Investigation
O02289,Organization_2289,Company,Mumbai,Gujarat,32,Active
O02290,Organization_2290,Criminal_Group,Mumbai,Gujarat,76,Active
O02291,Organization_2291,NGO,Pune,Maharashtra,28,Active
O02292,Organization_2292,Criminal_Group,Ahmedabad,Uttar Pradesh,58,Active
O02293,Organization_2293,Company,Jaipur,Uttar Pradesh,39,Under_Investigation
O02294,Organization_2294,Company,Kolkata,Delhi,2,Active
O02295,Organization_2295,Company,Indore,Maharashtra,74,Active
O02296,Organization_2296,Criminal_Group,Ahmedabad,Maharashtra,86,Active
O02297,Organization_2297,Company,Mumbai,Telangana,70,Active
O02298,Organization_2298,Company,Lucknow,Maharashtra,55,Active
O02299,Organization_2299,Business,Hyderabad,Rajasthan,96,Active
O02300,Organization_2300,Association,Pune,Telangana,43,Inactive
O02301,Organization_2301,Criminal_Group,Surat,Telangana,27,Active
O02302,Organization_2302,Criminal_Group,Vadodara,Madhya Pradesh,30,Inactive
O02303,Organization_2303,Criminal_Group,Chennai,Telangana,93,Active
O02304,Organization_2304,Criminal_Group,Jaipur,Karnataka,99,Inactive
O02305,Organization_2305,Business,Bengaluru,Uttar Pradesh,84,Inactive
O02306,Organization_2306,Criminal_Group,Vadodara,Uttar Pradesh,22,Active
O02307,Organization_2307,Criminal_Group,Vadodara,Madhya Pradesh,9,Under_Investigation
O02308,Organization_2308,NGO,Hyderabad,Gujarat,17,Under_Investigation
O02309,Organization_2309,NGO,Chennai,Madhya Pradesh,47,Inactive
O02310,Organization_2310,Business,Pune,Telangana,55,Inactive
O02311,Organization_2311,Company,Indore,Tamil Nadu,39,Active
O02312,Organization_2312,NGO,Pune,Delhi,69,Active
O02313,Organization_2313,Criminal_Group,Bengaluru,Tamil Nadu,25,Active
O02314,Organization_2314,Company,Jaipur,Delhi,20,Active
O02315,Organization_2315,Criminal_Group,Hyderabad,Telangana,78,Active
O02316,Organization_2316,NGO,Rajkot,Uttar Pradesh,54,Active
O02317,Organization_2317,Business,Rajkot,Karnataka,98,Under_Investigation
O02318,Organization_2318,Criminal_Group,Vadodara,Tamil Nadu,98,Inactive
O02319,Organization_2319,NGO,Kolkata,Rajasthan,95,Inactive
O02320,Organization_2320,Company,Chennai,Telangana,29,Active
O02321,Organization_2321,NGO,Indore,Karnataka,51,Active
O02322,Organization_2322,Company,Nagpur,Uttar Pradesh,77,Active
O02323,Organization_2323,Business,Kolkata,Gujarat,58,Active
O02324,Organization_2324,Association,Chennai,Maharashtra,96,Active
O02325,Organization_2325,Criminal_Group,Hyderabad,Madhya Pradesh,91,Inactive
O02326,Organization_2326,Company,Rajkot,Gujarat,65,Under_Investigation
O02327,Organization_2327,Criminal_Group,Rajkot,Karnataka,48,Active
O02328,Organization_2328,Company,Kolkata,Gujarat,63,Under_Investigation
O02329,Organization_2329,Company,Delhi,Madhya Pradesh,51,Inactive
O02330,Organization_2330,Business,Nagpur,Uttar Pradesh,65,Under_Investigation
O02331,Organization_2331,Criminal_Group,Rajkot,West Bengal,53,Inactive
O02332,Organization_2332,Criminal_Group,Surat,Uttar Pradesh,5,Active
O02333,Organization_2333,Criminal_Group,Ahmedabad,Maharashtra,21,Under_Investigation
O02334,Organization_2334,Criminal_Group,Hyderabad,Rajasthan,60,Active
O02335,Organization_2335,Criminal_Group,Surat,Gujarat,42,Active
O02336,Organization_2336,Association,Jaipur,Uttar Pradesh,97,Active
O02337,Organization_2337,NGO,Indore,Rajasthan,55,Inactive
O02338,Organization_2338,Criminal_Group,Indore,Karnataka,67,Active
O02339,Organization_2339,NGO,Surat,Gujarat,43,Active
O02340,Organization_2340,Business,Surat,Rajasthan,94,Active
O02341,Organization_2341,Company,Bengaluru,Uttar Pradesh,47,Active
O02342,Organization_2342,Company,Mumbai,Madhya Pradesh,43,Under_Investigation
O02343,Organization_2343,Company,Lucknow,Tamil Nadu,40,Active
O02344,Organization_2344,Business,Chennai,Rajasthan,92,Active
O02345,Organization_2345,Company,Surat,Rajasthan,29,Active
O02346,Organization_2346,Association,Vadodara,Rajasthan,83,Active
O02347,Organization_2347,Business,Indore,Telangana,52,Active
O02348,Organization_2348,Association,Hyderabad,Tamil Nadu,9,Active
O02349,Organization_2349,Criminal_Group,Kolkata,Karnataka,30,Under_Investigation
O02350,Organization_2350,Criminal_Group,Hyderabad,Maharashtra,81,Active
O02351,Organization_2351,NGO,Kolkata,Rajasthan,12,Active
O02352,Organization_2352,Business,Bhopal,Uttar Pradesh,42,Active
O02353,Organization_2353,Criminal_Group,Hyderabad,Uttar Pradesh,42,Active
O02354,Organization_2354,Association,Kolkata,Delhi,96,Under_Investigation
O02355,Organization_2355,Company,Jaipur,Karnataka,44,Active
O02356,Organization_2356,Company,Indore,Delhi,9,Active
O02357,Organization_2357,Criminal_Group,Surat,Gujarat,93,Active
O02358,Organization_2358,Company,Kolkata,West Bengal,42,Active
O02359,Organization_2359,Company,Indore,Telangana,98,Active
O02360,Organization_2360,Company,Chennai,Delhi,46,Active
O02361,Organization_2361,Business,Bhopal,West Bengal,27,Active
O02362,Organization_2362,Company,Indore,West Bengal,67,Active
O02363,Organization_2363,Company,Delhi,Rajasthan,48,Active
O02364,Organization_2364,Business,Jaipur,Tamil Nadu,85,Active
O02365,Organization_2365,Company,Delhi,Gujarat,69,Active
O02366,Organization_2366,Criminal_Group,Pune,West Bengal,89,Active
O02367,Organization_2367,Criminal_Group,Nagpur,West Bengal,27,Under_Investigation
O02368,Organization_2368,Criminal_Group,Bengaluru,Gujarat,93,Active
O02369,Organization_2369,Business,Pune,Madhya Pradesh,41,Active
O02370,Organization_2370,Company,Jaipur,Karnataka,10,Active
O02371,Organization_2371,Business,Vadodara,Madhya Pradesh,15,Active
O02372,Organization_2372,Company,Mumbai,Telangana,75,Active
O02373,Organization_2373,NGO,Indore,Telangana,90,Active
O02374,Organization_2374,Criminal_Group,Ahmedabad,Tamil Nadu,68,Active
O02375,Organization_2375,Criminal_Group,Ahmedabad,Maharashtra,32,Active
O02376,Organization_2376,NGO,Pune,Delhi,38,Active
O02377,Organization_2377,Criminal_Group,Jaipur,Maharashtra,19,Inactive
O02378,Organization_2378,Association,Vadodara,West Bengal,36,Under_Investigation
O02379,Organization_2379,Business,Surat,West Bengal,2,Under_Investigation
O02380,Organization_2380,Business,Pune,Rajasthan,9,Inactive
O02381,Organization_2381,Company,Vadodara,Delhi,88,Active
O02382,Organization_2382,Business,Chennai,Delhi,39,Active
O02383,Organization_2383,Business,Ahmedabad,Delhi,25,Active
O02384,Organization_2384,Criminal_Group,Jaipur,Uttar Pradesh,29,Active
O02385,Organization_2385,Criminal_Group,Ahmedabad,Delhi,38,Active
O02386,Organization_2386,Company,Lucknow,Maharashtra,3,Active
O02387,Organization_2387,Company,Hyderabad,Telangana,54,Inactive
O02388,Organization_2388,Business,Lucknow,Telangana,24,Active
O02389,Organization_2389,Company,Kolkata,Madhya Pradesh,11,Active
O02390,Organization_2390,Company,Indore,Rajasthan,99,Active
O02391,Organization_2391,Company,Kolkata,West Bengal,99,Active
O02392,Organization_2392,NGO,Bhopal,Madhya Pradesh,95,Active
O02393,Organization_2393,Criminal_Group,Lucknow,Maharashtra,33,Active
O02394,Organization_2394,Company,Bhopal,West Bengal,86,Active
O02395,Organization_2395,NGO,Ahmedabad,Telangana,82,Inactive
O02396,Organization_2396,Business,Jaipur,Madhya Pradesh,48,Active
O02397,Organization_2397,Business,Ahmedabad,Gujarat,40,Active
O02398,Organization_2398,Business,Vadodara,Maharashtra,64,Under_Investigation
O02399,Organization_2399,Business,Ahmedabad,Karnataka,98,Active
O02400,Organization_2400,NGO,Lucknow,Gujarat,21,Under_Investigation
O02401,Organization_2401,Criminal_Group,Mumbai,West Bengal,42,Active
O02402,Organization_2402,Business,Hyderabad,Rajasthan,69,Inactive
O02403,Organization_2403,Criminal_Group,Rajkot,Maharashtra,34,Active
O02404,Organization_2404,Business,Surat,West Bengal,35,Under_Investigation
O02405,Organization_2405,Association,Mumbai,Rajasthan,32,Active
O02406,Organization_2406,NGO,Bhopal,Karnataka,66,Active
O02407,Organization_2407,Criminal_Group,Nagpur,Delhi,3,Active
O02408,Organization_2408,Criminal_Group,Kolkata,Telangana,67,Inactive
O02409,Organization_2409,Association,Vadodara,Uttar Pradesh,63,Active
O02410,Organization_2410,Criminal_Group,Nagpur,Tamil Nadu,34,Inactive
O02411,Organization_2411,NGO,Kolkata,Telangana,1,Active
O02412,Organization_2412,Business,Indore,Karnataka,31,Active
O02413,Organization_2413,NGO,Vadodara,Tamil Nadu,100,Active
O02414,Organization_2414,Business,Surat,Karnataka,12,Active
O02415,Organization_2415,Association,Vadodara,Rajasthan,37,Active
O02416,Organization_2416,Association,Ahmedabad,Delhi,11,Inactive
O02417,Organization_2417,Association,Lucknow,Madhya Pradesh,51,Active
O02418,Organization_2418,Association,Jaipur,West Bengal,10,Active
O02419,Organization_2419,Criminal_Group,Surat,Tamil Nadu,69,Under_Investigation
O02420,Organization_2420,Association,Ahmedabad,Rajasthan,40,Inactive
O02421,Organization_2421,Business,Rajkot,Telangana,46,Active
O02422,Organization_2422,Business,Mumbai,Uttar Pradesh,25,Active
O02423,Organization_2423,Business,Ahmedabad,Gujarat,87,Active
O02424,Organization_2424,NGO,Kolkata,West Bengal,32,Active
O02425,Organization_2425,Company,Vadodara,Delhi,13,Under_Investigation
O02426,Organization_2426,NGO,Hyderabad,Telangana,99,Inactive
O02427,Organization_2427,Business,Bengaluru,Gujarat,30,Active
O02428,Organization_2428,Business,Hyderabad,Karnataka,70,Active
O02429,Organization_2429,Criminal_Group,Jaipur,Uttar Pradesh,34,Active
O02430,Organization_2430,Company,Ahmedabad,Madhya Pradesh,37,Active
O02431,Organization_2431,Association,Surat,Tamil Nadu,51,Inactive
O02432,Organization_2432,Criminal_Group,Nagpur,Uttar Pradesh,51,Inactive
O02433,Organization_2433,Association,Pune,Gujarat,38,Active
O02434,Organization_2434,Criminal_Group,Lucknow,West Bengal,54,Inactive
O02435,Organization_2435,Criminal_Group,Surat,Telangana,11,Active
O02436,Organization_2436,Company,Indore,Delhi,86,Active
O02437,Organization_2437,Company,Kolkata,Karnataka,44,Active
O02438,Organization_2438,Business,Pune,Madhya Pradesh,74,Active
O02439,Organization_2439,NGO,Delhi,Karnataka,76,Active
O02440,Organization_2440,Association,Pune,Rajasthan,44,Active
O02441,Organization_2441,Company,Mumbai,Telangana,15,Active
O02442,Organization_2442,Company,Mumbai,Uttar Pradesh,3,Active
O02443,Organization_2443,Company,Delhi,Rajasthan,36,Active
O02444,Organization_2444,Company,Hyderabad,Delhi,77,Active
O02445,Organization_2445,Criminal_Group,Rajkot,Gujarat,30,Active
O02446,Organization_2446,Business,Kolkata,Tamil Nadu,99,Inactive
O02447,Organization_2447,NGO,Hyderabad,Madhya Pradesh,48,Inactive
O02448,Organization_2448,Company,Chennai,West Bengal,16,Active
O02449,Organization_2449,NGO,Delhi,Telangana,42,Under_Investigation
O02450,Organization_2450,Business,Nagpur,Maharashtra,42,Active
O02451,Organization_2451,Company,Rajkot,West Bengal,67,Active
O02452,Organization_2452,Company,Surat,Maharashtra,64,Active
O02453,Organization_2453,Company,Kolkata,Telangana,98,Active
O02454,Organization_2454,Business,Bhopal,Karnataka,46,Active
O02455,Organization_2455,Company,Mumbai,Maharashtra,70,Under_Investigation
O02456,Organization_2456,Criminal_Group,Delhi,Uttar Pradesh,53,Active
O02457,Organization_2457,Criminal_Group,Jaipur,Uttar Pradesh,89,Active
O02458,Organization_2458,Business,Rajkot,Tamil Nadu,14,Active
O02459,Organization_2459,Company,Bhopal,Madhya Pradesh,15,Active
O02460,Organization_2460,Association,Hyderabad,Uttar Pradesh,77,Active
O02461,Organization_2461,Business,Pune,Madhya Pradesh,95,Active
O02462,Organization_2462,Association,Mumbai,Karnataka,99,Active
O02463,Organization_2463,Company,Delhi,Madhya Pradesh,87,Active
O02464,Organization_2464,Criminal_Group,Nagpur,Rajasthan,73,Active
O02465,Organization_2465,NGO,Ahmedabad,Tamil Nadu,35,Active
O02466,Organization_2466,Criminal_Group,Nagpur,Madhya Pradesh,28,Active
O02467,Organization_2467,Criminal_Group,Vadodara,Gujarat,69,Inactive
O02468,Organization_2468,Association,Ahmedabad,Tamil Nadu,67,Under_Investigation
O02469,Organization_2469,Business,Ahmedabad,Rajasthan,86,Active
O02470,Organization_2470,Criminal_Group,Vadodara,Tamil Nadu,27,Active
O02471,Organization_2471,Association,Mumbai,Delhi,12,Active
O02472,Organization_2472,Business,Surat,Uttar Pradesh,48,Active
O02473,Organization_2473,Association,Indore,Telangana,59,Active
O02474,Organization_2474,Association,Jaipur,Rajasthan,99,Active
O02475,Organization_2475,Criminal_Group,Kolkata,Delhi,99,Active
O02476,Organization_2476,NGO,Bhopal,Karnataka,56,Under_Investigation
O02477,Organization_2477,NGO,Rajkot,Gujarat,90,Active
O02478,Organization_2478,NGO,Lucknow,Telangana,56,Active
O02479,Organization_2479,NGO,Chennai,Tamil Nadu,16,Under_Investigation
O02480,Organization_2480,Business,Rajkot,Maharashtra,86,Active
O02481,Organization_2481,Criminal_Group,Rajkot,Karnataka,86,Active
O02482,Organization_2482,Criminal_Group,Hyderabad,West Bengal,15,Inactive
O02483,Organization_2483,Business,Delhi,Uttar Pradesh,29,Active
O02484,Organization_2484,Criminal_Group,Rajkot,Tamil Nadu,62,Active
O02485,Organization_2485,Criminal_Group,Lucknow,Madhya Pradesh,26,Active
O02486,Organization_2486,Company,Kolkata,Tamil Nadu,51,Active
O02487,Organization_2487,Criminal_Group,Bengaluru,Maharashtra,65,Active
O02488,Organization_2488,Company,Rajkot,Karnataka,66,Active
O02489,Organization_2489,Business,Ahmedabad,Delhi,93,Active
O02490,Organization_2490,Company,Lucknow,Karnataka,43,Active
O02491,Organization_2491,NGO,Mumbai,Telangana,73,Under_Investigation
O02492,Organization_2492,Business,Kolkata,Karnataka,38,Active
O02493,Organization_2493,Business,Bhopal,Gujarat,32,Active
O02494,Organization_2494,Association,Bhopal,Gujarat,85,Active
O02495,Organization_2495,Criminal_Group,Jaipur,Karnataka,30,Active
O02496,Organization_2496,Criminal_Group,Vadodara,Uttar Pradesh,88,Active
O02497,Organization_2497,NGO,Delhi,Telangana,87,Active
O02498,Organization_2498,Company,Indore,Tamil Nadu,25,Active
O02499,Organization_2499,Company,Vadodara,Gujarat,86,Active
O02500,Organization_2500,Company,Pune,Tamil Nadu,50,Under_Investigation
O02501,Organization_2501,Business,Bhopal,Telangana,38,Under_Investigation
O02502,Organization_2502,Company,Chennai,Gujarat,94,Active
O02503,Organization_2503,Business,Surat,Karnataka,23,Active
O02504,Organization_2504,Company,Kolkata,Telangana,53,Inactive
O02505,Organization_2505,NGO,Kolkata,Maharashtra,5,Under_Investigation
O02506,Organization_2506,NGO,Surat,Gujarat,77,Active
O02507,Organization_2507,Company,Vadodara,Gujarat,51,Active
O02508,Organization_2508,Business,Mumbai,Tamil Nadu,68,Active
O02509,Organization_2509,NGO,Kolkata,Karnataka,17,Active
O02510,Organization_2510,Criminal_Group,Vadodara,Uttar Pradesh,10,Under_Investigation
O02511,Organization_2511,Business,Kolkata,Rajasthan,99,Active
O02512,Organization_2512,Company,Surat,Telangana,71,Active
O02513,Organization_2513,Business,Mumbai,Maharashtra,97,Active
O02514,Organization_2514,Criminal_Group,Pune,Rajasthan,67,Active
O02515,Organization_2515,Criminal_Group,Vadodara,West Bengal,48,Active
O02516,Organization_2516,NGO,Ahmedabad,Delhi,12,Active
O02517,Organization_2517,Criminal_Group,Chennai,West Bengal,83,Inactive
O02518,Organization_2518,NGO,Mumbai,Karnataka,79,Active
O02519,Organization_2519,Association,Pune,Gujarat,100,Active
O02520,Organization_2520,NGO,Mumbai,Gujarat,78,Inactive
O02521,Organization_2521,Company,Rajkot,Telangana,9,Inactive
O02522,Organization_2522,Company,Vadodara,Madhya Pradesh,58,Inactive
O02523,Organization_2523,Criminal_Group,Hyderabad,Uttar Pradesh,25,Under_Investigation
O02524,Organization_2524,Business,Surat,Telangana,38,Active
O02525,Organization_2525,Company,Hyderabad,Karnataka,47,Active
O02526,Organization_2526,Business,Bengaluru,Gujarat,41,Active
O02527,Organization_2527,Business,Vadodara,Uttar Pradesh,78,Active
O02528,Organization_2528,Company,Bhopal,Telangana,29,Active
O02529,Organization_2529,Company,Nagpur,West Bengal,70,Inactive
O02530,Organization_2530,Company,Kolkata,Delhi,96,Active
O02531,Organization_2531,Company,Rajkot,West Bengal,8,Active
O02532,Organization_2532,Business,Kolkata,Karnataka,2,Active
O02533,Organization_2533,NGO,Nagpur,Tamil Nadu,45,Active
O02534,Organization_2534,NGO,Hyderabad,Delhi,49,Inactive
O02535,Organization_2535,NGO,Hyderabad,Rajasthan,20,Active
O02536,Organization_2536,Criminal_Group,Nagpur,Telangana,79,Active
O02537,Organization_2537,Business,Hyderabad,Madhya Pradesh,90,Active
O02538,Organization_2538,Business,Indore,Rajasthan,17,Inactive
O02539,Organization_2539,Criminal_Group,Jaipur,Karnataka,90,Active
O02540,Organization_2540,Business,Pune,West Bengal,63,Active
O02541,Organization_2541,Criminal_Group,Nagpur,Rajasthan,38,Under_Investigation
O02542,Organization_2542,NGO,Rajkot,Gujarat,11,Active
O02543,Organization_2543,Association,Indore,Telangana,26,Active
O02544,Organization_2544,Criminal_Group,Rajkot,Maharashtra,10,Active
O02545,Organization_2545,Business,Delhi,Maharashtra,44,Active
O02546,Organization_2546,Company,Chennai,Delhi,66,Active
O02547,Organization_2547,Association,Jaipur,Gujarat,78,Active
O02548,Organization_2548,Association,Indore,Delhi,38,Active
O02549,Organization_2549,Association,Indore,West Bengal,4,Under_Investigation
O02550,Organization_2550,NGO,Delhi,Delhi,28,Inactive
O02551,Organization_2551,NGO,Jaipur,West Bengal,19,Active
O02552,Organization_2552,Company,Vadodara,Madhya Pradesh,11,Active
O02553,Organization_2553,NGO,Ahmedabad,Karnataka,87,Active
O02554,Organization_2554,Business,Delhi,Tamil Nadu,67,Active
O02555,Organization_2555,Company,Delhi,Maharashtra,83,Inactive
O02556,Organization_2556,Association,Rajkot,Gujarat,52,Active
O02557,Organization_2557,Business,Lucknow,Rajasthan,30,Active
O02558,Organization_2558,Criminal_Group,Pune,West Bengal,72,Active
O02559,Organization_2559,Company,Indore,West Bengal,82,Under_Investigation
O02560,Organization_2560,Business,Nagpur,Uttar Pradesh,77,Under_Investigation
O02561,Organization_2561,Business,Bengaluru,West Bengal,50,Under_Investigation
O02562,Organization_2562,Criminal_Group,Surat,West Bengal,90,Active
O02563,Organization_2563,Criminal_Group,Ahmedabad,Madhya Pradesh,3,Active
O02564,Organization_2564,Association,Jaipur,West Bengal,58,Active
O02565,Organization_2565,Criminal_Group,Kolkata,West Bengal,36,Active
O02566,Organization_2566,Criminal_Group,Pune,Rajasthan,80,Under_Investigation
O02567,Organization_2567,Company,Vadodara,Delhi,45,Active
O02568,Organization_2568,Business,Bengaluru,Telangana,52,Active
O02569,Organization_2569,Criminal_Group,Rajkot,Telangana,7,Under_Investigation
O02570,Organization_2570,Company,Delhi,Delhi,46,Inactive
O02571,Organization_2571,Criminal_Group,Kolkata,Telangana,17,Active
O02572,Organization_2572,Business,Hyderabad,Madhya Pradesh,70,Active
O02573,Organization_2573,Criminal_Group,Nagpur,Uttar Pradesh,38,Active
O02574,Organization_2574,Criminal_Group,Jaipur,Delhi,42,Under_Investigation
O02575,Organization_2575,Criminal_Group,Ahmedabad,West Bengal,39,Active
O02576,Organization_2576,NGO,Ahmedabad,Tamil Nadu,74,Active
O02577,Organization_2577,Criminal_Group,Bhopal,Uttar Pradesh,72,Under_Investigation
O02578,Organization_2578,Criminal_Group,Delhi,Gujarat,49,Active
O02579,Organization_2579,Business,Chennai,Karnataka,84,Active
O02580,Organization_2580,Company,Chennai,Telangana,58,Under_Investigation
O02581,Organization_2581,NGO,Bengaluru,Delhi,64,Under_Investigation
O02582,Organization_2582,NGO,Lucknow,Madhya Pradesh,42,Active
O02583,Organization_2583,NGO,Hyderabad,Rajasthan,76,Active
O02584,Organization_2584,Criminal_Group,Surat,Telangana,58,Inactive
O02585,Organization_2585,Company,Jaipur,Uttar Pradesh,40,Active
O02586,Organization_2586,NGO,Rajkot,Gujarat,69,Under_Investigation
O02587,Organization_2587,Criminal_Group,Kolkata,Gujarat,87,Active
O02588,Organization_2588,Company,Hyderabad,Maharashtra,3,Active
O02589,Organization_2589,Business,Mumbai,Uttar Pradesh,43,Active
O02590,Organization_2590,Association,Vadodara,Uttar Pradesh,58,Active
O02591,Organization_2591,Business,Lucknow,Uttar Pradesh,18,Under_Investigation
O02592,Organization_2592,Business,Jaipur,Uttar Pradesh,93,Active
O02593,Organization_2593,Business,Chennai,Uttar Pradesh,25,Active
O02594,Organization_2594,Business,Pune,Maharashtra,72,Active
O02595,Organization_2595,Company,Jaipur,Uttar Pradesh,37,Active
O02596,Organization_2596,Business,Chennai,Telangana,28,Under_Investigation
O02597,Organization_2597,Company,Delhi,West Bengal,62,Inactive
O02598,Organization_2598,Company,Surat,Rajasthan,51,Under_Investigation
O02599,Organization_2599,Criminal_Group,Mumbai,Maharashtra,96,Active
O02600,Organization_2600,Company,Kolkata,Madhya Pradesh,16,Active
O02601,Organization_2601,Company,Hyderabad,Telangana,43,Inactive
O02602,Organization_2602,Association,Hyderabad,Telangana,68,Active
O02603,Organization_2603,Association,Pune,Karnataka,54,Under_Investigation
O02604,Organization_2604,Company,Lucknow,Telangana,19,Inactive
O02605,Organization_2605,Association,Rajkot,West Bengal,60,Active
O02606,Organization_2606,Company,Indore,Tamil Nadu,82,Inactive
O02607,Organization_2607,NGO,Vadodara,Uttar Pradesh,29,Active
O02608,Organization_2608,Criminal_Group,Bhopal,Gujarat,83,Active
O02609,Organization_2609,Criminal_Group,Vadodara,Karnataka,38,Active
O02610,Organization_2610,Criminal_Group,Mumbai,Rajasthan,22,Active
O02611,Organization_2611,Criminal_Group,Kolkata,Maharashtra,1,Active
O02612,Organization_2612,Criminal_Group,Surat,Tamil Nadu,8,Inactive
O02613,Organization_2613,NGO,Chennai,West Bengal,27,Under_Investigation
O02614,Organization_2614,Business,Bhopal,Madhya Pradesh,67,Inactive
O02615,Organization_2615,Criminal_Group,Lucknow,Maharashtra,1,Active
O02616,Organization_2616,NGO,Lucknow,Maharashtra,93,Active
O02617,Organization_2617,Criminal_Group,Bengaluru,West Bengal,35,Active
O02618,Organization_2618,NGO,Delhi,Gujarat,70,Active
O02619,Organization_2619,Criminal_Group,Delhi,Rajasthan,14,Active
O02620,Organization_2620,Criminal_Group,Surat,Madhya Pradesh,88,Under_Investigation
O02621,Organization_2621,Business,Lucknow,Madhya Pradesh,51,Active
O02622,Organization_2622,Criminal_Group,Bengaluru,Karnataka,5,Active
O02623,Organization_2623,Company,Mumbai,Uttar Pradesh,44,Active
O02624,Organization_2624,Company,Kolkata,West Bengal,100,Active
O02625,Organization_2625,Company,Mumbai,Karnataka,61,Active
O02626,Organization_2626,Business,Mumbai,Delhi,58,Active
O02627,Organization_2627,Company,Vadodara,Maharashtra,26,Active
O02628,Organization_2628,Business,Pune,Uttar Pradesh,91,Active
O02629,Organization_2629,Criminal_Group,Surat,Delhi,76,Active
O02630,Organization_2630,Criminal_Group,Jaipur,Karnataka,17,Active
O02631,Organization_2631,Criminal_Group,Jaipur,West Bengal,92,Inactive
O02632,Organization_2632,Company,Hyderabad,Tamil Nadu,95,Under_Investigation
O02633,Organization_2633,Criminal_Group,Pune,Uttar Pradesh,69,Active
O02634,Organization_2634,Business,Chennai,Tamil Nadu,7,Under_Investigation
O02635,Organization_2635,Company,Delhi,Tamil Nadu,94,Active
O02636,Organization_2636,Business,Pune,Delhi,86,Active
O02637,Organization_2637,Criminal_Group,Rajkot,Tamil Nadu,66,Active
O02638,Organization_2638,Company,Chennai,Gujarat,36,Under_Investigation
O02639,Organization_2639,Company,Rajkot,Karnataka,65,Active
O02640,Organization_2640,Association,Pune,Gujarat,100,Active
O02641,Organization_2641,Business,Delhi,Gujarat,49,Active
O02642,Organization_2642,NGO,Surat,West Bengal,96,Active
O02643,Organization_2643,Business,Mumbai,Maharashtra,12,Active
O02644,Organization_2644,NGO,Chennai,Delhi,65,Active
O02645,Organization_2645,Criminal_Group,Kolkata,Telangana,25,Active
O02646,Organization_2646,Criminal_Group,Jaipur,Rajasthan,63,Inactive
O02647,Organization_2647,Business,Vadodara,Karnataka,35,Inactive
O02648,Organization_2648,Criminal_Group,Chennai,West Bengal,64,Active
O02649,Organization_2649,Company,Lucknow,Rajasthan,91,Active
O02650,Organization_2650,Criminal_Group,Bengaluru,Rajasthan,15,Active
O02651,Organization_2651,Company,Pune,Karnataka,25,Inactive
O02652,Organization_2652,Company,Chennai,Tamil Nadu,10,Inactive
O02653,Organization_2653,Company,Lucknow,Delhi,74,Inactive
O02654,Organization_2654,Business,Bengaluru,Madhya Pradesh,13,Active
O02655,Organization_2655,Business,Mumbai,Maharashtra,61,Active
O02656,Organization_2656,Company,Jaipur,Madhya Pradesh,9,Active
O02657,Organization_2657,Business,Bhopal,Rajasthan,12,Active
O02658,Organization_2658,Criminal_Group,Nagpur,Gujarat,76,Active
O02659,Organization_2659,Business,Bengaluru,Karnataka,64,Active
O02660,Organization_2660,Criminal_Group,Jaipur,West Bengal,80,Active
O02661,Organization_2661,Business,Kolkata,Gujarat,92,Active
O02662,Organization_2662,Business,Lucknow,Rajasthan,88,Inactive
O02663,Organization_2663,Company,Surat,West Bengal,39,Inactive
O02664,Organization_2664,Criminal_Group,Kolkata,Maharashtra,4,Active
O02665,Organization_2665,Company,Rajkot,Karnataka,8,Active
O02666,Organization_2666,Company,Kolkata,Karnataka,87,Active
O02667,Organization_2667,Association,Surat,Rajasthan,96,Active
O02668,Organization_2668,Company,Pune,Uttar Pradesh,6,Active
O02669,Organization_2669,NGO,Lucknow,Tamil Nadu,93,Active
O02670,Organization_2670,Business,Nagpur,Gujarat,50,Active
O02671,Organization_2671,Business,Rajkot,Gujarat,31,Active
O02672,Organization_2672,Association,Jaipur,Madhya Pradesh,50,Active
O02673,Organization_2673,NGO,Jaipur,Gujarat,46,Active
O02674,Organization_2674,Association,Vadodara,Telangana,54,Active
O02675,Organization_2675,Criminal_Group,Chennai,Tamil Nadu,85,Under_Investigation
O02676,Organization_2676,Criminal_Group,Ahmedabad,Tamil Nadu,33,Inactive
O02677,Organization_2677,Criminal_Group,Kolkata,West Bengal,18,Active
O02678,Organization_2678,Company,Nagpur,Karnataka,57,Active
O02679,Organization_2679,Business,Nagpur,Telangana,18,Active
O02680,Organization_2680,Company,Kolkata,Karnataka,82,Active
O02681,Organization_2681,Business,Pune,Tamil Nadu,55,Active
O02682,Organization_2682,Business,Indore,West Bengal,46,Active
O02683,Organization_2683,Company,Surat,Karnataka,85,Under_Investigation
O02684,Organization_2684,Criminal_Group,Ahmedabad,West Bengal,47,Active
O02685,Organization_2685,Business,Ahmedabad,Maharashtra,31,Under_Investigation
O02686,Organization_2686,Criminal_Group,Vadodara,Karnataka,38,Active
O02687,Organization_2687,Criminal_Group,Indore,Tamil Nadu,19,Under_Investigation
O02688,Organization_2688,Criminal_Group,Lucknow,Telangana,97,Active
O02689,Organization_2689,Business,Nagpur,Telangana,83,Under_Investigation
O02690,Organization_2690,NGO,Delhi,Maharashtra,73,Under_Investigation
O02691,Organization_2691,NGO,Surat,West Bengal,1,Active
O02692,Organization_2692,NGO,Nagpur,Maharashtra,51,Active
O02693,Organization_2693,Criminal_Group,Chennai,Tamil Nadu,83,Inactive
O02694,Organization_2694,Company,Hyderabad,Gujarat,37,Inactive
O02695,Organization_2695,Company,Mumbai,Delhi,64,Active
O02696,Organization_2696,Company,Surat,Maharashtra,33,Under_Investigation
O02697,Organization_2697,Company,Bengaluru,Karnataka,82,Active
O02698,Organization_2698,Criminal_Group,Nagpur,Rajasthan,64,Inactive
O02699,Organization_2699,Association,Bhopal,Maharashtra,90,Active
O02700,Organization_2700,Company,Indore,Tamil Nadu,81,Active
O02701,Organization_2701,Business,Surat,Karnataka,41,Inactive
O02702,Organization_2702,Business,Ahmedabad,Gujarat,41,Under_Investigation
O02703,Organization_2703,Company,Rajkot,Tamil Nadu,100,Active
O02704,Organization_2704,Criminal_Group,Vadodara,West Bengal,97,Active
O02705,Organization_2705,NGO,Mumbai,Rajasthan,73,Active
O02706,Organization_2706,Business,Chennai,Maharashtra,19,Active
O02707,Organization_2707,Criminal_Group,Lucknow,Karnataka,8,Active
O02708,Organization_2708,Company,Nagpur,Rajasthan,56,Active
O02709,Organization_2709,Criminal_Group,Surat,Maharashtra,64,Active
O02710,Organization_2710,Business,Pune,Uttar Pradesh,53,Active
O02711,Organization_2711,Criminal_Group,Bhopal,Delhi,88,Under_Investigation
O02712,Organization_2712,Company,Pune,Rajasthan,50,Active
O02713,Organization_2713,NGO,Pune,Madhya Pradesh,72,Active
O02714,Organization_2714,Association,Rajkot,Rajasthan,48,Active
O02715,Organization_2715,Criminal_Group,Chennai,Telangana,81,Active
O02716,Organization_2716,Criminal_Group,Surat,Gujarat,71,Active
O02717,Organization_2717,Business,Surat,Delhi,37,Inactive
O02718,Organization_2718,Company,Indore,West Bengal,3,Active
O02719,Organization_2719,Association,Mumbai,Delhi,98,Under_Investigation
O02720,Organization_2720,Criminal_Group,Hyderabad,Telangana,25,Active
O02721,Organization_2721,Criminal_Group,Rajkot,Gujarat,12,Active
O02722,Organization_2722,NGO,Bengaluru,Tamil Nadu,84,Under_Investigation
O02723,Organization_2723,NGO,Kolkata,Gujarat,30,Under_Investigation
O02724,Organization_2724,Criminal_Group,Jaipur,Maharashtra,95,Active
O02725,Organization_2725,Company,Vadodara,Tamil Nadu,80,Under_Investigation
O02726,Organization_2726,NGO,Indore,Maharashtra,12,Active
O02727,Organization_2727,Business,Hyderabad,Tamil Nadu,59,Active
O02728,Organization_2728,Criminal_Group,Mumbai,Madhya Pradesh,9,Active
O02729,Organization_2729,NGO,Bengaluru,Telangana,14,Active
O02730,Organization_2730,Business,Rajkot,West Bengal,5,Under_Investigation
O02731,Organization_2731,Criminal_Group,Hyderabad,Tamil Nadu,66,Inactive
O02732,Organization_2732,Criminal_Group,Lucknow,Gujarat,36,Active
O02733,Organization_2733,Company,Lucknow,Gujarat,56,Under_Investigation
O02734,Organization_2734,Criminal_Group,Bhopal,Gujarat,56,Active
O02735,Organization_2735,Business,Hyderabad,Delhi,48,Active
O02736,Organization_2736,NGO,Hyderabad,Karnataka,96,Inactive
O02737,Organization_2737,Business,Jaipur,West Bengal,38,Active
O02738,Organization_2738,Company,Delhi,Uttar Pradesh,50,Active
O02739,Organization_2739,Company,Kolkata,Madhya Pradesh,19,Active
O02740,Organization_2740,Company,Pune,Uttar Pradesh,10,Under_Investigation
O02741,Organization_2741,Company,Rajkot,Maharashtra,30,Active
O02742,Organization_2742,Business,Bengaluru,Gujarat,56,Active
O02743,Organization_2743,NGO,Bengaluru,Delhi,10,Active
O02744,Organization_2744,Association,Surat,Rajasthan,42,Active
O02745,Organization_2745,Company,Mumbai,Madhya Pradesh,65,Active
O02746,Organization_2746,Company,Kolkata,Madhya Pradesh,22,Inactive
O02747,Organization_2747,Criminal_Group,Bhopal,Madhya Pradesh,37,Inactive
O02748,Organization_2748,Association,Bengaluru,Telangana,55,Active
O02749,Organization_2749,Association,Indore,Telangana,6,Active
O02750,Organization_2750,Association,Kolkata,Karnataka,11,Active
O02751,Organization_2751,Business,Kolkata,West Bengal,17,Active
O02752,Organization_2752,Criminal_Group,Vadodara,West Bengal,84,Inactive
O02753,Organization_2753,Company,Bengaluru,Gujarat,50,Active
O02754,Organization_2754,Company,Kolkata,Rajasthan,6,Active
O02755,Organization_2755,Business,Nagpur,Rajasthan,8,Active
O02756,Organization_2756,Business,Ahmedabad,West Bengal,4,Active
O02757,Organization_2757,Association,Hyderabad,Telangana,26,Active
O02758,Organization_2758,NGO,Indore,Telangana,44,Active
O02759,Organization_2759,Company,Vadodara,Delhi,24,Active
O02760,Organization_2760,NGO,Delhi,Delhi,17,Under_Investigation
O02761,Organization_2761,Association,Hyderabad,Uttar Pradesh,49,Active
O02762,Organization_2762,Criminal_Group,Delhi,Delhi,82,Active
O02763,Organization_2763,Company,Chennai,Delhi,28,Active
O02764,Organization_2764,Criminal_Group,Lucknow,West Bengal,92,Active
O02765,Organization_2765,Business,Kolkata,Telangana,7,Active
O02766,Organization_2766,Company,Kolkata,Karnataka,55,Active
O02767,Organization_2767,Company,Chennai,Delhi,25,Under_Investigation
O02768,Organization_2768,NGO,Mumbai,West Bengal,95,Inactive
O02769,Organization_2769,Association,Ahmedabad,Karnataka,39,Active
O02770,Organization_2770,Business,Pune,Rajasthan,16,Active
O02771,Organization_2771,Criminal_Group,Jaipur,Madhya Pradesh,78,Under_Investigation
O02772,Organization_2772,Company,Delhi,Gujarat,22,Active
O02773,Organization_2773,NGO,Vadodara,Karnataka,2,Inactive
O02774,Organization_2774,Criminal_Group,Pune,Karnataka,2,Active
O02775,Organization_2775,Company,Vadodara,Madhya Pradesh,87,Active
O02776,Organization_2776,Company,Kolkata,Uttar Pradesh,17,Active
O02777,Organization_2777,Association,Bhopal,Delhi,6,Active
O02778,Organization_2778,Business,Bengaluru,Karnataka,27,Active
O02779,Organization_2779,Association,Kolkata,Rajasthan,16,Active
O02780,Organization_2780,NGO,Pune,Rajasthan,85,Active
O02781,Organization_2781,Criminal_Group,Indore,Madhya Pradesh,2,Active
O02782,Organization_2782,Association,Jaipur,Madhya Pradesh,46,Active
O02783,Organization_2783,Company,Nagpur,Tamil Nadu,11,Active
O02784,Organization_2784,Company,Surat,Rajasthan,18,Active
O02785,Organization_2785,Association,Jaipur,Rajasthan,77,Active
O02786,Organization_2786,Business,Lucknow,Tamil Nadu,14,Active
O02787,Organization_2787,Business,Delhi,Gujarat,27,Active
O02788,Organization_2788,Company,Ahmedabad,Gujarat,37,Under_Investigation
O02789,Organization_2789,Criminal_Group,Delhi,Gujarat,99,Inactive
O02790,Organization_2790,Company,Pune,Karnataka,83,Active
O02791,Organization_2791,Company,Rajkot,Maharashtra,34,Active
O02792,Organization_2792,Criminal_Group,Bhopal,West Bengal,85,Active
O02793,Organization_2793,Criminal_Group,Kolkata,Karnataka,17,Active
O02794,Organization_2794,Criminal_Group,Surat,Rajasthan,16,Active
O02795,Organization_2795,Business,Rajkot,Karnataka,92,Active
O02796,Organization_2796,Business,Hyderabad,Karnataka,88,Active
O02797,Organization_2797,Criminal_Group,Delhi,Telangana,21,Active
O02798,Organization_2798,Association,Vadodara,Delhi,36,Active
O02799,Organization_2799,Company,Mumbai,West Bengal,54,Active
O02800,Organization_2800,Company,Pune,West Bengal,58,Active
O02801,Organization_2801,NGO,Hyderabad,Madhya Pradesh,93,Active
O02802,Organization_2802,Company,Chennai,West Bengal,85,Active
O02803,Organization_2803,Criminal_Group,Jaipur,Telangana,8,Active
O02804,Organization_2804,Business,Vadodara,Madhya Pradesh,56,Under_Investigation
O02805,Organization_2805,Business,Lucknow,Delhi,69,Under_Investigation
O02806,Organization_2806,Criminal_Group,Bengaluru,Uttar Pradesh,78,Active
O02807,Organization_2807,Criminal_Group,Ahmedabad,West Bengal,21,Active
O02808,Organization_2808,Company,Surat,Delhi,81,Under_Investigation
O02809,Organization_2809,Criminal_Group,Chennai,Rajasthan,40,Under_Investigation
O02810,Organization_2810,NGO,Lucknow,West Bengal,30,Inactive
O02811,Organization_2811,Company,Nagpur,Madhya Pradesh,45,Inactive
O02812,Organization_2812,Business,Chennai,Rajasthan,37,Active
O02813,Organization_2813,NGO,Kolkata,Uttar Pradesh,82,Active
O02814,Organization_2814,Association,Bengaluru,Uttar Pradesh,2,Under_Investigation
O02815,Organization_2815,Criminal_Group,Ahmedabad,Uttar Pradesh,41,Active
O02816,Organization_2816,Business,Lucknow,Karnataka,1,Active
O02817,Organization_2817,Company,Pune,Uttar Pradesh,12,Active
O02818,Organization_2818,NGO,Nagpur,Telangana,81,Active
O02819,Organization_2819,Criminal_Group,Delhi,Tamil Nadu,37,Inactive
O02820,Organization_2820,Criminal_Group,Bhopal,Karnataka,10,Active
O02821,Organization_2821,Business,Pune,Tamil Nadu,19,Active
O02822,Organization_2822,Company,Indore,Tamil Nadu,72,Inactive
O02823,Organization_2823,Criminal_Group,Rajkot,Delhi,61,Active
O02824,Organization_2824,Business,Surat,Karnataka,82,Active
O02825,Organization_2825,Criminal_Group,Kolkata,West Bengal,60,Active
O02826,Organization_2826,Association,Indore,Maharashtra,22,Active
O02827,Organization_2827,NGO,Chennai,Karnataka,70,Active
O02828,Organization_2828,Business,Ahmedabad,Rajasthan,12,Active
O02829,Organization_2829,Company,Vadodara,Uttar Pradesh,44,Active
O02830,Organization_2830,Company,Chennai,Tamil Nadu,50,Active
O02831,Organization_2831,Criminal_Group,Chennai,Telangana,95,Active
O02832,Organization_2832,Business,Bhopal,Karnataka,30,Active
O02833,Organization_2833,Company,Kolkata,Gujarat,98,Active
O02834,Organization_2834,Business,Lucknow,West Bengal,66,Inactive
O02835,Organization_2835,Criminal_Group,Pune,Uttar Pradesh,48,Inactive
O02836,Organization_2836,Criminal_Group,Nagpur,Uttar Pradesh,28,Active
O02837,Organization_2837,Company,Lucknow,Uttar Pradesh,58,Active
O02838,Organization_2838,Criminal_Group,Kolkata,Rajasthan,95,Active
O02839,Organization_2839,Company,Pune,West Bengal,95,Active
O02840,Organization_2840,Criminal_Group,Delhi,Uttar Pradesh,41,Active
O02841,Organization_2841,Company,Mumbai,Gujarat,92,Active
O02842,Organization_2842,Company,Bhopal,Rajasthan,38,Active
O02843,Organization_2843,Criminal_Group,Nagpur,Tamil Nadu,44,Active
O02844,Organization_2844,Company,Bhopal,Madhya Pradesh,1,Active
O02845,Organization_2845,Criminal_Group,Vadodara,West Bengal,97,Under_Investigation
O02846,Organization_2846,Company,Mumbai,Delhi,30,Active
O02847,Organization_2847,Company,Nagpur,Delhi,70,Active
O02848,Organization_2848,Company,Ahmedabad,Rajasthan,72,Active
O02849,Organization_2849,NGO,Surat,Telangana,10,Active
O02850,Organization_2850,Company,Lucknow,Karnataka,45,Active
O02851,Organization_2851,Business,Vadodara,Uttar Pradesh,66,Inactive
O02852,Organization_2852,Company,Chennai,Karnataka,76,Active
O02853,Organization_2853,Criminal_Group,Rajkot,Karnataka,89,Inactive
O02854,Organization_2854,Business,Mumbai,Tamil Nadu,52,Inactive
O02855,Organization_2855,NGO,Nagpur,Gujarat,81,Under_Investigation
O02856,Organization_2856,Business,Delhi,Telangana,58,Active
O02857,Organization_2857,Association,Indore,Karnataka,85,Active
O02858,Organization_2858,Company,Rajkot,Rajasthan,43,Active
O02859,Organization_2859,Criminal_Group,Indore,Rajasthan,64,Under_Investigation
O02860,Organization_2860,Business,Bengaluru,Madhya Pradesh,6,Active
O02861,Organization_2861,Criminal_Group,Kolkata,Uttar Pradesh,74,Inactive
O02862,Organization_2862,Criminal_Group,Ahmedabad,Maharashtra,86,Inactive
O02863,Organization_2863,Association,Pune,Delhi,4,Active
O02864,Organization_2864,Business,Jaipur,Delhi,72,Under_Investigation
O02865,Organization_2865,Business,Lucknow,West Bengal,52,Inactive
O02866,Organization_2866,Business,Hyderabad,Tamil Nadu,19,Active
O02867,Organization_2867,Business,Delhi,Karnataka,70,Active
O02868,Organization_2868,Company,Chennai,West Bengal,31,Active
O02869,Organization_2869,Association,Indore,Telangana,17,Active
O02870,Organization_2870,Company,Lucknow,Maharashtra,1,Active
O02871,Organization_2871,Criminal_Group,Mumbai,Rajasthan,56,Active
O02872,Organization_2872,Criminal_Group,Delhi,Rajasthan,44,Active
O02873,Organization_2873,Criminal_Group,Ahmedabad,Maharashtra,65,Active
O02874,Organization_2874,NGO,Bhopal,Tamil Nadu,22,Active
O02875,Organization_2875,NGO,Bhopal,West Bengal,25,Inactive
O02876,Organization_2876,Criminal_Group,Kolkata,Maharashtra,2,Active
O02877,Organization_2877,Company,Delhi,Gujarat,47,Active
O02878,Organization_2878,NGO,Surat,West Bengal,85,Inactive
O02879,Organization_2879,Criminal_Group,Pune,Telangana,68,Active
O02880,Organization_2880,Criminal_Group,Ahmedabad,Delhi,17,Inactive
O02881,Organization_2881,Association,Indore,Gujarat,11,Active
O02882,Organization_2882,Company,Bhopal,Tamil Nadu,79,Active
O02883,Organization_2883,Company,Bhopal,Telangana,6,Active
O02884,Organization_2884,Business,Vadodara,Karnataka,12,Active
O02885,Organization_2885,Criminal_Group,Jaipur,Maharashtra,31,Active
O02886,Organization_2886,Association,Mumbai,Maharashtra,37,Active
O02887,Organization_2887,Company,Bhopal,Karnataka,12,Under_Investigation
O02888,Organization_2888,Company,Hyderabad,Delhi,19,Active
O02889,Organization_2889,Association,Delhi,Madhya Pradesh,77,Active
O02890,Organization_2890,Business,Chennai,Gujarat,2,Active
O02891,Organization_2891,Association,Indore,Karnataka,96,Under_Investigation
O02892,Organization_2892,Business,Surat,Karnataka,93,Active
O02893,Organization_2893,Criminal_Group,Indore,Maharashtra,36,Active
O02894,Organization_2894,Criminal_Group,Kolkata,Telangana,7,Active
O02895,Organization_2895,Criminal_Group,Rajkot,Telangana,43,Inactive
O02896,Organization_2896,Business,Delhi,Tamil Nadu,8,Active
O02897,Organization_2897,Association,Vadodara,Maharashtra,25,Active
O02898,Organization_2898,Association,Ahmedabad,Maharashtra,8,Active
O02899,Organization_2899,Company,Bengaluru,Delhi,5,Active
O02900,Organization_2900,Business,Lucknow,Madhya Pradesh,48,Active
O02901,Organization_2901,NGO,Ahmedabad,West Bengal,42,Inactive
O02902,Organization_2902,Criminal_Group,Mumbai,Uttar Pradesh,92,Under_Investigation
O02903,Organization_2903,Criminal_Group,Vadodara,Delhi,23,Active
O02904,Organization_2904,Business,Mumbai,Gujarat,68,Active
O02905,Organization_2905,Business,Pune,Karnataka,64,Inactive
O02906,Organization_2906,Company,Vadodara,Karnataka,32,Active
O02907,Organization_2907,Company,Lucknow,Rajasthan,38,Inactive
O02908,Organization_2908,Company,Hyderabad,Delhi,94,Under_Investigation
O02909,Organization_2909,NGO,Surat,Karnataka,54,Active
O02910,Organization_2910,Company,Jaipur,Rajasthan,36,Inactive
O02911,Organization_2911,Business,Nagpur,Delhi,90,Active
O02912,Organization_2912,Company,Rajkot,Uttar Pradesh,94,Active
O02913,Organization_2913,Company,Indore,West Bengal,66,Active
O02914,Organization_2914,Company,Surat,Madhya Pradesh,32,Inactive
O02915,Organization_2915,NGO,Indore,Madhya Pradesh,39,Active
O02916,Organization_2916,Company,Bhopal,West Bengal,20,Active
O02917,Organization_2917,Business,Surat,Delhi,32,Inactive
O02918,Organization_2918,Criminal_Group,Rajkot,West Bengal,6,Active
O02919,Organization_2919,Criminal_Group,Bengaluru,Delhi,21,Active
O02920,Organization_2920,Business,Jaipur,West Bengal,80,Active
O02921,Organization_2921,Criminal_Group,Hyderabad,Rajasthan,33,Inactive
O02922,Organization_2922,Criminal_Group,Lucknow,Uttar Pradesh,25,Active
O02923,Organization_2923,Association,Jaipur,Uttar Pradesh,77,Active
O02924,Organization_2924,Company,Hyderabad,Karnataka,66,Under_Investigation
O02925,Organization_2925,Company,Rajkot,Uttar Pradesh,56,Inactive
O02926,Organization_2926,Company,Delhi,Rajasthan,83,Active
O02927,Organization_2927,Association,Chennai,Madhya Pradesh,99,Active
O02928,Organization_2928,Company,Chennai,Telangana,44,Active
O02929,Organization_2929,Criminal_Group,Kolkata,Telangana,81,Inactive
O02930,Organization_2930,Business,Bengaluru,Uttar Pradesh,81,Under_Investigation
O02931,Organization_2931,Criminal_Group,Nagpur,Madhya Pradesh,32,Inactive
O02932,Organization_2932,Company,Pune,Rajasthan,74,Active
O02933,Organization_2933,NGO,Lucknow,Maharashtra,3,Active
O02934,Organization_2934,Company,Nagpur,Karnataka,9,Active
O02935,Organization_2935,Company,Surat,Maharashtra,98,Active
O02936,Organization_2936,NGO,Pune,Delhi,60,Active
O02937,Organization_2937,Business,Hyderabad,Karnataka,88,Active
O02938,Organization_2938,Company,Pune,Telangana,78,Under_Investigation
O02939,Organization_2939,NGO,Indore,Maharashtra,7,Active
O02940,Organization_2940,NGO,Vadodara,Rajasthan,20,Active
O02941,Organization_2941,Association,Bhopal,Tamil Nadu,5,Active
O02942,Organization_2942,Business,Nagpur,Maharashtra,51,Active
O02943,Organization_2943,NGO,Delhi,Delhi,19,Active
O02944,Organization_2944,Association,Hyderabad,Rajasthan,22,Inactive
O02945,Organization_2945,NGO,Jaipur,West Bengal,54,Inactive
O02946,Organization_2946,Business,Nagpur,Rajasthan,100,Under_Investigation
O02947,Organization_2947,Company,Bengaluru,Madhya Pradesh,70,Under_Investigation
O02948,Organization_2948,Business,Delhi,Delhi,41,Under_Investigation
O02949,Organization_2949,Criminal_Group,Bhopal,Delhi,49,Inactive
O02950,Organization_2950,NGO,Pune,Tamil Nadu,21,Active
O02951,Organization_2951,Business,Bengaluru,Karnataka,49,Active
O02952,Organization_2952,Business,Bengaluru,Madhya Pradesh,37,Active
O02953,Organization_2953,Company,Delhi,Gujarat,43,Active
O02954,Organization_2954,Company,Bengaluru,Rajasthan,98,Inactive
O02955,Organization_2955,NGO,Delhi,Telangana,47,Active
O02956,Organization_2956,Criminal_Group,Jaipur,Rajasthan,21,Active
O02957,Organization_2957,Criminal_Group,Surat,Maharashtra,66,Active
O02958,Organization_2958,NGO,Hyderabad,Uttar Pradesh,96,Under_Investigation
O02959,Organization_2959,NGO,Hyderabad,Madhya Pradesh,89,Active
O02960,Organization_2960,Company,Indore,West Bengal,92,Under_Investigation
O02961,Organization_2961,Business,Delhi,Rajasthan,48,Active
O02962,Organization_2962,Association,Nagpur,Uttar Pradesh,3,Under_Investigation
O02963,Organization_2963,Company,Bengaluru,Gujarat,78,Active
O02964,Organization_2964,Criminal_Group,Bengaluru,Delhi,61,Under_Investigation
O02965,Organization_2965,Association,Bhopal,Rajasthan,80,Under_Investigation
O02966,Organization_2966,Company,Bhopal,Rajasthan,80,Under_Investigation
O02967,Organization_2967,Company,Pune,Telangana,70,Active
O02968,Organization_2968,Company,Pune,Rajasthan,50,Inactive
O02969,Organization_2969,Criminal_Group,Ahmedabad,Karnataka,17,Active
O02970,Organization_2970,Company,Nagpur,Madhya Pradesh,23,Active
O02971,Organization_2971,Criminal_Group,Ahmedabad,Madhya Pradesh,58,Active
O02972,Organization_2972,Business,Indore,Madhya Pradesh,12,Under_Investigation
O02973,Organization_2973,Criminal_Group,Jaipur,Telangana,22,Active
O02974,Organization_2974,NGO,Pune,West Bengal,69,Inactive
O02975,Organization_2975,Criminal_Group,Rajkot,Karnataka,67,Active
O02976,Organization_2976,Business,Hyderabad,West Bengal,12,Active
O02977,Organization_2977,Criminal_Group,Bengaluru,Delhi,3,Active
O02978,Organization_2978,Company,Delhi,Uttar Pradesh,61,Under_Investigation
O02979,Organization_2979,Company,Ahmedabad,Maharashtra,46,Under_Investigation
O02980,Organization_2980,Criminal_Group,Lucknow,Gujarat,51,Under_Investigation
O02981,Organization_2981,Company,Pune,Telangana,20,Inactive
O02982,Organization_2982,NGO,Bengaluru,Rajasthan,79,Under_Investigation
O02983,Organization_2983,Association,Pune,Gujarat,34,Active
O02984,Organization_2984,Criminal_Group,Surat,Karnataka,94,Active
O02985,Organization_2985,Company,Surat,West Bengal,46,Inactive
O02986,Organization_2986,NGO,Kolkata,Karnataka,14,Active
O02987,Organization_2987,Criminal_Group,Bengaluru,Karnataka,35,Active
O02988,Organization_2988,Company,Ahmedabad,Tamil Nadu,64,Active
O02989,Organization_2989,Association,Indore,Gujarat,77,Active
O02990,Organization_2990,NGO,Mumbai,Uttar Pradesh,24,Under_Investigation
O02991,Organization_2991,NGO,Lucknow,Delhi,25,Active
O02992,Organization_2992,Criminal_Group,Bengaluru,Telangana,7,Active
O02993,Organization_2993,Business,Jaipur,Maharashtra,93,Active
O02994,Organization_2994,Business,Rajkot,Karnataka,6,Active
O02995,Organization_2995,Company,Bengaluru,West Bengal,71,Active
O02996,Organization_2996,Criminal_Group,Ahmedabad,Delhi,43,Under_Investigation
O02997,Organization_2997,Company,Rajkot,Madhya Pradesh,33,Inactive
O02998,Organization_2998,Criminal_Group,Rajkot,West Bengal,49,Active
O02999,Organization_2999,Criminal_Group,Bengaluru,West Bengal,37,Under_Investigation
O03000,Organization_3000,NGO,Bengaluru,Madhya Pradesh,34,Active
O03001,Organization_3001,Business,Jaipur,Karnataka,55,Active
O03002,Organization_3002,NGO,Kolkata,West Bengal,49,Active
O03003,Organization_3003,Company,Delhi,Tamil Nadu,60,Active
O03004,Organization_3004,Company,Indore,Uttar Pradesh,29,Under_Investigation
O03005,Organization_3005,Criminal_Group,Kolkata,Tamil Nadu,21,Active
O03006,Organization_3006,Company,Jaipur,Madhya Pradesh,58,Active
O03007,Organization_3007,Company,Hyderabad,West Bengal,29,Under_Investigation
O03008,Organization_3008,Company,Hyderabad,Tamil Nadu,63,Active
O03009,Organization_3009,Company,Bengaluru,Delhi,98,Active
O03010,Organization_3010,Company,Hyderabad,Madhya Pradesh,29,Active
O03011,Organization_3011,NGO,Surat,Maharashtra,29,Active
O03012,Organization_3012,Company,Jaipur,Uttar Pradesh,43,Active
O03013,Organization_3013,Association,Rajkot,Madhya Pradesh,92,Under_Investigation
O03014,Organization_3014,Criminal_Group,Surat,Madhya Pradesh,83,Active
O03015,Organization_3015,NGO,Chennai,Uttar Pradesh,79,Active
O03016,Organization_3016,Criminal_Group,Indore,Delhi,72,Inactive
O03017,Organization_3017,NGO,Nagpur,Delhi,18,Active
O03018,Organization_3018,Criminal_Group,Jaipur,Telangana,97,Active
O03019,Organization_3019,Company,Bhopal,Uttar Pradesh,87,Active
O03020,Organization_3020,Criminal_Group,Vadodara,Telangana,53,Active
O03021,Organization_3021,Criminal_Group,Ahmedabad,Telangana,90,Active
O03022,Organization_3022,Criminal_Group,Indore,Rajasthan,42,Active
O03023,Organization_3023,Business,Bhopal,Gujarat,65,Inactive
O03024,Organization_3024,Criminal_Group,Hyderabad,West Bengal,57,Active
O03025,Organization_3025,Company,Nagpur,Rajasthan,80,Active
O03026,Organization_3026,Company,Mumbai,Madhya Pradesh,67,Active
O03027,Organization_3027,Company,Vadodara,Tamil Nadu,91,Active
O03028,Organization_3028,NGO,Kolkata,Tamil Nadu,26,Active
O03029,Organization_3029,Company,Nagpur,Madhya Pradesh,76,Active
O03030,Organization_3030,Company,Delhi,Uttar Pradesh,95,Active
O03031,Organization_3031,Company,Delhi,Maharashtra,40,Active
O03032,Organization_3032,Association,Lucknow,Karnataka,43,Active
O03033,Organization_3033,Criminal_Group,Vadodara,Uttar Pradesh,51,Inactive
O03034,Organization_3034,Business,Rajkot,Uttar Pradesh,86,Inactive
O03035,Organization_3035,Company,Nagpur,Telangana,97,Inactive
O03036,Organization_3036,Criminal_Group,Nagpur,Delhi,18,Active
O03037,Organization_3037,NGO,Kolkata,West Bengal,69,Active
O03038,Organization_3038,Business,Kolkata,Delhi,98,Active
O03039,Organization_3039,Business,Lucknow,Telangana,45,Active
O03040,Organization_3040,Criminal_Group,Bengaluru,Delhi,91,Active
O03041,Organization_3041,Company,Delhi,Tamil Nadu,28,Active
O03042,Organization_3042,Criminal_Group,Ahmedabad,Delhi,90,Active
O03043,Organization_3043,Company,Ahmedabad,Rajasthan,42,Active
O03044,Organization_3044,Business,Delhi,Telangana,12,Active
O03045,Organization_3045,Criminal_Group,Lucknow,Telangana,47,Active
O03046,Organization_3046,Business,Ahmedabad,Gujarat,75,Inactive
O03047,Organization_3047,Criminal_Group,Bengaluru,Uttar Pradesh,11,Active
O03048,Organization_3048,Criminal_Group,Mumbai,Rajasthan,33,Active
O03049,Organization_3049,Business,Pune,Uttar Pradesh,16,Active
O03050,Organization_3050,Company,Jaipur,Telangana,59,Inactive
O03051,Organization_3051,Business,Pune,Gujarat,69,Active
O03052,Organization_3052,Association,Surat,Delhi,56,Active
O03053,Organization_3053,NGO,Rajkot,Madhya Pradesh,92,Active
O03054,Organization_3054,Business,Lucknow,Maharashtra,79,Inactive
O03055,Organization_3055,Association,Nagpur,West Bengal,54,Inactive
O03056,Organization_3056,Criminal_Group,Rajkot,Madhya Pradesh,67,Active
O03057,Organization_3057,Criminal_Group,Kolkata,Maharashtra,22,Inactive
O03058,Organization_3058,Association,Delhi,Karnataka,28,Inactive
O03059,Organization_3059,Company,Bhopal,Gujarat,13,Active
O03060,Organization_3060,Company,Chennai,Delhi,27,Active
O03061,Organization_3061,NGO,Kolkata,Uttar Pradesh,18,Active
O03062,Organization_3062,NGO,Kolkata,Delhi,99,Active
O03063,Organization_3063,Company,Delhi,Telangana,99,Inactive
O03064,Organization_3064,Company,Nagpur,Madhya Pradesh,79,Active
O03065,Organization_3065,Criminal_Group,Bhopal,Madhya Pradesh,38,Inactive
O03066,Organization_3066,Criminal_Group,Lucknow,Uttar Pradesh,53,Active
O03067,Organization_3067,Criminal_Group,Ahmedabad,Telangana,26,Active
O03068,Organization_3068,Association,Bhopal,Telangana,75,Under_Investigation
O03069,Organization_3069,Company,Vadodara,Karnataka,24,Active
O03070,Organization_3070,Criminal_Group,Vadodara,Gujarat,44,Active
O03071,Organization_3071,NGO,Chennai,West Bengal,99,Inactive
O03072,Organization_3072,Company,Hyderabad,West Bengal,8,Active
O03073,Organization_3073,NGO,Pune,Gujarat,95,Active
O03074,Organization_3074,Company,Indore,Tamil Nadu,78,Active
O03075,Organization_3075,Business,Mumbai,Karnataka,27,Inactive
O03076,Organization_3076,Business,Bengaluru,Rajasthan,8,Active
O03077,Organization_3077,Business,Bengaluru,Karnataka,50,Inactive
O03078,Organization_3078,Company,Hyderabad,West Bengal,45,Active
O03079,Organization_3079,Business,Bengaluru,Uttar Pradesh,77,Inactive
O03080,Organization_3080,Company,Mumbai,Maharashtra,76,Active
O03081,Organization_3081,Company,Chennai,Gujarat,45,Active
O03082,Organization_3082,Business,Pune,Delhi,56,Active
O03083,Organization_3083,Business,Lucknow,Delhi,92,Inactive
O03084,Organization_3084,Association,Nagpur,Gujarat,83,Inactive
O03085,Organization_3085,Company,Indore,Delhi,53,Active
O03086,Organization_3086,Company,Pune,Delhi,1,Active
O03087,Organization_3087,Company,Rajkot,Delhi,42,Active
O03088,Organization_3088,Business,Jaipur,Karnataka,87,Active
O03089,Organization_3089,Company,Pune,Telangana,91,Active
O03090,Organization_3090,Association,Jaipur,Delhi,73,Active
O03091,Organization_3091,Criminal_Group,Nagpur,West Bengal,34,Active
O03092,Organization_3092,Company,Bengaluru,Telangana,34,Active
O03093,Organization_3093,Business,Chennai,Uttar Pradesh,13,Inactive
O03094,Organization_3094,Company,Jaipur,West Bengal,32,Under_Investigation
O03095,Organization_3095,Criminal_Group,Mumbai,Delhi,50,Active
O03096,Organization_3096,Company,Vadodara,Rajasthan,78,Under_Investigation
O03097,Organization_3097,Company,Indore,Rajasthan,8,Active
O03098,Organization_3098,NGO,Vadodara,Karnataka,31,Active
O03099,Organization_3099,Criminal_Group,Lucknow,Delhi,33,Inactive
O03100,Organization_3100,Company,Bengaluru,Maharashtra,93,Active
O03101,Organization_3101,Association,Rajkot,Tamil Nadu,28,Inactive
O03102,Organization_3102,Criminal_Group,Indore,Telangana,69,Inactive
O03103,Organization_3103,Association,Pune,Gujarat,74,Active
O03104,Organization_3104,Business,Chennai,Uttar Pradesh,36,Active
O03105,Organization_3105,Criminal_Group,Bhopal,Gujarat,17,Active
O03106,Organization_3106,Company,Rajkot,Karnataka,25,Inactive
O03107,Organization_3107,Criminal_Group,Chennai,Karnataka,32,Under_Investigation
O03108,Organization_3108,Business,Rajkot,Tamil Nadu,76,Active
O03109,Organization_3109,NGO,Vadodara,Tamil Nadu,49,Under_Investigation
O03110,Organization_3110,Criminal_Group,Chennai,Telangana,20,Active
O03111,Organization_3111,Company,Hyderabad,Gujarat,87,Active
O03112,Organization_3112,Criminal_Group,Lucknow,Madhya Pradesh,97,Active
O03113,Organization_3113,Company,Bengaluru,Telangana,84,Active
O03114,Organization_3114,Association,Surat,Karnataka,86,Active
O03115,Organization_3115,Association,Jaipur,Delhi,91,Active
O03116,Organization_3116,Criminal_Group,Vadodara,Gujarat,83,Active
O03117,Organization_3117,Business,Delhi,West Bengal,30,Under_Investigation
O03118,Organization_3118,Business,Vadodara,West Bengal,90,Inactive
O03119,Organization_3119,Business,Kolkata,Maharashtra,97,Under_Investigation
O03120,Organization_3120,Company,Lucknow,Rajasthan,18,Active
O03121,Organization_3121,Company,Lucknow,Delhi,39,Inactive
O03122,Organization_3122,Criminal_Group,Indore,Maharashtra,92,Active
O03123,Organization_3123,Criminal_Group,Indore,Madhya Pradesh,17,Active
O03124,Organization_3124,Company,Indore,Karnataka,38,Active
O03125,Organization_3125,Company,Surat,Telangana,40,Active
O03126,Organization_3126,Criminal_Group,Bengaluru,Uttar Pradesh,36,Active
O03127,Organization_3127,Business,Mumbai,Delhi,61,Active
O03128,Organization_3128,Criminal_Group,Rajkot,Telangana,100,Active
O03129,Organization_3129,NGO,Ahmedabad,Madhya Pradesh,93,Active
O03130,Organization_3130,Criminal_Group,Pune,Delhi,33,Active
O03131,Organization_3131,Association,Jaipur,Telangana,34,Active
O03132,Organization_3132,Company,Ahmedabad,Madhya Pradesh,90,Active
O03133,Organization_3133,Company,Vadodara,Gujarat,56,Active
O03134,Organization_3134,Criminal_Group,Rajkot,West Bengal,83,Inactive
O03135,Organization_3135,Criminal_Group,Bengaluru,Telangana,64,Active
O03136,Organization_3136,Company,Surat,Karnataka,25,Active
O03137,Organization_3137,Criminal_Group,Kolkata,Maharashtra,94,Under_Investigation
O03138,Organization_3138,Criminal_Group,Mumbai,Rajasthan,68,Active
O03139,Organization_3139,Business,Kolkata,Karnataka,6,Active
O03140,Organization_3140,Criminal_Group,Nagpur,Gujarat,11,Active
O03141,Organization_3141,NGO,Nagpur,Maharashtra,66,Inactive
O03142,Organization_3142,Company,Vadodara,Rajasthan,83,Inactive
O03143,Organization_3143,Company,Indore,Uttar Pradesh,2,Under_Investigation
O03144,Organization_3144,Company,Pune,Karnataka,31,Active
O03145,Organization_3145,NGO,Mumbai,Maharashtra,35,Active
O03146,Organization_3146,NGO,Mumbai,Tamil Nadu,21,Active
O03147,Organization_3147,Company,Mumbai,Madhya Pradesh,94,Active
O03148,Organization_3148,Criminal_Group,Delhi,Rajasthan,55,Active
O03149,Organization_3149,Criminal_Group,Indore,West Bengal,34,Under_Investigation
O03150,Organization_3150,Criminal_Group,Vadodara,Madhya Pradesh,62,Active
O03151,Organization_3151,Business,Pune,Karnataka,54,Active
O03152,Organization_3152,Business,Rajkot,Delhi,3,Active
O03153,Organization_3153,Criminal_Group,Indore,Gujarat,38,Active
O03154,Organization_3154,Business,Rajkot,Karnataka,80,Active
O03155,Organization_3155,Company,Bengaluru,Uttar Pradesh,82,Active
O03156,Organization_3156,Business,Kolkata,Maharashtra,23,Active
O03157,Organization_3157,Criminal_Group,Mumbai,West Bengal,14,Active
O03158,Organization_3158,Criminal_Group,Delhi,West Bengal,3,Under_Investigation
O03159,Organization_3159,Criminal_Group,Vadodara,West Bengal,76,Active
O03160,Organization_3160,NGO,Chennai,Madhya Pradesh,62,Under_Investigation
O03161,Organization_3161,Criminal_Group,Mumbai,Uttar Pradesh,73,Active
O03162,Organization_3162,Business,Kolkata,Tamil Nadu,39,Inactive
O03163,Organization_3163,NGO,Hyderabad,Rajasthan,94,Active
O03164,Organization_3164,Company,Indore,Gujarat,13,Active
O03165,Organization_3165,Company,Surat,Uttar Pradesh,81,Active
O03166,Organization_3166,Criminal_Group,Lucknow,Telangana,92,Active
O03167,Organization_3167,Association,Lucknow,Tamil Nadu,45,Active
O03168,Organization_3168,Company,Kolkata,Karnataka,60,Active
O03169,Organization_3169,Business,Pune,Tamil Nadu,91,Inactive
O03170,Organization_3170,Business,Delhi,Telangana,49,Active
O03171,Organization_3171,NGO,Bengaluru,Madhya Pradesh,13,Inactive
O03172,Organization_3172,Criminal_Group,Indore,Gujarat,54,Active
O03173,Organization_3173,Criminal_Group,Bhopal,Karnataka,75,Active
O03174,Organization_3174,Company,Hyderabad,West Bengal,60,Under_Investigation
O03175,Organization_3175,Company,Nagpur,West Bengal,73,Active
O03176,Organization_3176,Company,Kolkata,Maharashtra,97,Active
O03177,Organization_3177,NGO,Rajkot,Uttar Pradesh,28,Active
O03178,Organization_3178,Criminal_Group,Vadodara,Madhya Pradesh,39,Active
O03179,Organization_3179,Company,Pune,West Bengal,17,Under_Investigation
O03180,Organization_3180,Company,Jaipur,West Bengal,61,Active
O03181,Organization_3181,Business,Kolkata,Delhi,96,Under_Investigation
O03182,Organization_3182,Business,Delhi,Delhi,57,Active
O03183,Organization_3183,Business,Kolkata,Maharashtra,39,Active
O03184,Organization_3184,Business,Ahmedabad,Tamil Nadu,68,Active
O03185,Organization_3185,Association,Indore,Telangana,41,Active
O03186,Organization_3186,NGO,Surat,Rajasthan,42,Under_Investigation
O03187,Organization_3187,Association,Mumbai,Gujarat,93,Under_Investigation
O03188,Organization_3188,Business,Surat,Karnataka,74,Inactive
O03189,Organization_3189,Criminal_Group,Bhopal,Telangana,62,Under_Investigation
O03190,Organization_3190,Company,Hyderabad,Delhi,98,Inactive
O03191,Organization_3191,Company,Kolkata,Rajasthan,10,Under_Investigation
O03192,Organization_3192,Criminal_Group,Vadodara,Karnataka,94,Active
O03193,Organization_3193,Criminal_Group,Surat,Telangana,100,Under_Investigation
O03194,Organization_3194,Criminal_Group,Delhi,Rajasthan,71,Active
O03195,Organization_3195,Criminal_Group,Nagpur,Rajasthan,35,Active
O03196,Organization_3196,Criminal_Group,Pune,West Bengal,68,Under_Investigation
O03197,Organization_3197,NGO,Mumbai,Tamil Nadu,43,Active
O03198,Organization_3198,NGO,Nagpur,Karnataka,6,Active
O03199,Organization_3199,Company,Vadodara,Madhya Pradesh,44,Under_Investigation
O03200,Organization_3200,Criminal_Group,Vadodara,West Bengal,59,Active
O03201,Organization_3201,Business,Bhopal,Karnataka,16,Active
O03202,Organization_3202,Business,Vadodara,Maharashtra,27,Active
O03203,Organization_3203,Business,Jaipur,Uttar Pradesh,13,Active
O03204,Organization_3204,Business,Rajkot,Karnataka,91,Active
O03205,Organization_3205,NGO,Surat,Rajasthan,31,Active
O03206,Organization_3206,Business,Pune,Karnataka,10,Active
O03207,Organization_3207,Association,Mumbai,Madhya Pradesh,25,Active
O03208,Organization_3208,NGO,Vadodara,Rajasthan,14,Active
O03209,Organization_3209,Association,Kolkata,Telangana,15,Active
O03210,Organization_3210,Company,Surat,Telangana,38,Active
O03211,Organization_3211,Business,Kolkata,Rajasthan,30,Inactive
O03212,Organization_3212,Criminal_Group,Delhi,Tamil Nadu,67,Active
O03213,Organization_3213,Business,Surat,Karnataka,4,Under_Investigation
O03214,Organization_3214,Criminal_Group,Bhopal,West Bengal,29,Active
O03215,Organization_3215,Company,Delhi,Gujarat,3,Active
O03216,Organization_3216,NGO,Bhopal,Uttar Pradesh,30,Under_Investigation
O03217,Organization_3217,Company,Kolkata,Tamil Nadu,14,Active
O03218,Organization_3218,Company,Mumbai,Delhi,64,Active
O03219,Organization_3219,Company,Kolkata,Madhya Pradesh,70,Active
O03220,Organization_3220,Business,Pune,Maharashtra,63,Active
O03221,Organization_3221,NGO,Chennai,Rajasthan,62,Active
O03222,Organization_3222,Criminal_Group,Vadodara,Delhi,32,Active
O03223,Organization_3223,Business,Ahmedabad,Uttar Pradesh,38,Active
O03224,Organization_3224,Company,Hyderabad,Delhi,6,Under_Investigation
O03225,Organization_3225,Company,Jaipur,Tamil Nadu,69,Active
O03226,Organization_3226,Company,Hyderabad,Gujarat,72,Under_Investigation
O03227,Organization_3227,NGO,Surat,West Bengal,72,Active
O03228,Organization_3228,Criminal_Group,Bhopal,Maharashtra,23,Active
O03229,Organization_3229,Association,Chennai,Rajasthan,27,Active
O03230,Organization_3230,NGO,Nagpur,Karnataka,79,Active
O03231,Organization_3231,Company,Jaipur,Uttar Pradesh,99,Active
O03232,Organization_3232,Business,Indore,Uttar Pradesh,23,Active
O03233,Organization_3233,Criminal_Group,Bhopal,Karnataka,93,Active
O03234,Organization_3234,NGO,Delhi,Uttar Pradesh,11,Under_Investigation
O03235,Organization_3235,Association,Hyderabad,Madhya Pradesh,87,Active
O03236,Organization_3236,Association,Kolkata,Delhi,59,Under_Investigation
O03237,Organization_3237,Company,Bengaluru,Rajasthan,56,Active
O03238,Organization_3238,NGO,Rajkot,Gujarat,81,Active
O03239,Organization_3239,Business,Surat,Uttar Pradesh,67,Active
O03240,Organization_3240,Criminal_Group,Nagpur,Karnataka,31,Under_Investigation
O03241,Organization_3241,Business,Mumbai,Delhi,34,Active
O03242,Organization_3242,Company,Rajkot,Gujarat,27,Inactive
O03243,Organization_3243,Criminal_Group,Hyderabad,Uttar Pradesh,89,Under_Investigation
O03244,Organization_3244,Company,Hyderabad,Uttar Pradesh,85,Under_Investigation
O03245,Organization_3245,Business,Jaipur,Madhya Pradesh,93,Under_Investigation
O03246,Organization_3246,Company,Jaipur,Delhi,9,Inactive
O03247,Organization_3247,Criminal_Group,Pune,Gujarat,81,Under_Investigation
O03248,Organization_3248,Association,Nagpur,Telangana,14,Active
O03249,Organization_3249,Criminal_Group,Pune,Rajasthan,83,Active
O03250,Organization_3250,Criminal_Group,Chennai,Delhi,23,Active
O03251,Organization_3251,Criminal_Group,Bhopal,Karnataka,3,Active
O03252,Organization_3252,Company,Hyderabad,Tamil Nadu,81,Active
O03253,Organization_3253,Business,Lucknow,Telangana,33,Active
O03254,Organization_3254,Criminal_Group,Kolkata,Delhi,10,Inactive
O03255,Organization_3255,Company,Jaipur,Tamil Nadu,5,Active
O03256,Organization_3256,Business,Mumbai,Tamil Nadu,67,Active
O03257,Organization_3257,Association,Chennai,Karnataka,49,Inactive
O03258,Organization_3258,Association,Kolkata,Delhi,11,Under_Investigation
O03259,Organization_3259,Association,Bengaluru,Madhya Pradesh,94,Active
O03260,Organization_3260,Criminal_Group,Bhopal,Tamil Nadu,94,Under_Investigation
O03261,Organization_3261,Business,Vadodara,Madhya Pradesh,75,Active
O03262,Organization_3262,Association,Jaipur,Rajasthan,47,Active
O03263,Organization_3263,Company,Vadodara,Karnataka,19,Active
O03264,Organization_3264,Business,Bengaluru,Gujarat,46,Active
O03265,Organization_3265,Company,Mumbai,West Bengal,52,Active
O03266,Organization_3266,Criminal_Group,Pune,Rajasthan,55,Active
O03267,Organization_3267,Company,Delhi,Karnataka,1,Active
O03268,Organization_3268,Criminal_Group,Ahmedabad,Uttar Pradesh,77,Active
O03269,Organization_3269,Company,Kolkata,Maharashtra,54,Under_Investigation
O03270,Organization_3270,Company,Hyderabad,Tamil Nadu,93,Active
O03271,Organization_3271,Criminal_Group,Indore,Tamil Nadu,75,Active
O03272,Organization_3272,Company,Rajkot,Maharashtra,79,Active
O03273,Organization_3273,Company,Kolkata,Telangana,36,Under_Investigation
O03274,Organization_3274,Criminal_Group,Pune,Telangana,5,Active
O03275,Organization_3275,Criminal_Group,Lucknow,Delhi,21,Active
O03276,Organization_3276,Company,Bengaluru,Telangana,62,Active
O03277,Organization_3277,Criminal_Group,Lucknow,Rajasthan,9,Active
O03278,Organization_3278,Company,Bhopal,Gujarat,71,Active
O03279,Organization_3279,Company,Nagpur,Uttar Pradesh,1,Active
O03280,Organization_3280,Criminal_Group,Kolkata,Madhya Pradesh,52,Active
O03281,Organization_3281,Criminal_Group,Pune,Telangana,6,Active
O03282,Organization_3282,Company,Kolkata,Rajasthan,11,Active
O03283,Organization_3283,Company,Lucknow,Uttar Pradesh,16,Inactive
O03284,Organization_3284,Company,Nagpur,Tamil Nadu,37,Under_Investigation
O03285,Organization_3285,NGO,Hyderabad,West Bengal,66,Inactive
O03286,Organization_3286,Criminal_Group,Bhopal,Gujarat,54,Active
O03287,Organization_3287,Company,Mumbai,Rajasthan,26,Active
O03288,Organization_3288,Criminal_Group,Surat,Maharashtra,15,Active
O03289,Organization_3289,Company,Hyderabad,Karnataka,72,Active
O03290,Organization_3290,Criminal_Group,Indore,Delhi,35,Under_Investigation
O03291,Organization_3291,NGO,Jaipur,Rajasthan,61,Active
O03292,Organization_3292,Company,Rajkot,Telangana,28,Active
O03293,Organization_3293,Business,Surat,Karnataka,40,Inactive
O03294,Organization_3294,Company,Indore,West Bengal,10,Inactive
O03295,Organization_3295,Criminal_Group,Bhopal,Uttar Pradesh,31,Active
O03296,Organization_3296,Company,Indore,Uttar Pradesh,2,Active
O03297,Organization_3297,Criminal_Group,Kolkata,Delhi,5,Active
O03298,Organization_3298,Criminal_Group,Vadodara,Karnataka,64,Active
O03299,Organization_3299,Association,Kolkata,Telangana,96,Active
O03300,Organization_3300,Criminal_Group,Lucknow,Rajasthan,70,Inactive
O03301,Organization_3301,Criminal_Group,Hyderabad,Karnataka,85,Active
O03302,Organization_3302,Company,Hyderabad,Rajasthan,79,Active
O03303,Organization_3303,Company,Bengaluru,Maharashtra,39,Active
O03304,Organization_3304,Association,Rajkot,Karnataka,37,Inactive
O03305,Organization_3305,NGO,Bhopal,Karnataka,29,Active
O03306,Organization_3306,Company,Hyderabad,Madhya Pradesh,96,Active
O03307,Organization_3307,Criminal_Group,Vadodara,Maharashtra,65,Active
O03308,Organization_3308,NGO,Mumbai,Rajasthan,92,Active
O03309,Organization_3309,Company,Pune,Delhi,37,Under_Investigation
O03310,Organization_3310,Criminal_Group,Chennai,Tamil Nadu,100,Active
O03311,Organization_3311,Criminal_Group,Vadodara,Tamil Nadu,17,Active
O03312,Organization_3312,Company,Nagpur,Karnataka,82,Active
O03313,Organization_3313,Company,Bhopal,Telangana,49,Active
O03314,Organization_3314,Criminal_Group,Pune,Delhi,79,Inactive
O03315,Organization_3315,Company,Bengaluru,Madhya Pradesh,75,Active
O03316,Organization_3316,Criminal_Group,Ahmedabad,Uttar Pradesh,4,Active
O03317,Organization_3317,NGO,Hyderabad,Gujarat,81,Active
O03318,Organization_3318,Company,Ahmedabad,Delhi,5,Under_Investigation
O03319,Organization_3319,NGO,Rajkot,West Bengal,28,Inactive
O03320,Organization_3320,NGO,Surat,Delhi,30,Inactive
O03321,Organization_3321,Association,Mumbai,Tamil Nadu,17,Active
O03322,Organization_3322,NGO,Bengaluru,Maharashtra,50,Active
O03323,Organization_3323,Association,Surat,Gujarat,77,Active
O03324,Organization_3324,Company,Kolkata,Tamil Nadu,72,Under_Investigation
O03325,Organization_3325,Company,Bhopal,Karnataka,61,Active
O03326,Organization_3326,Company,Bengaluru,Maharashtra,46,Active
O03327,Organization_3327,Company,Nagpur,Uttar Pradesh,51,Under_Investigation
O03328,Organization_3328,Company,Vadodara,Tamil Nadu,52,Active
O03329,Organization_3329,Criminal_Group,Rajkot,Uttar Pradesh,5,Active
O03330,Organization_3330,Company,Indore,Uttar Pradesh,75,Active
O03331,Organization_3331,Criminal_Group,Surat,West Bengal,94,Active
O03332,Organization_3332,Business,Bengaluru,Maharashtra,54,Active
O03333,Organization_3333,Criminal_Group,Lucknow,Uttar Pradesh,42,Active
O03334,Organization_3334,Company,Delhi,Karnataka,82,Active
O03335,Organization_3335,Business,Hyderabad,Rajasthan,64,Active
O03336,Organization_3336,Company,Pune,Karnataka,94,Active
O03337,Organization_3337,Company,Surat,Uttar Pradesh,37,Active
O03338,Organization_3338,Criminal_Group,Indore,Uttar Pradesh,31,Inactive
O03339,Organization_3339,Company,Pune,Maharashtra,82,Active
O03340,Organization_3340,Company,Bengaluru,West Bengal,12,Active
O03341,Organization_3341,Association,Nagpur,Rajasthan,74,Active
O03342,Organization_3342,NGO,Hyderabad,Tamil Nadu,42,Active
O03343,Organization_3343,Association,Bengaluru,West Bengal,20,Active
O03344,Organization_3344,Company,Nagpur,Tamil Nadu,63,Active
O03345,Organization_3345,Criminal_Group,Chennai,Delhi,39,Under_Investigation
O03346,Organization_3346,Company,Jaipur,Maharashtra,50,Under_Investigation
O03347,Organization_3347,Company,Lucknow,Tamil Nadu,62,Inactive
O03348,Organization_3348,NGO,Chennai,Maharashtra,7,Active
O03349,Organization_3349,Association,Chennai,Tamil Nadu,34,Active
O03350,Organization_3350,Criminal_Group,Surat,Gujarat,61,Active
O03351,Organization_3351,Business,Surat,Karnataka,86,Inactive
O03352,Organization_3352,Business,Hyderabad,Telangana,93,Active
O03353,Organization_3353,Criminal_Group,Surat,Karnataka,60,Active
O03354,Organization_3354,Company,Chennai,Delhi,39,Active
O03355,Organization_3355,Company,Chennai,Madhya Pradesh,89,Active
O03356,Organization_3356,Company,Vadodara,Rajasthan,36,Active
O03357,Organization_3357,NGO,Vadodara,Maharashtra,55,Active
O03358,Organization_3358,Criminal_Group,Kolkata,Madhya Pradesh,14,Active
O03359,Organization_3359,Association,Nagpur,Madhya Pradesh,93,Active
O03360,Organization_3360,Business,Bhopal,Maharashtra,17,Active
O03361,Organization_3361,Business,Kolkata,Delhi,94,Active
O03362,Organization_3362,Company,Jaipur,Madhya Pradesh,24,Active
O03363,Organization_3363,Company,Kolkata,Rajasthan,63,Active
O03364,Organization_3364,Association,Bengaluru,Telangana,33,Active
O03365,Organization_3365,Company,Surat,Telangana,86,Active
O03366,Organization_3366,NGO,Chennai,Delhi,1,Active
O03367,Organization_3367,Criminal_Group,Ahmedabad,Karnataka,64,Under_Investigation
O03368,Organization_3368,Criminal_Group,Bhopal,Telangana,19,Inactive
O03369,Organization_3369,Criminal_Group,Nagpur,Madhya Pradesh,70,Inactive
O03370,Organization_3370,Company,Surat,Rajasthan,47,Active
O03371,Organization_3371,Criminal_Group,Vadodara,Tamil Nadu,77,Active
O03372,Organization_3372,Criminal_Group,Indore,Tamil Nadu,25,Under_Investigation
O03373,Organization_3373,Criminal_Group,Bhopal,Maharashtra,34,Active
O03374,Organization_3374,Criminal_Group,Delhi,Tamil Nadu,65,Under_Investigation
O03375,Organization_3375,NGO,Jaipur,Karnataka,68,Inactive
O03376,Organization_3376,Company,Bengaluru,Rajasthan,43,Inactive
O03377,Organization_3377,Criminal_Group,Hyderabad,Delhi,64,Under_Investigation
O03378,Organization_3378,Association,Jaipur,Gujarat,46,Active
O03379,Organization_3379,Association,Vadodara,Gujarat,99,Active
O03380,Organization_3380,Criminal_Group,Surat,Maharashtra,64,Active
O03381,Organization_3381,Association,Pune,Tamil Nadu,8,Active
O03382,Organization_3382,Business,Nagpur,Madhya Pradesh,57,Active
O03383,Organization_3383,NGO,Hyderabad,Uttar Pradesh,71,Under_Investigation
O03384,Organization_3384,NGO,Hyderabad,Delhi,24,Active
O03385,Organization_3385,Association,Chennai,Karnataka,28,Active
O03386,Organization_3386,Criminal_Group,Indore,Delhi,85,Active
O03387,Organization_3387,NGO,Pune,Karnataka,14,Inactive
O03388,Organization_3388,Company,Hyderabad,Tamil Nadu,67,Active
O03389,Organization_3389,NGO,Jaipur,Maharashtra,97,Active
O03390,Organization_3390,Business,Nagpur,Delhi,43,Under_Investigation
O03391,Organization_3391,Association,Pune,Uttar Pradesh,18,Active
O03392,Organization_3392,Business,Lucknow,Delhi,6,Under_Investigation
O03393,Organization_3393,Business,Lucknow,Gujarat,87,Inactive
O03394,Organization_3394,Business,Mumbai,Delhi,100,Active
O03395,Organization_3395,Criminal_Group,Bengaluru,Gujarat,77,Active
O03396,Organization_3396,Association,Chennai,West Bengal,74,Active
O03397,Organization_3397,Criminal_Group,Nagpur,Madhya Pradesh,58,Active
O03398,Organization_3398,Company,Vadodara,West Bengal,89,Active
O03399,Organization_3399,Criminal_Group,Delhi,West Bengal,8,Under_Investigation
O03400,Organization_3400,Company,Mumbai,West Bengal,16,Active
O03401,Organization_3401,Criminal_Group,Chennai,Maharashtra,60,Active
O03402,Organization_3402,Association,Pune,Gujarat,64,Under_Investigation
O03403,Organization_3403,Business,Bengaluru,Uttar Pradesh,51,Active
O03404,Organization_3404,Company,Chennai,Karnataka,73,Active
O03405,Organization_3405,Company,Rajkot,Telangana,7,Active
O03406,Organization_3406,NGO,Rajkot,Rajasthan,9,Under_Investigation
O03407,Organization_3407,NGO,Jaipur,Rajasthan,16,Active
O03408,Organization_3408,Criminal_Group,Bengaluru,Gujarat,95,Under_Investigation
O03409,Organization_3409,Business,Delhi,Delhi,23,Active
O03410,Organization_3410,NGO,Jaipur,Uttar Pradesh,9,Active
O03411,Organization_3411,Criminal_Group,Bengaluru,Karnataka,77,Active
O03412,Organization_3412,NGO,Jaipur,Tamil Nadu,67,Under_Investigation
O03413,Organization_3413,Company,Bhopal,Tamil Nadu,39,Active
O03414,Organization_3414,NGO,Vadodara,Telangana,80,Active
O03415,Organization_3415,Criminal_Group,Lucknow,Maharashtra,100,Active
O03416,Organization_3416,Company,Jaipur,Rajasthan,98,Inactive
O03417,Organization_3417,Company,Ahmedabad,Karnataka,78,Active
O03418,Organization_3418,Company,Nagpur,Tamil Nadu,41,Inactive
O03419,Organization_3419,Business,Nagpur,Karnataka,51,Active
O03420,Organization_3420,Company,Pune,Delhi,97,Under_Investigation
O03421,Organization_3421,Criminal_Group,Surat,Telangana,87,Under_Investigation
O03422,Organization_3422,NGO,Bengaluru,West Bengal,88,Active
O03423,Organization_3423,NGO,Lucknow,Delhi,45,Active
O03424,Organization_3424,Company,Vadodara,Tamil Nadu,18,Inactive
O03425,Organization_3425,Business,Pune,Madhya Pradesh,59,Active
O03426,Organization_3426,Company,Bengaluru,Delhi,35,Active
O03427,Organization_3427,NGO,Delhi,Karnataka,39,Active
O03428,Organization_3428,Business,Bhopal,Delhi,35,Active
O03429,Organization_3429,Company,Bengaluru,Madhya Pradesh,24,Active
O03430,Organization_3430,Criminal_Group,Jaipur,Uttar Pradesh,13,Inactive
O03431,Organization_3431,NGO,Hyderabad,Rajasthan,25,Active
O03432,Organization_3432,Criminal_Group,Pune,Tamil Nadu,11,Active
O03433,Organization_3433,Criminal_Group,Rajkot,Gujarat,35,Inactive
O03434,Organization_3434,Association,Mumbai,Maharashtra,75,Under_Investigation
O03435,Organization_3435,Criminal_Group,Lucknow,Delhi,92,Active
O03436,Organization_3436,Company,Pune,Madhya Pradesh,41,Active
O03437,Organization_3437,NGO,Rajkot,Madhya Pradesh,37,Inactive
O03438,Organization_3438,Association,Rajkot,Telangana,96,Active
O03439,Organization_3439,Company,Mumbai,Rajasthan,43,Active
O03440,Organization_3440,Company,Kolkata,Delhi,82,Active
O03441,Organization_3441,Company,Hyderabad,Karnataka,13,Active
O03442,Organization_3442,Company,Hyderabad,Gujarat,36,Inactive
O03443,Organization_3443,Company,Nagpur,Telangana,82,Active
O03444,Organization_3444,Criminal_Group,Hyderabad,West Bengal,9,Active
O03445,Organization_3445,Criminal_Group,Delhi,Karnataka,33,Active
O03446,Organization_3446,NGO,Kolkata,Maharashtra,20,Active
O03447,Organization_3447,Company,Bengaluru,Tamil Nadu,54,Active
O03448,Organization_3448,Business,Ahmedabad,Maharashtra,93,Active
O03449,Organization_3449,Company,Delhi,Maharashtra,15,Under_Investigation
O03450,Organization_3450,Criminal_Group,Nagpur,Gujarat,47,Active
O03451,Organization_3451,Association,Bengaluru,Maharashtra,20,Active
O03452,Organization_3452,Association,Bhopal,Rajasthan,73,Under_Investigation
O03453,Organization_3453,Company,Vadodara,Madhya Pradesh,24,Inactive
O03454,Organization_3454,Association,Delhi,Karnataka,81,Active
O03455,Organization_3455,Business,Surat,Rajasthan,58,Active
O03456,Organization_3456,Company,Lucknow,Tamil Nadu,32,Active
O03457,Organization_3457,Business,Delhi,Delhi,94,Active
O03458,Organization_3458,NGO,Lucknow,Madhya Pradesh,49,Active
O03459,Organization_3459,Business,Nagpur,Telangana,71,Active
O03460,Organization_3460,Criminal_Group,Lucknow,Rajasthan,34,Active
O03461,Organization_3461,Company,Bengaluru,Gujarat,71,Active
O03462,Organization_3462,NGO,Jaipur,Gujarat,19,Active
O03463,Organization_3463,NGO,Indore,Uttar Pradesh,63,Active
O03464,Organization_3464,Criminal_Group,Vadodara,Uttar Pradesh,54,Active
O03465,Organization_3465,Association,Hyderabad,Uttar Pradesh,26,Active
O03466,Organization_3466,Criminal_Group,Surat,Telangana,16,Under_Investigation
O03467,Organization_3467,Business,Bengaluru,Rajasthan,34,Active
O03468,Organization_3468,Company,Hyderabad,Gujarat,24,Under_Investigation
O03469,Organization_3469,Criminal_Group,Nagpur,Maharashtra,15,Active
O03470,Organization_3470,Company,Bhopal,Karnataka,51,Active
O03471,Organization_3471,Association,Delhi,Maharashtra,81,Inactive
O03472,Organization_3472,Company,Jaipur,Karnataka,87,Active
O03473,Organization_3473,Association,Surat,Telangana,58,Active
O03474,Organization_3474,Criminal_Group,Pune,West Bengal,77,Active
O03475,Organization_3475,Criminal_Group,Kolkata,Delhi,95,Active
O03476,Organization_3476,Criminal_Group,Chennai,Maharashtra,46,Active
O03477,Organization_3477,NGO,Nagpur,Uttar Pradesh,24,Active
O03478,Organization_3478,Criminal_Group,Ahmedabad,Maharashtra,20,Active
O03479,Organization_3479,Association,Rajkot,Uttar Pradesh,7,Inactive
O03480,Organization_3480,Company,Bhopal,Gujarat,46,Active
O03481,Organization_3481,Company,Bhopal,Telangana,89,Active
O03482,Organization_3482,NGO,Bengaluru,Tamil Nadu,49,Active
O03483,Organization_3483,Company,Chennai,Gujarat,23,Active
O03484,Organization_3484,Business,Hyderabad,Rajasthan,37,Active
O03485,Organization_3485,Criminal_Group,Indore,Karnataka,46,Active
O03486,Organization_3486,NGO,Bhopal,Telangana,27,Active
O03487,Organization_3487,NGO,Mumbai,Madhya Pradesh,73,Active
O03488,Organization_3488,Business,Surat,Delhi,79,Under_Investigation
O03489,Organization_3489,Association,Mumbai,Karnataka,17,Active
O03490,Organization_3490,NGO,Lucknow,Gujarat,17,Active
O03491,Organization_3491,Business,Vadodara,Maharashtra,17,Active
O03492,Organization_3492,Business,Surat,Madhya Pradesh,53,Active
O03493,Organization_3493,NGO,Jaipur,Tamil Nadu,57,Active
O03494,Organization_3494,Business,Mumbai,Madhya Pradesh,35,Inactive
O03495,Organization_3495,Business,Bhopal,Karnataka,54,Active
O03496,Organization_3496,Criminal_Group,Kolkata,Karnataka,56,Inactive
O03497,Organization_3497,Business,Chennai,Uttar Pradesh,17,Active
O03498,Organization_3498,NGO,Mumbai,Telangana,24,Active
O03499,Organization_3499,Criminal_Group,Kolkata,Maharashtra,13,Inactive
O03500,Organization_3500,Criminal_Group,Bengaluru,Karnataka,45,Active
O03501,Organization_3501,NGO,Chennai,Maharashtra,43,Active
O03502,Organization_3502,Company,Surat,Tamil Nadu,29,Active
O03503,Organization_3503,NGO,Bengaluru,Karnataka,18,Active
O03504,Organization_3504,Business,Pune,Maharashtra,92,Active
O03505,Organization_3505,NGO,Bengaluru,Rajasthan,34,Active
O03506,Organization_3506,NGO,Mumbai,Madhya Pradesh,58,Active
O03507,Organization_3507,Company,Bhopal,Rajasthan,100,Active
O03508,Organization_3508,Company,Surat,Madhya Pradesh,23,Active
O03509,Organization_3509,Criminal_Group,Ahmedabad,West Bengal,21,Active
O03510,Organization_3510,NGO,Chennai,Karnataka,16,Inactive
O03511,Organization_3511,NGO,Rajkot,Tamil Nadu,93,Active
O03512,Organization_3512,Business,Chennai,Uttar Pradesh,36,Active
O03513,Organization_3513,Business,Chennai,Delhi,77,Under_Investigation
O03514,Organization_3514,Company,Surat,Rajasthan,5,Under_Investigation
O03515,Organization_3515,Association,Delhi,Karnataka,82,Active
O03516,Organization_3516,Criminal_Group,Bengaluru,Rajasthan,95,Inactive
O03517,Organization_3517,Company,Bhopal,Gujarat,56,Under_Investigation
O03518,Organization_3518,Company,Hyderabad,Gujarat,84,Active
O03519,Organization_3519,Business,Chennai,Tamil Nadu,38,Active
O03520,Organization_3520,Association,Bengaluru,Gujarat,27,Active
O03521,Organization_3521,Company,Nagpur,Uttar Pradesh,78,Active
O03522,Organization_3522,Criminal_Group,Pune,Gujarat,64,Active
O03523,Organization_3523,NGO,Kolkata,Maharashtra,77,Active
O03524,Organization_3524,NGO,Rajkot,West Bengal,13,Active
O03525,Organization_3525,Criminal_Group,Bhopal,Karnataka,13,Active
O03526,Organization_3526,Company,Kolkata,Maharashtra,26,Active
O03527,Organization_3527,Company,Bhopal,Maharashtra,4,Active
O03528,Organization_3528,Business,Nagpur,Madhya Pradesh,69,Active
O03529,Organization_3529,Business,Pune,Uttar Pradesh,80,Active
O03530,Organization_3530,Business,Nagpur,Telangana,27,Active
O03531,Organization_3531,Business,Chennai,Madhya Pradesh,84,Active
O03532,Organization_3532,Criminal_Group,Rajkot,Tamil Nadu,75,Active
O03533,Organization_3533,Company,Surat,Gujarat,57,Inactive
O03534,Organization_3534,Business,Delhi,Gujarat,45,Active
O03535,Organization_3535,NGO,Delhi,West Bengal,50,Active
O03536,Organization_3536,NGO,Vadodara,West Bengal,53,Under_Investigation
O03537,Organization_3537,Association,Ahmedabad,West Bengal,63,Active
O03538,Organization_3538,NGO,Lucknow,Tamil Nadu,78,Active
O03539,Organization_3539,NGO,Lucknow,Tamil Nadu,82,Active
O03540,Organization_3540,Business,Bhopal,West Bengal,90,Active
O03541,Organization_3541,Company,Rajkot,West Bengal,93,Active
O03542,Organization_3542,Company,Vadodara,Telangana,84,Under_Investigation
O03543,Organization_3543,Business,Hyderabad,Telangana,41,Inactive
O03544,Organization_3544,Company,Chennai,Tamil Nadu,31,Active
O03545,Organization_3545,Criminal_Group,Indore,Karnataka,90,Active
O03546,Organization_3546,NGO,Indore,Delhi,5,Active
O03547,Organization_3547,NGO,Mumbai,Tamil Nadu,92,Under_Investigation
O03548,Organization_3548,Criminal_Group,Chennai,Tamil Nadu,18,Active
O03549,Organization_3549,Association,Kolkata,Delhi,100,Active
O03550,Organization_3550,Company,Nagpur,Rajasthan,82,Active
O03551,Organization_3551,Company,Ahmedabad,Gujarat,8,Active
O03552,Organization_3552,Criminal_Group,Lucknow,Uttar Pradesh,19,Under_Investigation
O03553,Organization_3553,Criminal_Group,Pune,Maharashtra,9,Active
O03554,Organization_3554,Business,Bhopal,Tamil Nadu,34,Active
O03555,Organization_3555,NGO,Kolkata,Tamil Nadu,59,Active
O03556,Organization_3556,Business,Surat,Karnataka,93,Under_Investigation
O03557,Organization_3557,Association,Surat,Karnataka,1,Active
O03558,Organization_3558,Criminal_Group,Vadodara,Uttar Pradesh,80,Inactive
O03559,Organization_3559,Criminal_Group,Bengaluru,Karnataka,92,Inactive
O03560,Organization_3560,Criminal_Group,Pune,Uttar Pradesh,23,Active
O03561,Organization_3561,Business,Mumbai,Karnataka,33,Active
O03562,Organization_3562,Association,Jaipur,Madhya Pradesh,80,Active
O03563,Organization_3563,Business,Ahmedabad,Telangana,51,Active
O03564,Organization_3564,NGO,Pune,Delhi,44,Active
O03565,Organization_3565,Business,Lucknow,Uttar Pradesh,76,Under_Investigation
O03566,Organization_3566,Association,Indore,Uttar Pradesh,18,Active
O03567,Organization_3567,Criminal_Group,Vadodara,West Bengal,43,Active
O03568,Organization_3568,Association,Indore,Maharashtra,13,Active
O03569,Organization_3569,Company,Kolkata,Delhi,42,Active
O03570,Organization_3570,Company,Indore,Maharashtra,10,Active
O03571,Organization_3571,NGO,Delhi,Gujarat,48,Under_Investigation
O03572,Organization_3572,Business,Nagpur,Rajasthan,82,Inactive
O03573,Organization_3573,Business,Bengaluru,Maharashtra,80,Under_Investigation
O03574,Organization_3574,Business,Surat,Maharashtra,6,Active
O03575,Organization_3575,Business,Bhopal,Maharashtra,100,Active
O03576,Organization_3576,Criminal_Group,Chennai,Rajasthan,84,Inactive
O03577,Organization_3577,Business,Delhi,Telangana,18,Active
O03578,Organization_3578,Company,Chennai,Karnataka,93,Active
O03579,Organization_3579,NGO,Nagpur,Uttar Pradesh,78,Inactive
O03580,Organization_3580,Company,Kolkata,Gujarat,95,Under_Investigation
O03581,Organization_3581,Company,Vadodara,Telangana,4,Inactive
O03582,Organization_3582,Company,Kolkata,Gujarat,38,Active
O03583,Organization_3583,Company,Bengaluru,Gujarat,93,Active
O03584,Organization_3584,Business,Rajkot,Gujarat,43,Active
O03585,Organization_3585,Association,Surat,Gujarat,8,Active
O03586,Organization_3586,Company,Vadodara,Madhya Pradesh,1,Active
O03587,Organization_3587,Business,Kolkata,Maharashtra,19,Inactive
O03588,Organization_3588,Criminal_Group,Rajkot,Delhi,3,Inactive
O03589,Organization_3589,Business,Vadodara,Rajasthan,34,Under_Investigation
O03590,Organization_3590,NGO,Bengaluru,Telangana,9,Under_Investigation
O03591,Organization_3591,Company,Bhopal,Madhya Pradesh,16,Active
O03592,Organization_3592,Criminal_Group,Ahmedabad,Karnataka,57,Active
O03593,Organization_3593,NGO,Bengaluru,Rajasthan,59,Inactive
O03594,Organization_3594,Company,Bhopal,Delhi,56,Active
O03595,Organization_3595,Company,Surat,Uttar Pradesh,30,Active
O03596,Organization_3596,Company,Bengaluru,Rajasthan,51,Active
O03597,Organization_3597,Business,Indore,Madhya Pradesh,69,Active
O03598,Organization_3598,Business,Rajkot,Gujarat,1,Active
O03599,Organization_3599,Criminal_Group,Vadodara,Madhya Pradesh,83,Active
O03600,Organization_3600,Criminal_Group,Surat,West Bengal,69,Inactive
O03601,Organization_3601,Association,Delhi,Madhya Pradesh,82,Active
O03602,Organization_3602,Business,Pune,Maharashtra,25,Active
O03603,Organization_3603,Company,Mumbai,Karnataka,10,Active
O03604,Organization_3604,Company,Nagpur,Telangana,17,Active
O03605,Organization_3605,Criminal_Group,Jaipur,Madhya Pradesh,45,Active
O03606,Organization_3606,Business,Vadodara,Madhya Pradesh,21,Active
O03607,Organization_3607,Criminal_Group,Kolkata,West Bengal,9,Active
O03608,Organization_3608,Business,Bhopal,Tamil Nadu,18,Active
O03609,Organization_3609,Association,Rajkot,Tamil Nadu,53,Active
O03610,Organization_3610,Business,Nagpur,Gujarat,9,Active
O03611,Organization_3611,NGO,Nagpur,Gujarat,7,Under_Investigation
O03612,Organization_3612,NGO,Chennai,Uttar Pradesh,6,Active
O03613,Organization_3613,Company,Mumbai,Delhi,24,Active
O03614,Organization_3614,Company,Bhopal,Telangana,85,Active
O03615,Organization_3615,Criminal_Group,Lucknow,Tamil Nadu,34,Active
O03616,Organization_3616,Company,Hyderabad,Delhi,4,Active
O03617,Organization_3617,Company,Surat,Uttar Pradesh,66,Active
O03618,Organization_3618,Company,Chennai,Telangana,17,Under_Investigation
O03619,Organization_3619,Company,Kolkata,Delhi,59,Active
O03620,Organization_3620,Criminal_Group,Chennai,Delhi,26,Active
O03621,Organization_3621,Criminal_Group,Lucknow,Telangana,45,Active
O03622,Organization_3622,Company,Surat,Karnataka,33,Active
O03623,Organization_3623,Criminal_Group,Nagpur,Telangana,22,Active
O03624,Organization_3624,Company,Vadodara,Madhya Pradesh,7,Under_Investigation
O03625,Organization_3625,Business,Indore,Rajasthan,67,Active
O03626,Organization_3626,Business,Vadodara,Karnataka,23,Active
O03627,Organization_3627,Company,Lucknow,West Bengal,58,Active
O03628,Organization_3628,Association,Lucknow,Maharashtra,94,Active
O03629,Organization_3629,NGO,Vadodara,Gujarat,12,Active
O03630,Organization_3630,Criminal_Group,Lucknow,Tamil Nadu,59,Active
O03631,Organization_3631,Company,Jaipur,Rajasthan,97,Active
O03632,Organization_3632,Company,Nagpur,Tamil Nadu,81,Active
O03633,Organization_3633,Criminal_Group,Lucknow,Maharashtra,51,Under_Investigation
O03634,Organization_3634,Company,Pune,Gujarat,19,Inactive
O03635,Organization_3635,Association,Delhi,Tamil Nadu,44,Active
O03636,Organization_3636,Business,Lucknow,Madhya Pradesh,71,Active
O03637,Organization_3637,Association,Surat,Rajasthan,32,Active
O03638,Organization_3638,Business,Bengaluru,Delhi,44,Active
O03639,Organization_3639,Business,Vadodara,Delhi,21,Under_Investigation
O03640,Organization_3640,Criminal_Group,Kolkata,Telangana,49,Active
O03641,Organization_3641,Criminal_Group,Jaipur,Madhya Pradesh,87,Under_Investigation
O03642,Organization_3642,NGO,Hyderabad,Gujarat,94,Active
O03643,Organization_3643,Business,Mumbai,Rajasthan,85,Active
O03644,Organization_3644,Association,Rajkot,Karnataka,47,Active
O03645,Organization_3645,Company,Delhi,Tamil Nadu,48,Under_Investigation
O03646,Organization_3646,Company,Hyderabad,Delhi,89,Active
O03647,Organization_3647,Company,Chennai,Rajasthan,27,Under_Investigation
O03648,Organization_3648,Association,Jaipur,Maharashtra,85,Inactive
O03649,Organization_3649,Association,Lucknow,Rajasthan,89,Active
O03650,Organization_3650,Business,Jaipur,Gujarat,62,Active
O03651,Organization_3651,NGO,Indore,Karnataka,45,Under_Investigation
O03652,Organization_3652,Company,Bhopal,Rajasthan,69,Under_Investigation
O03653,Organization_3653,Criminal_Group,Bhopal,Delhi,34,Under_Investigation
O03654,Organization_3654,Business,Ahmedabad,Rajasthan,10,Active
O03655,Organization_3655,Association,Ahmedabad,Madhya Pradesh,78,Active
O03656,Organization_3656,NGO,Delhi,West Bengal,5,Under_Investigation
O03657,Organization_3657,NGO,Nagpur,West Bengal,29,Active
O03658,Organization_3658,Business,Ahmedabad,Telangana,29,Active
O03659,Organization_3659,Criminal_Group,Rajkot,West Bengal,49,Active
O03660,Organization_3660,Company,Bengaluru,Telangana,97,Active
O03661,Organization_3661,Criminal_Group,Pune,Karnataka,30,Active
O03662,Organization_3662,Business,Nagpur,West Bengal,79,Under_Investigation
O03663,Organization_3663,Company,Bengaluru,Delhi,6,Inactive
O03664,Organization_3664,Association,Indore,Telangana,21,Active
O03665,Organization_3665,NGO,Vadodara,Karnataka,12,Active
O03666,Organization_3666,Business,Bhopal,Madhya Pradesh,57,Inactive
O03667,Organization_3667,NGO,Surat,Uttar Pradesh,14,Inactive
O03668,Organization_3668,NGO,Hyderabad,Tamil Nadu,42,Inactive
O03669,Organization_3669,Criminal_Group,Bengaluru,Uttar Pradesh,87,Active
O03670,Organization_3670,NGO,Mumbai,Delhi,22,Inactive
O03671,Organization_3671,Criminal_Group,Mumbai,Uttar Pradesh,71,Active
O03672,Organization_3672,Company,Vadodara,Gujarat,18,Under_Investigation
O03673,Organization_3673,Company,Hyderabad,Telangana,76,Active
O03674,Organization_3674,NGO,Ahmedabad,Telangana,3,Active
O03675,Organization_3675,Company,Vadodara,West Bengal,25,Active
O03676,Organization_3676,Criminal_Group,Pune,West Bengal,73,Under_Investigation
O03677,Organization_3677,Business,Bhopal,Madhya Pradesh,52,Active
O03678,Organization_3678,Company,Lucknow,Uttar Pradesh,8,Active
O03679,Organization_3679,NGO,Jaipur,Karnataka,3,Active
O03680,Organization_3680,Association,Chennai,Telangana,30,Inactive
O03681,Organization_3681,Association,Bengaluru,Telangana,61,Inactive
O03682,Organization_3682,Association,Kolkata,Maharashtra,8,Inactive
O03683,Organization_3683,Company,Mumbai,Maharashtra,80,Active
O03684,Organization_3684,NGO,Nagpur,Karnataka,45,Active
O03685,Organization_3685,Company,Bhopal,Maharashtra,97,Under_Investigation
O03686,Organization_3686,Association,Bhopal,Rajasthan,82,Active
O03687,Organization_3687,Business,Vadodara,Uttar Pradesh,30,Active
O03688,Organization_3688,Company,Nagpur,Delhi,57,Active
O03689,Organization_3689,Company,Lucknow,Madhya Pradesh,89,Under_Investigation
O03690,Organization_3690,Business,Hyderabad,Rajasthan,14,Active
O03691,Organization_3691,Company,Pune,Gujarat,64,Active
O03692,Organization_3692,NGO,Bhopal,Rajasthan,71,Active
O03693,Organization_3693,Business,Bhopal,West Bengal,67,Active
O03694,Organization_3694,Association,Bengaluru,Tamil Nadu,42,Under_Investigation
O03695,Organization_3695,Company,Indore,Madhya Pradesh,8,Active
O03696,Organization_3696,Company,Bhopal,Telangana,2,Active
O03697,Organization_3697,NGO,Delhi,Uttar Pradesh,90,Inactive
O03698,Organization_3698,Association,Vadodara,Uttar Pradesh,8,Active
O03699,Organization_3699,Business,Kolkata,Maharashtra,62,Active
O03700,Organization_3700,Business,Chennai,Gujarat,48,Active
O03701,Organization_3701,Company,Lucknow,Uttar Pradesh,29,Active
O03702,Organization_3702,Business,Ahmedabad,Gujarat,78,Active
O03703,Organization_3703,NGO,Indore,Madhya Pradesh,20,Under_Investigation
O03704,Organization_3704,Business,Rajkot,Telangana,18,Inactive
O03705,Organization_3705,Company,Jaipur,Rajasthan,28,Active
O03706,Organization_3706,Criminal_Group,Ahmedabad,Madhya Pradesh,16,Active
O03707,Organization_3707,Company,Delhi,Tamil Nadu,71,Under_Investigation
O03708,Organization_3708,Business,Ahmedabad,Telangana,100,Active
O03709,Organization_3709,Criminal_Group,Rajkot,Delhi,100,Active
O03710,Organization_3710,NGO,Ahmedabad,West Bengal,59,Active
O03711,Organization_3711,Company,Pune,Tamil Nadu,39,Inactive
O03712,Organization_3712,NGO,Hyderabad,Rajasthan,22,Active
O03713,Organization_3713,Criminal_Group,Ahmedabad,Maharashtra,98,Active
O03714,Organization_3714,Criminal_Group,Nagpur,Uttar Pradesh,62,Active
O03715,Organization_3715,NGO,Rajkot,West Bengal,21,Under_Investigation
O03716,Organization_3716,NGO,Nagpur,Madhya Pradesh,76,Active
O03717,Organization_3717,Company,Delhi,Karnataka,89,Active
O03718,Organization_3718,NGO,Bhopal,Uttar Pradesh,100,Inactive
O03719,Organization_3719,Business,Hyderabad,Karnataka,99,Active
O03720,Organization_3720,Business,Rajkot,Uttar Pradesh,58,Active
O03721,Organization_3721,Criminal_Group,Chennai,Tamil Nadu,9,Inactive
O03722,Organization_3722,Company,Nagpur,Gujarat,1,Under_Investigation
O03723,Organization_3723,Business,Hyderabad,Gujarat,15,Under_Investigation
O03724,Organization_3724,Company,Ahmedabad,West Bengal,10,Active
O03725,Organization_3725,Criminal_Group,Indore,Uttar Pradesh,95,Inactive
O03726,Organization_3726,Company,Bhopal,Rajasthan,88,Active
O03727,Organization_3727,Criminal_Group,Surat,Rajasthan,7,Active
O03728,Organization_3728,Company,Pune,Rajasthan,49,Active
O03729,Organization_3729,Business,Delhi,Uttar Pradesh,93,Under_Investigation
O03730,Organization_3730,NGO,Surat,Tamil Nadu,55,Active
O03731,Organization_3731,Company,Vadodara,Tamil Nadu,60,Active
O03732,Organization_3732,Company,Ahmedabad,Uttar Pradesh,89,Under_Investigation
O03733,Organization_3733,Company,Bengaluru,Karnataka,99,Inactive
O03734,Organization_3734,Association,Bhopal,Telangana,52,Under_Investigation
O03735,Organization_3735,Criminal_Group,Kolkata,Karnataka,35,Active
O03736,Organization_3736,Business,Vadodara,West Bengal,55,Active
O03737,Organization_3737,Business,Bhopal,Telangana,67,Active
O03738,Organization_3738,Company,Hyderabad,Uttar Pradesh,1,Active
O03739,Organization_3739,Company,Vadodara,Telangana,70,Active
O03740,Organization_3740,Criminal_Group,Bhopal,Rajasthan,21,Under_Investigation
O03741,Organization_3741,Criminal_Group,Pune,Delhi,43,Active
O03742,Organization_3742,Company,Vadodara,Gujarat,33,Inactive
O03743,Organization_3743,Criminal_Group,Delhi,Madhya Pradesh,77,Inactive
O03744,Organization_3744,Association,Jaipur,Telangana,79,Active
O03745,Organization_3745,Criminal_Group,Bhopal,Uttar Pradesh,59,Active
O03746,Organization_3746,NGO,Jaipur,Delhi,76,Active
O03747,Organization_3747,Company,Bengaluru,Tamil Nadu,71,Active
O03748,Organization_3748,Company,Delhi,Telangana,12,Active
O03749,Organization_3749,Company,Nagpur,Maharashtra,39,Active
O03750,Organization_3750,NGO,Chennai,Karnataka,46,Active
O03751,Organization_3751,Association,Lucknow,West Bengal,94,Under_Investigation
O03752,Organization_3752,Association,Mumbai,Maharashtra,9,Active
O03753,Organization_3753,NGO,Jaipur,Maharashtra,83,Active
O03754,Organization_3754,NGO,Lucknow,Delhi,23,Under_Investigation
O03755,Organization_3755,Criminal_Group,Bhopal,West Bengal,86,Active
O03756,Organization_3756,Company,Ahmedabad,Gujarat,29,Active
O03757,Organization_3757,Company,Delhi,Karnataka,21,Under_Investigation
O03758,Organization_3758,Company,Vadodara,Telangana,64,Inactive
O03759,Organization_3759,Criminal_Group,Nagpur,Rajasthan,81,Active
O03760,Organization_3760,Criminal_Group,Vadodara,Telangana,92,Under_Investigation
O03761,Organization_3761,NGO,Pune,Madhya Pradesh,68,Active
O03762,Organization_3762,NGO,Ahmedabad,Rajasthan,30,Active
O03763,Organization_3763,Company,Hyderabad,Karnataka,40,Active
O03764,Organization_3764,Criminal_Group,Mumbai,Gujarat,45,Active
O03765,Organization_3765,Company,Ahmedabad,Delhi,65,Active
O03766,Organization_3766,Criminal_Group,Bhopal,Rajasthan,88,Inactive
O03767,Organization_3767,Business,Bengaluru,Delhi,61,Active
O03768,Organization_3768,Company,Delhi,Delhi,90,Active
O03769,Organization_3769,NGO,Bhopal,Uttar Pradesh,73,Active
O03770,Organization_3770,Company,Chennai,West Bengal,64,Active
O03771,Organization_3771,Criminal_Group,Indore,Telangana,57,Active
O03772,Organization_3772,Business,Bhopal,Madhya Pradesh,1,Inactive
O03773,Organization_3773,Company,Bengaluru,Maharashtra,46,Active
O03774,Organization_3774,NGO,Vadodara,Uttar Pradesh,33,Inactive
O03775,Organization_3775,Company,Chennai,Uttar Pradesh,93,Active
O03776,Organization_3776,Business,Vadodara,Delhi,92,Active
O03777,Organization_3777,Business,Bhopal,Karnataka,83,Active
O03778,Organization_3778,Criminal_Group,Mumbai,Gujarat,33,Inactive
O03779,Organization_3779,Business,Surat,Telangana,8,Inactive
O03780,Organization_3780,Business,Delhi,Karnataka,61,Active
O03781,Organization_3781,Criminal_Group,Hyderabad,Maharashtra,84,Under_Investigation
O03782,Organization_3782,Criminal_Group,Pune,Maharashtra,14,Under_Investigation
O03783,Organization_3783,Criminal_Group,Kolkata,Telangana,42,Active
O03784,Organization_3784,Business,Surat,Rajasthan,57,Active
O03785,Organization_3785,NGO,Jaipur,Tamil Nadu,10,Active
O03786,Organization_3786,Criminal_Group,Indore,West Bengal,100,Active
O03787,Organization_3787,Company,Bengaluru,Tamil Nadu,57,Active
O03788,Organization_3788,Company,Surat,Rajasthan,34,Active
O03789,Organization_3789,Criminal_Group,Vadodara,Telangana,41,Active
O03790,Organization_3790,Business,Delhi,Telangana,87,Inactive
O03791,Organization_3791,NGO,Chennai,Maharashtra,66,Inactive
O03792,Organization_3792,NGO,Lucknow,Tamil Nadu,62,Under_Investigation
O03793,Organization_3793,Criminal_Group,Nagpur,Rajasthan,22,Inactive
O03794,Organization_3794,Association,Hyderabad,Telangana,9,Active
O03795,Organization_3795,Criminal_Group,Ahmedabad,Madhya Pradesh,94,Inactive
O03796,Organization_3796,Company,Jaipur,Telangana,53,Active
O03797,Organization_3797,NGO,Chennai,Madhya Pradesh,81,Active
O03798,Organization_3798,Company,Vadodara,West Bengal,56,Active
O03799,Organization_3799,Business,Vadodara,Tamil Nadu,38,Active
O03800,Organization_3800,Criminal_Group,Lucknow,Gujarat,58,Active
O03801,Organization_3801,Criminal_Group,Pune,Delhi,64,Under_Investigation
O03802,Organization_3802,Association,Delhi,Tamil Nadu,12,Active
O03803,Organization_3803,Criminal_Group,Jaipur,Telangana,41,Under_Investigation
O03804,Organization_3804,Company,Pune,Karnataka,80,Active
O03805,Organization_3805,Business,Jaipur,Gujarat,81,Active
O03806,Organization_3806,Business,Lucknow,Madhya Pradesh,18,Under_Investigation
O03807,Organization_3807,Company,Surat,Uttar Pradesh,39,Active
O03808,Organization_3808,Criminal_Group,Bengaluru,Tamil Nadu,74,Active
O03809,Organization_3809,Association,Bhopal,Telangana,15,Active
O03810,Organization_3810,Business,Ahmedabad,Delhi,48,Under_Investigation
O03811,Organization_3811,Business,Lucknow,Delhi,5,Active
O03812,Organization_3812,Company,Lucknow,Tamil Nadu,20,Active
O03813,Organization_3813,Company,Indore,Telangana,48,Active
O03814,Organization_3814,Criminal_Group,Indore,Uttar Pradesh,82,Active
O03815,Organization_3815,Business,Vadodara,West Bengal,49,Under_Investigation
O03816,Organization_3816,Business,Lucknow,West Bengal,23,Active
O03817,Organization_3817,Criminal_Group,Hyderabad,Telangana,57,Inactive
O03818,Organization_3818,Business,Pune,Delhi,20,Under_Investigation
O03819,Organization_3819,Business,Chennai,Delhi,29,Active
O03820,Organization_3820,Company,Kolkata,West Bengal,6,Active
O03821,Organization_3821,NGO,Jaipur,Tamil Nadu,38,Active
O03822,Organization_3822,Business,Pune,Madhya Pradesh,35,Under_Investigation
O03823,Organization_3823,Criminal_Group,Bengaluru,Maharashtra,2,Active
O03824,Organization_3824,Business,Kolkata,Delhi,64,Active
O03825,Organization_3825,Business,Mumbai,Delhi,41,Active
O03826,Organization_3826,Company,Delhi,Tamil Nadu,93,Inactive
O03827,Organization_3827,NGO,Rajkot,Madhya Pradesh,63,Active
O03828,Organization_3828,Company,Surat,Maharashtra,6,Active
O03829,Organization_3829,Criminal_Group,Lucknow,Madhya Pradesh,69,Active
O03830,Organization_3830,Business,Jaipur,Uttar Pradesh,90,Active
O03831,Organization_3831,Company,Nagpur,Telangana,59,Under_Investigation
O03832,Organization_3832,Company,Hyderabad,Tamil Nadu,13,Active
O03833,Organization_3833,Association,Pune,Telangana,80,Active
O03834,Organization_3834,NGO,Lucknow,Karnataka,79,Under_Investigation
O03835,Organization_3835,Criminal_Group,Bhopal,Gujarat,56,Inactive
O03836,Organization_3836,Association,Vadodara,Gujarat,67,Active
O03837,Organization_3837,Criminal_Group,Indore,Maharashtra,79,Inactive
O03838,Organization_3838,Criminal_Group,Bengaluru,Delhi,32,Under_Investigation
O03839,Organization_3839,Company,Kolkata,Uttar Pradesh,88,Under_Investigation
O03840,Organization_3840,Business,Lucknow,Uttar Pradesh,71,Active
O03841,Organization_3841,Business,Bhopal,Telangana,20,Under_Investigation
O03842,Organization_3842,Business,Lucknow,West Bengal,88,Active
O03843,Organization_3843,Business,Ahmedabad,Telangana,22,Inactive
O03844,Organization_3844,Association,Bengaluru,Delhi,10,Active
O03845,Organization_3845,Criminal_Group,Chennai,Maharashtra,41,Active
O03846,Organization_3846,Criminal_Group,Mumbai,Uttar Pradesh,35,Inactive
O03847,Organization_3847,Business,Pune,Karnataka,57,Active
O03848,Organization_3848,Company,Chennai,Delhi,81,Active
O03849,Organization_3849,Criminal_Group,Delhi,Uttar Pradesh,27,Under_Investigation
O03850,Organization_3850,NGO,Chennai,Gujarat,35,Active
O03851,Organization_3851,Company,Jaipur,Karnataka,79,Active
O03852,Organization_3852,Business,Mumbai,West Bengal,2,Active
O03853,Organization_3853,Criminal_Group,Mumbai,Madhya Pradesh,64,Active
O03854,Organization_3854,Company,Rajkot,Madhya Pradesh,47,Active
O03855,Organization_3855,Company,Nagpur,Maharashtra,40,Under_Investigation
O03856,Organization_3856,Company,Bhopal,Gujarat,1,Active
O03857,Organization_3857,NGO,Bengaluru,Gujarat,94,Active
O03858,Organization_3858,Criminal_Group,Lucknow,Karnataka,3,Active
O03859,Organization_3859,Business,Ahmedabad,Uttar Pradesh,69,Active
O03860,Organization_3860,NGO,Nagpur,Delhi,47,Active
O03861,Organization_3861,Company,Delhi,West Bengal,28,Active
O03862,Organization_3862,Company,Chennai,Telangana,42,Inactive
O03863,Organization_3863,Criminal_Group,Chennai,Karnataka,71,Active
O03864,Organization_3864,Company,Ahmedabad,Telangana,78,Active
O03865,Organization_3865,Company,Bengaluru,Tamil Nadu,39,Active
O03866,Organization_3866,Association,Vadodara,Rajasthan,62,Active
O03867,Organization_3867,NGO,Kolkata,Gujarat,76,Active
O03868,Organization_3868,Criminal_Group,Nagpur,Gujarat,47,Active
O03869,Organization_3869,Company,Indore,Karnataka,29,Under_Investigation
O03870,Organization_3870,Company,Rajkot,Rajasthan,20,Inactive
O03871,Organization_3871,Company,Kolkata,West Bengal,11,Inactive
O03872,Organization_3872,Business,Ahmedabad,Telangana,49,Inactive
O03873,Organization_3873,Criminal_Group,Jaipur,Telangana,59,Active
O03874,Organization_3874,Company,Hyderabad,Delhi,39,Active
O03875,Organization_3875,NGO,Nagpur,West Bengal,11,Under_Investigation
O03876,Organization_3876,Association,Hyderabad,Uttar Pradesh,79,Active
O03877,Organization_3877,Criminal_Group,Vadodara,West Bengal,1,Active
O03878,Organization_3878,Company,Nagpur,Telangana,86,Active
O03879,Organization_3879,Company,Bengaluru,Madhya Pradesh,48,Under_Investigation
O03880,Organization_3880,Criminal_Group,Bhopal,West Bengal,31,Active
O03881,Organization_3881,NGO,Ahmedabad,Uttar Pradesh,82,Active
O03882,Organization_3882,Company,Surat,Maharashtra,55,Inactive
O03883,Organization_3883,Criminal_Group,Mumbai,Gujarat,36,Active
O03884,Organization_3884,Criminal_Group,Kolkata,Uttar Pradesh,95,Active
O03885,Organization_3885,Criminal_Group,Bengaluru,West Bengal,1,Active
O03886,Organization_3886,Business,Kolkata,Tamil Nadu,42,Inactive
O03887,Organization_3887,Business,Chennai,Uttar Pradesh,4,Active
O03888,Organization_3888,Criminal_Group,Hyderabad,Uttar Pradesh,23,Active
O03889,Organization_3889,Association,Bengaluru,Rajasthan,4,Under_Investigation
O03890,Organization_3890,Company,Pune,Delhi,70,Under_Investigation
O03891,Organization_3891,Association,Indore,Delhi,3,Active
O03892,Organization_3892,Business,Kolkata,West Bengal,58,Active
O03893,Organization_3893,Company,Pune,West Bengal,62,Active
O03894,Organization_3894,Criminal_Group,Jaipur,Telangana,42,Under_Investigation
O03895,Organization_3895,Company,Nagpur,West Bengal,32,Inactive
O03896,Organization_3896,Business,Surat,Maharashtra,24,Active
O03897,Organization_3897,Criminal_Group,Hyderabad,Telangana,82,Active
O03898,Organization_3898,Company,Lucknow,Telangana,28,Active
O03899,Organization_3899,Company,Rajkot,West Bengal,82,Active
O03900,Organization_3900,NGO,Kolkata,Rajasthan,19,Inactive
O03901,Organization_3901,Criminal_Group,Bengaluru,Gujarat,5,Active
O03902,Organization_3902,Company,Pune,Delhi,99,Active
O03903,Organization_3903,Company,Rajkot,Maharashtra,7,Active
O03904,Organization_3904,Company,Nagpur,Gujarat,100,Inactive
O03905,Organization_3905,Criminal_Group,Pune,Madhya Pradesh,6,Active
O03906,Organization_3906,Company,Surat,Gujarat,55,Active
O03907,Organization_3907,Business,Kolkata,Delhi,51,Active
O03908,Organization_3908,Business,Kolkata,Karnataka,2,Active
O03909,Organization_3909,Company,Kolkata,Gujarat,87,Active
O03910,Organization_3910,Business,Hyderabad,Uttar Pradesh,37,Active
O03911,Organization_3911,Company,Rajkot,Maharashtra,51,Inactive
O03912,Organization_3912,Business,Bhopal,Karnataka,17,Active
O03913,Organization_3913,Company,Bengaluru,Rajasthan,7,Active
O03914,Organization_3914,Business,Kolkata,Maharashtra,12,Inactive
O03915,Organization_3915,Company,Indore,Uttar Pradesh,97,Active
O03916,Organization_3916,Association,Nagpur,Uttar Pradesh,14,Active
O03917,Organization_3917,NGO,Mumbai,Gujarat,83,Inactive
O03918,Organization_3918,Association,Chennai,Tamil Nadu,9,Inactive
O03919,Organization_3919,Company,Mumbai,Gujarat,95,Active
O03920,Organization_3920,Company,Kolkata,Madhya Pradesh,74,Under_Investigation
O03921,Organization_3921,Criminal_Group,Indore,Gujarat,49,Active
O03922,Organization_3922,Company,Pune,Telangana,91,Inactive
O03923,Organization_3923,NGO,Bhopal,Karnataka,54,Under_Investigation
O03924,Organization_3924,Criminal_Group,Surat,Karnataka,13,Inactive
O03925,Organization_3925,Criminal_Group,Ahmedabad,Gujarat,86,Under_Investigation
O03926,Organization_3926,NGO,Delhi,Karnataka,66,Active
O03927,Organization_3927,Company,Bhopal,Uttar Pradesh,8,Active
O03928,Organization_3928,Business,Pune,Madhya Pradesh,32,Active
O03929,Organization_3929,Company,Nagpur,Maharashtra,39,Under_Investigation
O03930,Organization_3930,Criminal_Group,Surat,Madhya Pradesh,94,Active
O03931,Organization_3931,Business,Mumbai,Tamil Nadu,65,Active
O03932,Organization_3932,NGO,Vadodara,Karnataka,54,Active
O03933,Organization_3933,Company,Delhi,Rajasthan,18,Active
O03934,Organization_3934,Criminal_Group,Nagpur,Maharashtra,55,Active
O03935,Organization_3935,Criminal_Group,Bhopal,Telangana,86,Active
O03936,Organization_3936,Criminal_Group,Rajkot,Maharashtra,37,Active
O03937,Organization_3937,Company,Pune,Karnataka,13,Active
O03938,Organization_3938,Business,Chennai,Gujarat,28,Active
O03939,Organization_3939,Business,Bengaluru,Rajasthan,93,Under_Investigation
O03940,Organization_3940,Business,Pune,Maharashtra,32,Active
O03941,Organization_3941,NGO,Chennai,Gujarat,4,Active
O03942,Organization_3942,Company,Rajkot,Rajasthan,86,Under_Investigation
O03943,Organization_3943,Company,Bhopal,Delhi,23,Under_Investigation
O03944,Organization_3944,Company,Delhi,Rajasthan,10,Active
O03945,Organization_3945,NGO,Delhi,Telangana,14,Active
O03946,Organization_3946,Criminal_Group,Surat,Madhya Pradesh,43,Active
O03947,Organization_3947,Association,Hyderabad,Uttar Pradesh,12,Active
O03948,Organization_3948,Business,Rajkot,Rajasthan,12,Active
O03949,Organization_3949,Criminal_Group,Vadodara,Rajasthan,79,Under_Investigation
O03950,Organization_3950,Criminal_Group,Rajkot,Maharashtra,35,Active
O03951,Organization_3951,Criminal_Group,Bengaluru,Rajasthan,7,Active
O03952,Organization_3952,Criminal_Group,Kolkata,Maharashtra,65,Active
O03953,Organization_3953,Association,Jaipur,Rajasthan,10,Under_Investigation
O03954,Organization_3954,NGO,Jaipur,Uttar Pradesh,36,Active
O03955,Organization_3955,Criminal_Group,Bhopal,Delhi,51,Active
O03956,Organization_3956,Criminal_Group,Nagpur,Telangana,2,Active
O03957,Organization_3957,Business,Mumbai,Telangana,67,Active
O03958,Organization_3958,Business,Vadodara,Madhya Pradesh,68,Active
O03959,Organization_3959,Criminal_Group,Surat,Telangana,77,Under_Investigation
O03960,Organization_3960,Company,Chennai,Gujarat,90,Active
O03961,Organization_3961,Association,Kolkata,Rajasthan,24,Active
O03962,Organization_3962,Business,Bengaluru,Karnataka,27,Active
O03963,Organization_3963,Business,Delhi,West Bengal,42,Active
O03964,Organization_3964,Business,Delhi,Maharashtra,92,Under_Investigation
O03965,Organization_3965,Company,Mumbai,Uttar Pradesh,52,Active
O03966,Organization_3966,NGO,Hyderabad,Madhya Pradesh,44,Active
O03967,Organization_3967,Business,Rajkot,Telangana,36,Active
O03968,Organization_3968,Company,Nagpur,Telangana,29,Inactive
O03969,Organization_3969,Company,Surat,Madhya Pradesh,46,Under_Investigation
O03970,Organization_3970,Company,Vadodara,Uttar Pradesh,89,Active
O03971,Organization_3971,Criminal_Group,Lucknow,Karnataka,95,Active
O03972,Organization_3972,NGO,Jaipur,Madhya Pradesh,16,Under_Investigation
O03973,Organization_3973,Company,Vadodara,Madhya Pradesh,26,Active
O03974,Organization_3974,Business,Ahmedabad,Uttar Pradesh,17,Active
O03975,Organization_3975,Criminal_Group,Rajkot,Uttar Pradesh,36,Under_Investigation
O03976,Organization_3976,Association,Hyderabad,West Bengal,24,Active
O03977,Organization_3977,Company,Bhopal,Telangana,91,Inactive
O03978,Organization_3978,Business,Chennai,Gujarat,4,Active
O03979,Organization_3979,Business,Kolkata,Gujarat,47,Under_Investigation
O03980,Organization_3980,Company,Bhopal,Uttar Pradesh,6,Active
O03981,Organization_3981,Association,Lucknow,Uttar Pradesh,73,Inactive
O03982,Organization_3982,Business,Ahmedabad,Gujarat,9,Active
O03983,Organization_3983,Business,Vadodara,Delhi,79,Inactive
O03984,Organization_3984,Business,Rajkot,Maharashtra,18,Inactive
O03985,Organization_3985,Criminal_Group,Nagpur,Tamil Nadu,67,Active
O03986,Organization_3986,Company,Vadodara,Delhi,98,Active
O03987,Organization_3987,Criminal_Group,Indore,Delhi,1,Active
O03988,Organization_3988,NGO,Rajkot,Karnataka,54,Active
O03989,Organization_3989,Company,Delhi,Delhi,73,Inactive
O03990,Organization_3990,Company,Chennai,West Bengal,45,Active
O03991,Organization_3991,NGO,Ahmedabad,Rajasthan,78,Active
O03992,Organization_3992,Criminal_Group,Lucknow,Tamil Nadu,10,Active
O03993,Organization_3993,Company,Rajkot,Karnataka,57,Active
O03994,Organization_3994,NGO,Bhopal,Telangana,55,Active
O03995,Organization_3995,NGO,Vadodara,Tamil Nadu,66,Under_Investigation
O03996,Organization_3996,Business,Ahmedabad,West Bengal,26,Active
O03997,Organization_3997,NGO,Indore,Karnataka,36,Active
O03998,Organization_3998,NGO,Kolkata,Telangana,82,Active
O03999,Organization_3999,Criminal_Group,Rajkot,Telangana,2,Active
O04000,Organization_4000,Business,Mumbai,Gujarat,59,Active
O04001,Organization_4001,Business,Ahmedabad,Maharashtra,62,Under_Investigation
O04002,Organization_4002,NGO,Chennai,Uttar Pradesh,60,Active
O04003,Organization_4003,NGO,Chennai,Madhya Pradesh,10,Active
O04004,Organization_4004,Company,Ahmedabad,Gujarat,34,Under_Investigation
O04005,Organization_4005,Business,Delhi,Madhya Pradesh,64,Inactive
O04006,Organization_4006,Business,Nagpur,Tamil Nadu,59,Active
O04007,Organization_4007,Association,Nagpur,Rajasthan,76,Active
O04008,Organization_4008,Business,Mumbai,Uttar Pradesh,6,Active
O04009,Organization_4009,Criminal_Group,Indore,Karnataka,46,Active
O04010,Organization_4010,Criminal_Group,Lucknow,Uttar Pradesh,92,Active
O04011,Organization_4011,Association,Lucknow,Delhi,71,Under_Investigation
O04012,Organization_4012,Criminal_Group,Nagpur,Telangana,6,Active
O04013,Organization_4013,Association,Lucknow,Tamil Nadu,17,Inactive
O04014,Organization_4014,Company,Indore,Karnataka,39,Active
O04015,Organization_4015,Criminal_Group,Jaipur,Madhya Pradesh,57,Under_Investigation
O04016,Organization_4016,Criminal_Group,Hyderabad,Telangana,36,Inactive
O04017,Organization_4017,NGO,Ahmedabad,West Bengal,85,Under_Investigation
O04018,Organization_4018,NGO,Rajkot,Telangana,70,Inactive
O04019,Organization_4019,Association,Indore,Maharashtra,5,Active
O04020,Organization_4020,Business,Kolkata,Tamil Nadu,83,Active
O04021,Organization_4021,Company,Rajkot,Rajasthan,71,Inactive
O04022,Organization_4022,Company,Rajkot,West Bengal,22,Active
O04023,Organization_4023,Company,Delhi,Tamil Nadu,16,Active
O04024,Organization_4024,Association,Lucknow,Telangana,91,Under_Investigation
O04025,Organization_4025,Criminal_Group,Ahmedabad,West Bengal,98,Active
O04026,Organization_4026,Criminal_Group,Nagpur,Karnataka,22,Active
O04027,Organization_4027,Criminal_Group,Nagpur,Tamil Nadu,38,Active
O04028,Organization_4028,Business,Lucknow,Tamil Nadu,68,Active
O04029,Organization_4029,NGO,Rajkot,Gujarat,44,Under_Investigation
O04030,Organization_4030,Company,Jaipur,Rajasthan,47,Active
O04031,Organization_4031,Business,Vadodara,Uttar Pradesh,93,Active
O04032,Organization_4032,Criminal_Group,Hyderabad,Karnataka,10,Inactive
O04033,Organization_4033,Criminal_Group,Lucknow,Maharashtra,50,Active
O04034,Organization_4034,Association,Bhopal,Rajasthan,1,Under_Investigation
O04035,Organization_4035,Business,Nagpur,Tamil Nadu,53,Inactive
O04036,Organization_4036,Business,Hyderabad,Karnataka,92,Under_Investigation
O04037,Organization_4037,Association,Mumbai,West Bengal,15,Under_Investigation
O04038,Organization_4038,Company,Mumbai,Delhi,76,Under_Investigation
O04039,Organization_4039,Criminal_Group,Nagpur,Uttar Pradesh,37,Inactive
O04040,Organization_4040,Criminal_Group,Jaipur,Telangana,25,Active
O04041,Organization_4041,Company,Kolkata,Maharashtra,53,Active
O04042,Organization_4042,Company,Hyderabad,Telangana,65,Active
O04043,Organization_4043,Business,Indore,Gujarat,39,Active
O04044,Organization_4044,Company,Ahmedabad,Rajasthan,51,Active
O04045,Organization_4045,Criminal_Group,Lucknow,Telangana,77,Active
O04046,Organization_4046,Association,Mumbai,West Bengal,77,Active
O04047,Organization_4047,Criminal_Group,Rajkot,Tamil Nadu,87,Inactive
O04048,Organization_4048,Criminal_Group,Jaipur,Madhya Pradesh,53,Active
O04049,Organization_4049,Business,Delhi,Gujarat,82,Active
O04050,Organization_4050,Criminal_Group,Hyderabad,Karnataka,30,Active
O04051,Organization_4051,Business,Kolkata,Karnataka,52,Active
O04052,Organization_4052,Company,Ahmedabad,West Bengal,54,Active
O04053,Organization_4053,Company,Ahmedabad,Uttar Pradesh,77,Under_Investigation
O04054,Organization_4054,Business,Jaipur,Tamil Nadu,12,Active
O04055,Organization_4055,NGO,Bhopal,Rajasthan,28,Active
O04056,Organization_4056,Business,Pune,Maharashtra,22,Active
O04057,Organization_4057,Business,Surat,Delhi,54,Under_Investigation
O04058,Organization_4058,Criminal_Group,Surat,Maharashtra,77,Active
O04059,Organization_4059,NGO,Chennai,Delhi,70,Active
O04060,Organization_4060,Business,Jaipur,Madhya Pradesh,99,Active
O04061,Organization_4061,Association,Nagpur,Karnataka,75,Active
O04062,Organization_4062,Criminal_Group,Rajkot,Maharashtra,52,Active
O04063,Organization_4063,Association,Pune,Maharashtra,3,Active
O04064,Organization_4064,Company,Hyderabad,Rajasthan,9,Active
O04065,Organization_4065,Association,Lucknow,Karnataka,93,Active
O04066,Organization_4066,Company,Hyderabad,West Bengal,50,Under_Investigation
O04067,Organization_4067,Criminal_Group,Ahmedabad,Tamil Nadu,77,Active
O04068,Organization_4068,NGO,Vadodara,Uttar Pradesh,38,Active
O04069,Organization_4069,Criminal_Group,Kolkata,Tamil Nadu,54,Under_Investigation
O04070,Organization_4070,NGO,Kolkata,Tamil Nadu,72,Active
O04071,Organization_4071,Company,Bengaluru,Gujarat,16,Under_Investigation
O04072,Organization_4072,Criminal_Group,Chennai,Gujarat,27,Active
O04073,Organization_4073,Criminal_Group,Kolkata,Madhya Pradesh,94,Active
O04074,Organization_4074,Business,Vadodara,Karnataka,70,Inactive
O04075,Organization_4075,Criminal_Group,Vadodara,Tamil Nadu,81,Active
O04076,Organization_4076,Business,Indore,Uttar Pradesh,68,Active
O04077,Organization_4077,Association,Ahmedabad,Tamil Nadu,98,Active
O04078,Organization_4078,Criminal_Group,Rajkot,Rajasthan,8,Active
O04079,Organization_4079,Association,Mumbai,Karnataka,82,Active
O04080,Organization_4080,NGO,Mumbai,Tamil Nadu,7,Under_Investigation
O04081,Organization_4081,Association,Indore,Karnataka,81,Active
O04082,Organization_4082,Company,Kolkata,Uttar Pradesh,20,Active
O04083,Organization_4083,Business,Chennai,Delhi,5,Inactive
O04084,Organization_4084,Business,Delhi,Rajasthan,87,Active
O04085,Organization_4085,Company,Pune,Karnataka,4,Active
O04086,Organization_4086,Company,Nagpur,Gujarat,98,Active
O04087,Organization_4087,Company,Indore,Tamil Nadu,31,Active
O04088,Organization_4088,NGO,Bengaluru,Rajasthan,84,Inactive
O04089,Organization_4089,Company,Chennai,Karnataka,84,Inactive
O04090,Organization_4090,Company,Surat,West Bengal,71,Active
O04091,Organization_4091,Business,Indore,Maharashtra,5,Active
O04092,Organization_4092,Company,Hyderabad,Rajasthan,12,Under_Investigation
O04093,Organization_4093,Association,Lucknow,Telangana,93,Inactive
O04094,Organization_4094,Company,Bengaluru,Madhya Pradesh,71,Active
O04095,Organization_4095,Criminal_Group,Rajkot,Karnataka,17,Active
O04096,Organization_4096,Company,Lucknow,Gujarat,21,Active
O04097,Organization_4097,Criminal_Group,Chennai,Delhi,19,Active
O04098,Organization_4098,NGO,Delhi,Rajasthan,52,Active
O04099,Organization_4099,Company,Kolkata,West Bengal,53,Active
O04100,Organization_4100,Company,Mumbai,Telangana,39,Active
O04101,Organization_4101,Criminal_Group,Mumbai,West Bengal,67,Active
O04102,Organization_4102,Criminal_Group,Surat,Delhi,31,Active
O04103,Organization_4103,Company,Bengaluru,Gujarat,12,Active
O04104,Organization_4104,NGO,Mumbai,Gujarat,46,Active
O04105,Organization_4105,Business,Jaipur,Delhi,85,Active
O04106,Organization_4106,Company,Lucknow,Uttar Pradesh,78,Active
O04107,Organization_4107,Company,Pune,Karnataka,25,Active
O04108,Organization_4108,Business,Kolkata,West Bengal,48,Active
O04109,Organization_4109,NGO,Delhi,Uttar Pradesh,25,Active
O04110,Organization_4110,Criminal_Group,Indore,Madhya Pradesh,22,Under_Investigation
O04111,Organization_4111,Criminal_Group,Kolkata,Tamil Nadu,7,Active
O04112,Organization_4112,Criminal_Group,Mumbai,Delhi,28,Under_Investigation
O04113,Organization_4113,Business,Kolkata,West Bengal,68,Under_Investigation
O04114,Organization_4114,Company,Indore,Delhi,59,Active
O04115,Organization_4115,NGO,Bengaluru,Delhi,38,Active
O04116,Organization_4116,Company,Ahmedabad,Karnataka,61,Active
O04117,Organization_4117,Business,Pune,Telangana,30,Active
O04118,Organization_4118,Company,Lucknow,West Bengal,97,Active
O04119,Organization_4119,Company,Pune,Gujarat,100,Active
O04120,Organization_4120,NGO,Pune,Telangana,9,Active
O04121,Organization_4121,Company,Delhi,Uttar Pradesh,88,Active
O04122,Organization_4122,Criminal_Group,Bhopal,Delhi,28,Active
O04123,Organization_4123,Company,Bengaluru,Gujarat,50,Active
O04124,Organization_4124,Company,Lucknow,Maharashtra,37,Active
O04125,Organization_4125,Company,Pune,Gujarat,8,Active
O04126,Organization_4126,Criminal_Group,Ahmedabad,Karnataka,79,Active
O04127,Organization_4127,Criminal_Group,Jaipur,Telangana,40,Active
O04128,Organization_4128,Business,Rajkot,Karnataka,48,Under_Investigation
O04129,Organization_4129,Company,Indore,Rajasthan,37,Active
O04130,Organization_4130,Association,Mumbai,Tamil Nadu,28,Inactive
O04131,Organization_4131,Criminal_Group,Delhi,Madhya Pradesh,3,Active
O04132,Organization_4132,Company,Hyderabad,Karnataka,82,Active
O04133,Organization_4133,Company,Pune,Uttar Pradesh,60,Inactive
O04134,Organization_4134,Business,Delhi,West Bengal,21,Active
O04135,Organization_4135,Company,Bhopal,Uttar Pradesh,16,Inactive
O04136,Organization_4136,Business,Rajkot,Madhya Pradesh,92,Active
O04137,Organization_4137,Company,Indore,Gujarat,73,Active
O04138,Organization_4138,Association,Pune,Uttar Pradesh,81,Under_Investigation
O04139,Organization_4139,Company,Rajkot,Telangana,64,Active
O04140,Organization_4140,Criminal_Group,Rajkot,Tamil Nadu,49,Active
O04141,Organization_4141,Criminal_Group,Chennai,Uttar Pradesh,80,Inactive
O04142,Organization_4142,Criminal_Group,Delhi,Delhi,14,Inactive
O04143,Organization_4143,Company,Indore,Karnataka,78,Active
O04144,Organization_4144,Business,Vadodara,Maharashtra,4,Inactive
O04145,Organization_4145,Company,Kolkata,Karnataka,99,Active
O04146,Organization_4146,Criminal_Group,Lucknow,Madhya Pradesh,90,Inactive
O04147,Organization_4147,Association,Bengaluru,Maharashtra,34,Active
O04148,Organization_4148,Business,Jaipur,Delhi,51,Active
O04149,Organization_4149,Company,Delhi,Maharashtra,86,Inactive
O04150,Organization_4150,Criminal_Group,Nagpur,Uttar Pradesh,42,Active
O04151,Organization_4151,Business,Bhopal,Telangana,50,Active
O04152,Organization_4152,Company,Ahmedabad,Delhi,56,Active
O04153,Organization_4153,Company,Indore,Madhya Pradesh,40,Active
O04154,Organization_4154,Company,Delhi,Delhi,27,Active
O04155,Organization_4155,Criminal_Group,Kolkata,Delhi,87,Active
O04156,Organization_4156,Association,Jaipur,Telangana,63,Under_Investigation
O04157,Organization_4157,Criminal_Group,Kolkata,Karnataka,11,Under_Investigation
O04158,Organization_4158,NGO,Nagpur,Madhya Pradesh,82,Active
O04159,Organization_4159,Business,Indore,West Bengal,92,Active
O04160,Organization_4160,NGO,Pune,West Bengal,42,Active
O04161,Organization_4161,Criminal_Group,Nagpur,Gujarat,77,Active
O04162,Organization_4162,Association,Vadodara,Telangana,35,Under_Investigation
O04163,Organization_4163,Company,Surat,Rajasthan,69,Active
O04164,Organization_4164,Business,Jaipur,Gujarat,94,Active
O04165,Organization_4165,Association,Ahmedabad,Tamil Nadu,55,Active
O04166,Organization_4166,NGO,Kolkata,Maharashtra,87,Active
O04167,Organization_4167,Company,Jaipur,Gujarat,49,Active
O04168,Organization_4168,Association,Vadodara,Delhi,93,Active
O04169,Organization_4169,NGO,Chennai,Telangana,69,Active
O04170,Organization_4170,Business,Nagpur,Karnataka,18,Under_Investigation
O04171,Organization_4171,Association,Kolkata,Uttar Pradesh,96,Active
O04172,Organization_4172,Company,Vadodara,Karnataka,30,Active
O04173,Organization_4173,Company,Lucknow,Uttar Pradesh,38,Active
O04174,Organization_4174,Company,Vadodara,Delhi,99,Active
O04175,Organization_4175,Company,Lucknow,Gujarat,65,Inactive
O04176,Organization_4176,Company,Bengaluru,Delhi,24,Inactive
O04177,Organization_4177,Criminal_Group,Nagpur,Rajasthan,63,Active
O04178,Organization_4178,Company,Surat,Tamil Nadu,14,Active
O04179,Organization_4179,Criminal_Group,Pune,Madhya Pradesh,60,Active
O04180,Organization_4180,Association,Kolkata,Madhya Pradesh,37,Under_Investigation
O04181,Organization_4181,Business,Lucknow,West Bengal,3,Active
O04182,Organization_4182,Company,Vadodara,Madhya Pradesh,40,Active
O04183,Organization_4183,Criminal_Group,Nagpur,Karnataka,49,Active
O04184,Organization_4184,Business,Kolkata,Madhya Pradesh,35,Active
O04185,Organization_4185,Business,Delhi,Uttar Pradesh,87,Under_Investigation
O04186,Organization_4186,Criminal_Group,Kolkata,Maharashtra,34,Inactive
O04187,Organization_4187,Company,Surat,Gujarat,15,Active
O04188,Organization_4188,Criminal_Group,Mumbai,Karnataka,96,Inactive
O04189,Organization_4189,Business,Jaipur,Karnataka,12,Active
O04190,Organization_4190,NGO,Surat,Delhi,37,Active
O04191,Organization_4191,Company,Kolkata,Maharashtra,13,Active
O04192,Organization_4192,Business,Nagpur,Gujarat,61,Inactive
O04193,Organization_4193,Company,Delhi,Tamil Nadu,28,Under_Investigation
O04194,Organization_4194,Business,Kolkata,Delhi,8,Active
O04195,Organization_4195,Company,Chennai,Delhi,21,Under_Investigation
O04196,Organization_4196,Company,Chennai,Uttar Pradesh,64,Under_Investigation
O04197,Organization_4197,Business,Delhi,Rajasthan,89,Active
O04198,Organization_4198,Company,Delhi,Maharashtra,61,Inactive
O04199,Organization_4199,NGO,Bengaluru,Madhya Pradesh,95,Under_Investigation
O04200,Organization_4200,Company,Vadodara,Uttar Pradesh,67,Active
O04201,Organization_4201,Company,Surat,Madhya Pradesh,61,Under_Investigation
O04202,Organization_4202,Criminal_Group,Bengaluru,Madhya Pradesh,58,Active
O04203,Organization_4203,NGO,Indore,Karnataka,41,Active
O04204,Organization_4204,Business,Surat,Rajasthan,9,Inactive
O04205,Organization_4205,Criminal_Group,Chennai,Delhi,10,Under_Investigation
O04206,Organization_4206,Business,Kolkata,West Bengal,89,Active
O04207,Organization_4207,Company,Indore,Uttar Pradesh,14,Active
O04208,Organization_4208,Business,Lucknow,Telangana,91,Active
O04209,Organization_4209,Association,Hyderabad,Karnataka,76,Active
O04210,Organization_4210,Criminal_Group,Rajkot,Rajasthan,5,Active
O04211,Organization_4211,Business,Lucknow,Madhya Pradesh,75,Active
O04212,Organization_4212,Criminal_Group,Bhopal,Uttar Pradesh,16,Under_Investigation
O04213,Organization_4213,Criminal_Group,Nagpur,West Bengal,6,Active
O04214,Organization_4214,Business,Bhopal,Maharashtra,77,Active
O04215,Organization_4215,Company,Bengaluru,Karnataka,12,Active
O04216,Organization_4216,Company,Indore,Tamil Nadu,25,Under_Investigation
O04217,Organization_4217,Association,Lucknow,West Bengal,51,Under_Investigation
O04218,Organization_4218,Criminal_Group,Chennai,Uttar Pradesh,98,Active
O04219,Organization_4219,Business,Pune,Delhi,94,Active
O04220,Organization_4220,Criminal_Group,Mumbai,Maharashtra,13,Active
O04221,Organization_4221,Company,Bhopal,Maharashtra,39,Active
O04222,Organization_4222,Criminal_Group,Kolkata,Madhya Pradesh,53,Active
O04223,Organization_4223,NGO,Mumbai,Gujarat,75,Active
O04224,Organization_4224,Criminal_Group,Mumbai,Delhi,74,Active
O04225,Organization_4225,NGO,Mumbai,Rajasthan,96,Under_Investigation
O04226,Organization_4226,Criminal_Group,Indore,Uttar Pradesh,34,Active
O04227,Organization_4227,NGO,Nagpur,Uttar Pradesh,74,Under_Investigation
O04228,Organization_4228,Company,Bengaluru,Delhi,12,Under_Investigation
O04229,Organization_4229,Criminal_Group,Pune,Telangana,20,Inactive
O04230,Organization_4230,NGO,Surat,Madhya Pradesh,23,Active
O04231,Organization_4231,Business,Hyderabad,Telangana,27,Active
O04232,Organization_4232,Company,Vadodara,Gujarat,52,Active
O04233,Organization_4233,Criminal_Group,Delhi,Maharashtra,71,Active
O04234,Organization_4234,NGO,Delhi,West Bengal,53,Active
O04235,Organization_4235,Company,Mumbai,Rajasthan,59,Active
O04236,Organization_4236,Business,Mumbai,Gujarat,46,Active
O04237,Organization_4237,Business,Surat,Maharashtra,74,Active
O04238,Organization_4238,Association,Bhopal,Telangana,52,Active
O04239,Organization_4239,Company,Vadodara,Gujarat,64,Active
O04240,Organization_4240,Company,Chennai,West Bengal,13,Active
O04241,Organization_4241,Company,Rajkot,Karnataka,93,Active
O04242,Organization_4242,NGO,Rajkot,Delhi,26,Active
O04243,Organization_4243,Company,Surat,Tamil Nadu,94,Active
O04244,Organization_4244,Association,Jaipur,Rajasthan,77,Active
O04245,Organization_4245,Business,Indore,Delhi,92,Active
O04246,Organization_4246,Association,Delhi,Telangana,41,Under_Investigation
O04247,Organization_4247,Business,Rajkot,West Bengal,43,Active
O04248,Organization_4248,Business,Ahmedabad,Rajasthan,78,Active
O04249,Organization_4249,Business,Rajkot,Gujarat,75,Active
O04250,Organization_4250,Criminal_Group,Ahmedabad,Telangana,51,Active
O04251,Organization_4251,Company,Ahmedabad,Telangana,89,Active
O04252,Organization_4252,Business,Pune,Karnataka,20,Active
O04253,Organization_4253,Business,Jaipur,West Bengal,71,Active
O04254,Organization_4254,Business,Indore,Madhya Pradesh,9,Inactive
O04255,Organization_4255,NGO,Surat,Rajasthan,58,Active
O04256,Organization_4256,NGO,Pune,Rajasthan,37,Active
O04257,Organization_4257,Company,Lucknow,Telangana,29,Active
O04258,Organization_4258,Business,Nagpur,Rajasthan,78,Under_Investigation
O04259,Organization_4259,Company,Lucknow,Gujarat,15,Inactive
O04260,Organization_4260,NGO,Delhi,Telangana,13,Under_Investigation
O04261,Organization_4261,Criminal_Group,Nagpur,Uttar Pradesh,12,Active
O04262,Organization_4262,Business,Rajkot,Karnataka,30,Active
O04263,Organization_4263,Company,Pune,Telangana,45,Active
O04264,Organization_4264,NGO,Mumbai,Rajasthan,47,Inactive
O04265,Organization_4265,Business,Surat,Karnataka,56,Active
O04266,Organization_4266,Business,Ahmedabad,Uttar Pradesh,46,Under_Investigation
O04267,Organization_4267,Company,Jaipur,Gujarat,98,Inactive
O04268,Organization_4268,Association,Indore,Rajasthan,82,Active
O04269,Organization_4269,Criminal_Group,Jaipur,Delhi,98,Active
O04270,Organization_4270,Association,Mumbai,Delhi,67,Active
O04271,Organization_4271,Company,Nagpur,Delhi,81,Active
O04272,Organization_4272,NGO,Lucknow,Karnataka,73,Active
O04273,Organization_4273,Criminal_Group,Delhi,Madhya Pradesh,97,Active
O04274,Organization_4274,NGO,Hyderabad,Tamil Nadu,21,Active
O04275,Organization_4275,Association,Ahmedabad,Gujarat,46,Active
O04276,Organization_4276,NGO,Kolkata,Telangana,58,Active
O04277,Organization_4277,NGO,Chennai,West Bengal,85,Active
O04278,Organization_4278,NGO,Kolkata,Telangana,7,Active
O04279,Organization_4279,Association,Ahmedabad,Delhi,95,Active
O04280,Organization_4280,Association,Rajkot,Tamil Nadu,4,Active
O04281,Organization_4281,Business,Lucknow,Uttar Pradesh,92,Active
O04282,Organization_4282,Company,Mumbai,Delhi,66,Active
O04283,Organization_4283,Company,Pune,Madhya Pradesh,61,Active
O04284,Organization_4284,NGO,Ahmedabad,Uttar Pradesh,41,Inactive
O04285,Organization_4285,Company,Delhi,West Bengal,11,Active
O04286,Organization_4286,Company,Lucknow,Gujarat,55,Active
O04287,Organization_4287,Company,Chennai,Madhya Pradesh,91,Under_Investigation
O04288,Organization_4288,Association,Ahmedabad,Uttar Pradesh,58,Active
O04289,Organization_4289,Company,Chennai,West Bengal,20,Active
O04290,Organization_4290,Business,Indore,Uttar Pradesh,62,Inactive
O04291,Organization_4291,NGO,Chennai,Telangana,6,Active
O04292,Organization_4292,NGO,Kolkata,Karnataka,53,Inactive
O04293,Organization_4293,Company,Jaipur,Maharashtra,45,Active
O04294,Organization_4294,NGO,Surat,Maharashtra,45,Active
O04295,Organization_4295,Association,Lucknow,Karnataka,84,Active
O04296,Organization_4296,Business,Pune,Rajasthan,52,Active
O04297,Organization_4297,Company,Vadodara,Delhi,99,Active
O04298,Organization_4298,Criminal_Group,Mumbai,Tamil Nadu,53,Active
O04299,Organization_4299,Company,Nagpur,Madhya Pradesh,36,Active
O04300,Organization_4300,Company,Bhopal,Uttar Pradesh,5,Under_Investigation
O04301,Organization_4301,Business,Mumbai,Tamil Nadu,37,Active
O04302,Organization_4302,Company,Chennai,West Bengal,99,Inactive
O04303,Organization_4303,NGO,Jaipur,West Bengal,5,Active
O04304,Organization_4304,Company,Lucknow,Uttar Pradesh,73,Under_Investigation
O04305,Organization_4305,Criminal_Group,Mumbai,Uttar Pradesh,26,Inactive
O04306,Organization_4306,Criminal_Group,Surat,Telangana,90,Active
O04307,Organization_4307,Association,Chennai,Telangana,48,Under_Investigation
O04308,Organization_4308,Company,Jaipur,Karnataka,84,Active
O04309,Organization_4309,Business,Mumbai,Delhi,63,Under_Investigation
O04310,Organization_4310,Company,Indore,West Bengal,28,Active
O04311,Organization_4311,NGO,Chennai,Maharashtra,50,Active
O04312,Organization_4312,Business,Surat,Telangana,70,Inactive
O04313,Organization_4313,Business,Bengaluru,Uttar Pradesh,79,Under_Investigation
O04314,Organization_4314,Business,Kolkata,Delhi,94,Active
O04315,Organization_4315,Company,Rajkot,Delhi,100,Active
O04316,Organization_4316,Criminal_Group,Ahmedabad,Gujarat,19,Active
O04317,Organization_4317,Business,Chennai,Tamil Nadu,90,Active
O04318,Organization_4318,Company,Nagpur,Maharashtra,48,Active
O04319,Organization_4319,NGO,Jaipur,Delhi,65,Inactive
O04320,Organization_4320,Criminal_Group,Delhi,Maharashtra,11,Inactive
O04321,Organization_4321,NGO,Jaipur,Rajasthan,12,Active
O04322,Organization_4322,Criminal_Group,Bengaluru,West Bengal,71,Active
O04323,Organization_4323,NGO,Hyderabad,Tamil Nadu,23,Active
O04324,Organization_4324,Company,Ahmedabad,Madhya Pradesh,25,Active
O04325,Organization_4325,Company,Ahmedabad,Maharashtra,51,Active
O04326,Organization_4326,Business,Hyderabad,Telangana,68,Active
O04327,Organization_4327,NGO,Surat,West Bengal,33,Active
O04328,Organization_4328,Company,Chennai,Uttar Pradesh,9,Active
O04329,Organization_4329,Company,Jaipur,Tamil Nadu,72,Active
O04330,Organization_4330,NGO,Surat,Maharashtra,66,Active
O04331,Organization_4331,Company,Lucknow,Karnataka,99,Inactive
O04332,Organization_4332,Company,Hyderabad,Uttar Pradesh,31,Inactive
O04333,Organization_4333,Business,Nagpur,Tamil Nadu,99,Under_Investigation
O04334,Organization_4334,Company,Kolkata,Rajasthan,77,Active
O04335,Organization_4335,Company,Kolkata,Rajasthan,18,Active
O04336,Organization_4336,Business,Kolkata,Maharashtra,12,Active
O04337,Organization_4337,Company,Nagpur,Gujarat,53,Active
O04338,Organization_4338,Criminal_Group,Hyderabad,Rajasthan,4,Active
O04339,Organization_4339,Company,Nagpur,Telangana,32,Active
O04340,Organization_4340,Business,Indore,Madhya Pradesh,58,Active
O04341,Organization_4341,Business,Indore,Maharashtra,45,Active
O04342,Organization_4342,Company,Ahmedabad,Tamil Nadu,65,Active
O04343,Organization_4343,Association,Nagpur,Gujarat,79,Under_Investigation
O04344,Organization_4344,Criminal_Group,Chennai,Telangana,51,Active
O04345,Organization_4345,NGO,Indore,West Bengal,28,Active
O04346,Organization_4346,Company,Hyderabad,Karnataka,28,Under_Investigation
O04347,Organization_4347,Company,Ahmedabad,Gujarat,99,Active
O04348,Organization_4348,Business,Delhi,Delhi,86,Under_Investigation
O04349,Organization_4349,NGO,Nagpur,Karnataka,68,Active
O04350,Organization_4350,Criminal_Group,Lucknow,Rajasthan,4,Active
O04351,Organization_4351,Company,Delhi,Madhya Pradesh,16,Active
O04352,Organization_4352,Association,Pune,Maharashtra,64,Active
O04353,Organization_4353,Criminal_Group,Lucknow,Gujarat,61,Inactive
O04354,Organization_4354,Company,Surat,Uttar Pradesh,74,Active
O04355,Organization_4355,Company,Bhopal,Delhi,58,Active
O04356,Organization_4356,Company,Kolkata,West Bengal,83,Active
O04357,Organization_4357,Criminal_Group,Mumbai,West Bengal,30,Active
O04358,Organization_4358,Association,Chennai,Gujarat,17,Active
O04359,Organization_4359,Association,Jaipur,Tamil Nadu,5,Active
O04360,Organization_4360,Company,Delhi,Maharashtra,78,Active
O04361,Organization_4361,Criminal_Group,Rajkot,Uttar Pradesh,78,Active
O04362,Organization_4362,Company,Delhi,Gujarat,54,Active
O04363,Organization_4363,Association,Chennai,Karnataka,3,Inactive
O04364,Organization_4364,Criminal_Group,Pune,Madhya Pradesh,32,Active
O04365,Organization_4365,Business,Delhi,Telangana,38,Active
O04366,Organization_4366,Company,Rajkot,Gujarat,97,Under_Investigation
O04367,Organization_4367,Business,Nagpur,Maharashtra,4,Under_Investigation
O04368,Organization_4368,Company,Rajkot,Maharashtra,84,Active
O04369,Organization_4369,Company,Jaipur,Delhi,99,Active
O04370,Organization_4370,NGO,Lucknow,Uttar Pradesh,63,Active
O04371,Organization_4371,Association,Delhi,Uttar Pradesh,16,Active
O04372,Organization_4372,Criminal_Group,Rajkot,Rajasthan,88,Active
O04373,Organization_4373,Business,Vadodara,Tamil Nadu,7,Inactive
O04374,Organization_4374,Criminal_Group,Lucknow,Telangana,19,Active
O04375,Organization_4375,Company,Bhopal,Telangana,74,Active
O04376,Organization_4376,Business,Lucknow,West Bengal,13,Active
O04377,Organization_4377,Criminal_Group,Bengaluru,West Bengal,64,Active
O04378,Organization_4378,Association,Rajkot,Rajasthan,38,Active
O04379,Organization_4379,Business,Bengaluru,West Bengal,9,Under_Investigation
O04380,Organization_4380,Business,Vadodara,Telangana,63,Active
O04381,Organization_4381,NGO,Surat,West Bengal,81,Under_Investigation
O04382,Organization_4382,Company,Lucknow,Delhi,33,Active
O04383,Organization_4383,Company,Pune,Uttar Pradesh,30,Under_Investigation
O04384,Organization_4384,Company,Bengaluru,Delhi,67,Active
O04385,Organization_4385,Association,Bhopal,Uttar Pradesh,13,Active
O04386,Organization_4386,NGO,Mumbai,Tamil Nadu,2,Active
O04387,Organization_4387,Company,Bengaluru,West Bengal,73,Inactive
O04388,Organization_4388,Company,Bhopal,Uttar Pradesh,37,Active
O04389,Organization_4389,NGO,Mumbai,Telangana,60,Active
O04390,Organization_4390,Criminal_Group,Bengaluru,Rajasthan,95,Active
O04391,Organization_4391,Criminal_Group,Hyderabad,Madhya Pradesh,84,Inactive
O04392,Organization_4392,Business,Mumbai,Delhi,47,Active
O04393,Organization_4393,Company,Rajkot,Rajasthan,80,Inactive
O04394,Organization_4394,Criminal_Group,Rajkot,Uttar Pradesh,86,Active
O04395,Organization_4395,Company,Jaipur,Rajasthan,51,Active
O04396,Organization_4396,Criminal_Group,Jaipur,Telangana,95,Under_Investigation
O04397,Organization_4397,Company,Lucknow,Tamil Nadu,44,Active
O04398,Organization_4398,Criminal_Group,Hyderabad,Madhya Pradesh,40,Under_Investigation
O04399,Organization_4399,Company,Kolkata,Madhya Pradesh,19,Inactive
O04400,Organization_4400,Association,Nagpur,Maharashtra,44,Active
O04401,Organization_4401,Company,Bengaluru,Uttar Pradesh,45,Active
O04402,Organization_4402,Criminal_Group,Kolkata,Karnataka,99,Active
O04403,Organization_4403,Company,Rajkot,Gujarat,91,Active
O04404,Organization_4404,NGO,Hyderabad,Madhya Pradesh,23,Active
O04405,Organization_4405,Association,Chennai,Delhi,9,Active
O04406,Organization_4406,Company,Indore,Madhya Pradesh,58,Under_Investigation
O04407,Organization_4407,NGO,Lucknow,Gujarat,88,Active
O04408,Organization_4408,Company,Rajkot,Madhya Pradesh,3,Under_Investigation
O04409,Organization_4409,Criminal_Group,Hyderabad,West Bengal,47,Active
O04410,Organization_4410,NGO,Pune,Telangana,61,Active
O04411,Organization_4411,Criminal_Group,Nagpur,West Bengal,13,Inactive
O04412,Organization_4412,NGO,Mumbai,Madhya Pradesh,66,Under_Investigation
O04413,Organization_4413,NGO,Delhi,Tamil Nadu,70,Active
O04414,Organization_4414,Business,Rajkot,Karnataka,2,Active
O04415,Organization_4415,Business,Rajkot,Uttar Pradesh,92,Active
O04416,Organization_4416,Criminal_Group,Vadodara,Maharashtra,66,Active
O04417,Organization_4417,Criminal_Group,Delhi,Madhya Pradesh,93,Active
O04418,Organization_4418,Company,Surat,Maharashtra,79,Active
O04419,Organization_4419,Business,Rajkot,West Bengal,52,Under_Investigation
O04420,Organization_4420,Business,Lucknow,Gujarat,74,Active
O04421,Organization_4421,NGO,Mumbai,Madhya Pradesh,15,Active
O04422,Organization_4422,Business,Mumbai,Tamil Nadu,31,Inactive
O04423,Organization_4423,Company,Pune,Telangana,46,Under_Investigation
O04424,Organization_4424,Association,Lucknow,Gujarat,78,Under_Investigation
O04425,Organization_4425,Company,Delhi,Delhi,67,Active
O04426,Organization_4426,Business,Nagpur,Delhi,22,Inactive
O04427,Organization_4427,Company,Delhi,Delhi,10,Active
O04428,Organization_4428,Business,Rajkot,West Bengal,29,Active
O04429,Organization_4429,Business,Bengaluru,Gujarat,96,Inactive
O04430,Organization_4430,Company,Pune,West Bengal,72,Active
O04431,Organization_4431,Business,Vadodara,Tamil Nadu,43,Active
O04432,Organization_4432,NGO,Rajkot,Rajasthan,1,Active
O04433,Organization_4433,Business,Surat,Tamil Nadu,45,Active
O04434,Organization_4434,Company,Hyderabad,Tamil Nadu,29,Active
O04435,Organization_4435,Company,Ahmedabad,West Bengal,79,Active
O04436,Organization_4436,Company,Delhi,Delhi,74,Under_Investigation
O04437,Organization_4437,Criminal_Group,Bengaluru,Telangana,35,Under_Investigation
O04438,Organization_4438,NGO,Kolkata,Tamil Nadu,46,Under_Investigation
O04439,Organization_4439,Criminal_Group,Rajkot,Uttar Pradesh,59,Active
O04440,Organization_4440,Criminal_Group,Bhopal,Gujarat,22,Active
O04441,Organization_4441,Company,Jaipur,Delhi,28,Active
O04442,Organization_4442,Company,Vadodara,Uttar Pradesh,43,Inactive
O04443,Organization_4443,Criminal_Group,Ahmedabad,Uttar Pradesh,84,Active
O04444,Organization_4444,Business,Jaipur,Madhya Pradesh,85,Active
O04445,Organization_4445,Business,Indore,Rajasthan,55,Active
O04446,Organization_4446,Association,Bhopal,Rajasthan,16,Active
O04447,Organization_4447,NGO,Vadodara,Maharashtra,34,Active
O04448,Organization_4448,Business,Surat,Gujarat,46,Active
O04449,Organization_4449,NGO,Bhopal,Rajasthan,98,Active
O04450,Organization_4450,Company,Vadodara,Maharashtra,5,Under_Investigation
O04451,Organization_4451,Business,Rajkot,Maharashtra,56,Inactive
O04452,Organization_4452,Business,Lucknow,Telangana,62,Active
O04453,Organization_4453,Criminal_Group,Bhopal,Karnataka,26,Active
O04454,Organization_4454,Association,Mumbai,Karnataka,64,Active
O04455,Organization_4455,Company,Hyderabad,Tamil Nadu,78,Active
O04456,Organization_4456,Company,Mumbai,Rajasthan,91,Inactive
O04457,Organization_4457,Business,Ahmedabad,Telangana,78,Active
O04458,Organization_4458,Company,Jaipur,Maharashtra,15,Active
O04459,Organization_4459,Criminal_Group,Delhi,Telangana,56,Active
O04460,Organization_4460,Association,Pune,West Bengal,13,Inactive
O04461,Organization_4461,Company,Indore,Gujarat,72,Active
O04462,Organization_4462,Association,Chennai,West Bengal,12,Inactive
O04463,Organization_4463,Business,Jaipur,Gujarat,3,Inactive
O04464,Organization_4464,Criminal_Group,Indore,Gujarat,43,Active
O04465,Organization_4465,Association,Surat,Maharashtra,53,Inactive
O04466,Organization_4466,Criminal_Group,Nagpur,Gujarat,1,Active
O04467,Organization_4467,Business,Indore,Uttar Pradesh,98,Active
O04468,Organization_4468,NGO,Pune,Uttar Pradesh,81,Under_Investigation
O04469,Organization_4469,Company,Chennai,Tamil Nadu,98,Active
O04470,Organization_4470,Business,Vadodara,Uttar Pradesh,20,Active
O04471,Organization_4471,Company,Lucknow,Uttar Pradesh,62,Active
O04472,Organization_4472,Business,Ahmedabad,Delhi,4,Active
O04473,Organization_4473,NGO,Chennai,Delhi,70,Active
O04474,Organization_4474,Criminal_Group,Rajkot,Telangana,47,Under_Investigation
O04475,Organization_4475,Company,Hyderabad,Karnataka,38,Active
O04476,Organization_4476,NGO,Mumbai,Rajasthan,33,Active
O04477,Organization_4477,Criminal_Group,Rajkot,Madhya Pradesh,8,Inactive
O04478,Organization_4478,Company,Pune,Karnataka,75,Active
O04479,Organization_4479,Business,Kolkata,Madhya Pradesh,3,Active
O04480,Organization_4480,Criminal_Group,Mumbai,Rajasthan,97,Under_Investigation
O04481,Organization_4481,Business,Jaipur,Gujarat,37,Active
O04482,Organization_4482,NGO,Hyderabad,Maharashtra,70,Inactive
O04483,Organization_4483,Company,Surat,Telangana,98,Active
O04484,Organization_4484,Association,Lucknow,Telangana,94,Active
O04485,Organization_4485,Business,Bhopal,Uttar Pradesh,27,Inactive
O04486,Organization_4486,Criminal_Group,Pune,Telangana,10,Active
O04487,Organization_4487,Criminal_Group,Mumbai,Uttar Pradesh,94,Active
O04488,Organization_4488,Business,Bhopal,Rajasthan,87,Active
O04489,Organization_4489,Criminal_Group,Indore,Gujarat,13,Inactive
O04490,Organization_4490,Criminal_Group,Vadodara,West Bengal,84,Under_Investigation
O04491,Organization_4491,Company,Jaipur,Karnataka,98,Active
O04492,Organization_4492,Business,Hyderabad,Rajasthan,82,Active
O04493,Organization_4493,NGO,Hyderabad,Delhi,21,Inactive
O04494,Organization_4494,Association,Pune,Karnataka,88,Under_Investigation
O04495,Organization_4495,Company,Chennai,Tamil Nadu,40,Inactive
O04496,Organization_4496,Business,Nagpur,Telangana,82,Active
O04497,Organization_4497,Criminal_Group,Hyderabad,Uttar Pradesh,97,Active
O04498,Organization_4498,Company,Jaipur,West Bengal,97,Active
O04499,Organization_4499,Association,Indore,Telangana,85,Active
O04500,Organization_4500,Company,Hyderabad,West Bengal,100,Active
O04501,Organization_4501,Company,Chennai,Uttar Pradesh,29,Under_Investigation
O04502,Organization_4502,Business,Jaipur,Telangana,12,Active
O04503,Organization_4503,NGO,Surat,Tamil Nadu,90,Under_Investigation
O04504,Organization_4504,Criminal_Group,Vadodara,Telangana,70,Active
O04505,Organization_4505,Criminal_Group,Delhi,Uttar Pradesh,21,Inactive
O04506,Organization_4506,Company,Surat,Maharashtra,61,Under_Investigation
O04507,Organization_4507,Company,Nagpur,Madhya Pradesh,60,Inactive
O04508,Organization_4508,Company,Nagpur,Gujarat,77,Inactive
O04509,Organization_4509,Association,Indore,Uttar Pradesh,69,Inactive
O04510,Organization_4510,Criminal_Group,Ahmedabad,Madhya Pradesh,31,Active
O04511,Organization_4511,Business,Bhopal,Karnataka,53,Active
O04512,Organization_4512,Criminal_Group,Pune,West Bengal,24,Under_Investigation
O04513,Organization_4513,Business,Bhopal,Uttar Pradesh,42,Under_Investigation
O04514,Organization_4514,Criminal_Group,Bengaluru,Madhya Pradesh,26,Under_Investigation
O04515,Organization_4515,NGO,Indore,Rajasthan,21,Active
O04516,Organization_4516,NGO,Vadodara,Karnataka,48,Active
O04517,Organization_4517,Business,Hyderabad,Maharashtra,66,Active
O04518,Organization_4518,NGO,Vadodara,West Bengal,65,Active
O04519,Organization_4519,Company,Mumbai,Tamil Nadu,93,Under_Investigation
O04520,Organization_4520,Business,Mumbai,Delhi,82,Inactive
O04521,Organization_4521,Company,Hyderabad,West Bengal,98,Inactive
O04522,Organization_4522,NGO,Pune,Delhi,17,Active
O04523,Organization_4523,Criminal_Group,Vadodara,Maharashtra,86,Inactive
O04524,Organization_4524,Company,Bengaluru,Uttar Pradesh,94,Inactive
O04525,Organization_4525,Business,Rajkot,Telangana,40,Active
O04526,Organization_4526,Business,Pune,Maharashtra,23,Under_Investigation
O04527,Organization_4527,Criminal_Group,Rajkot,Madhya Pradesh,99,Active
O04528,Organization_4528,Company,Mumbai,Tamil Nadu,66,Active
O04529,Organization_4529,Company,Nagpur,Telangana,99,Under_Investigation
O04530,Organization_4530,Company,Pune,West Bengal,99,Active
O04531,Organization_4531,Company,Hyderabad,Delhi,35,Inactive
O04532,Organization_4532,Company,Mumbai,Madhya Pradesh,49,Active
O04533,Organization_4533,Association,Bhopal,Maharashtra,7,Under_Investigation
O04534,Organization_4534,Business,Pune,West Bengal,43,Active
O04535,Organization_4535,Criminal_Group,Mumbai,Delhi,20,Inactive
O04536,Organization_4536,Criminal_Group,Nagpur,Maharashtra,9,Active
O04537,Organization_4537,Business,Vadodara,Gujarat,29,Active
O04538,Organization_4538,NGO,Rajkot,Gujarat,48,Active
O04539,Organization_4539,NGO,Bengaluru,West Bengal,54,Active
O04540,Organization_4540,NGO,Pune,Gujarat,90,Active
O04541,Organization_4541,Company,Indore,Rajasthan,7,Active
O04542,Organization_4542,Criminal_Group,Surat,Uttar Pradesh,28,Active
O04543,Organization_4543,Business,Rajkot,Maharashtra,7,Active
O04544,Organization_4544,Association,Delhi,Tamil Nadu,3,Active
O04545,Organization_4545,Criminal_Group,Ahmedabad,Gujarat,62,Active
O04546,Organization_4546,Company,Hyderabad,Karnataka,58,Inactive
O04547,Organization_4547,Criminal_Group,Bengaluru,Uttar Pradesh,45,Active
O04548,Organization_4548,NGO,Kolkata,Rajasthan,50,Active
O04549,Organization_4549,Criminal_Group,Delhi,Karnataka,13,Active
O04550,Organization_4550,NGO,Hyderabad,Maharashtra,22,Active
O04551,Organization_4551,Criminal_Group,Nagpur,Gujarat,47,Inactive
O04552,Organization_4552,Company,Indore,Uttar Pradesh,45,Active
O04553,Organization_4553,Criminal_Group,Ahmedabad,Delhi,23,Active
O04554,Organization_4554,Company,Lucknow,Maharashtra,95,Active
O04555,Organization_4555,NGO,Rajkot,Madhya Pradesh,39,Inactive
O04556,Organization_4556,Criminal_Group,Bengaluru,Delhi,68,Active
O04557,Organization_4557,Association,Surat,Karnataka,99,Inactive
O04558,Organization_4558,Association,Vadodara,Telangana,5,Inactive
O04559,Organization_4559,NGO,Indore,Rajasthan,21,Active
O04560,Organization_4560,Company,Vadodara,Madhya Pradesh,21,Under_Investigation
O04561,Organization_4561,Criminal_Group,Rajkot,Maharashtra,51,Under_Investigation
O04562,Organization_4562,Criminal_Group,Chennai,West Bengal,33,Active
O04563,Organization_4563,Association,Surat,Madhya Pradesh,28,Inactive
O04564,Organization_4564,Company,Vadodara,West Bengal,49,Active
O04565,Organization_4565,Company,Delhi,Gujarat,65,Active
O04566,Organization_4566,Criminal_Group,Kolkata,Tamil Nadu,28,Active
O04567,Organization_4567,NGO,Rajkot,Telangana,100,Under_Investigation
O04568,Organization_4568,Criminal_Group,Jaipur,Gujarat,96,Active
O04569,Organization_4569,Criminal_Group,Indore,Tamil Nadu,65,Under_Investigation
O04570,Organization_4570,Criminal_Group,Surat,Tamil Nadu,47,Inactive
O04571,Organization_4571,Business,Hyderabad,Delhi,1,Active
O04572,Organization_4572,Criminal_Group,Ahmedabad,Gujarat,21,Active
O04573,Organization_4573,Criminal_Group,Chennai,Maharashtra,15,Active
O04574,Organization_4574,NGO,Kolkata,Karnataka,64,Active
O04575,Organization_4575,Company,Indore,Gujarat,45,Under_Investigation
O04576,Organization_4576,NGO,Ahmedabad,Karnataka,82,Under_Investigation
O04577,Organization_4577,Company,Indore,Karnataka,82,Active
O04578,Organization_4578,Company,Ahmedabad,Telangana,49,Under_Investigation
O04579,Organization_4579,Association,Bengaluru,Maharashtra,25,Active
O04580,Organization_4580,Criminal_Group,Vadodara,Telangana,14,Active
O04581,Organization_4581,Company,Nagpur,Telangana,55,Active
O04582,Organization_4582,Company,Ahmedabad,Maharashtra,69,Inactive
O04583,Organization_4583,Association,Pune,Rajasthan,88,Active
O04584,Organization_4584,Association,Jaipur,Rajasthan,82,Active
O04585,Organization_4585,Company,Nagpur,Karnataka,85,Active
O04586,Organization_4586,Company,Rajkot,Delhi,58,Active
O04587,Organization_4587,Company,Vadodara,Gujarat,85,Under_Investigation
O04588,Organization_4588,Criminal_Group,Nagpur,Madhya Pradesh,55,Under_Investigation
O04589,Organization_4589,Company,Hyderabad,Rajasthan,58,Inactive
O04590,Organization_4590,Criminal_Group,Indore,Delhi,12,Active
O04591,Organization_4591,Criminal_Group,Indore,Delhi,46,Active
O04592,Organization_4592,Business,Jaipur,Delhi,68,Under_Investigation
O04593,Organization_4593,Criminal_Group,Ahmedabad,Telangana,94,Under_Investigation
O04594,Organization_4594,Criminal_Group,Ahmedabad,Uttar Pradesh,61,Active
O04595,Organization_4595,Criminal_Group,Pune,Delhi,85,Active
O04596,Organization_4596,Company,Indore,Gujarat,47,Inactive
O04597,Organization_4597,Company,Bengaluru,Tamil Nadu,31,Active
O04598,Organization_4598,Company,Hyderabad,Maharashtra,2,Active
O04599,Organization_4599,Company,Rajkot,Gujarat,12,Active
O04600,Organization_4600,Company,Bhopal,Uttar Pradesh,32,Active
O04601,Organization_4601,Business,Nagpur,Uttar Pradesh,86,Active
O04602,Organization_4602,Criminal_Group,Delhi,Rajasthan,6,Active
O04603,Organization_4603,NGO,Rajkot,Telangana,16,Active
O04604,Organization_4604,Company,Ahmedabad,Delhi,74,Inactive
O04605,Organization_4605,Criminal_Group,Jaipur,Rajasthan,78,Active
O04606,Organization_4606,Company,Hyderabad,Karnataka,80,Inactive
O04607,Organization_4607,Company,Pune,West Bengal,20,Active
O04608,Organization_4608,Criminal_Group,Vadodara,Telangana,26,Active
O04609,Organization_4609,NGO,Surat,West Bengal,90,Inactive
O04610,Organization_4610,Criminal_Group,Indore,Madhya Pradesh,18,Active
O04611,Organization_4611,Business,Indore,Uttar Pradesh,33,Under_Investigation
O04612,Organization_4612,Criminal_Group,Bengaluru,Uttar Pradesh,88,Inactive
O04613,Organization_4613,Association,Nagpur,Telangana,57,Active
O04614,Organization_4614,Association,Mumbai,Rajasthan,100,Active
O04615,Organization_4615,Criminal_Group,Mumbai,Karnataka,25,Under_Investigation
O04616,Organization_4616,Business,Nagpur,Karnataka,70,Active
O04617,Organization_4617,NGO,Lucknow,Telangana,3,Active
O04618,Organization_4618,Company,Mumbai,Maharashtra,7,Active
O04619,Organization_4619,Business,Rajkot,Karnataka,52,Under_Investigation
O04620,Organization_4620,NGO,Nagpur,Madhya Pradesh,92,Active
O04621,Organization_4621,Criminal_Group,Pune,Rajasthan,61,Active
O04622,Organization_4622,Company,Lucknow,Gujarat,42,Active
O04623,Organization_4623,Criminal_Group,Jaipur,Gujarat,15,Active
O04624,Organization_4624,Criminal_Group,Delhi,Delhi,13,Active
O04625,Organization_4625,Company,Bengaluru,Telangana,14,Active
O04626,Organization_4626,Criminal_Group,Nagpur,Tamil Nadu,17,Active
O04627,Organization_4627,Company,Surat,Telangana,53,Active
O04628,Organization_4628,Association,Bengaluru,Karnataka,60,Under_Investigation
O04629,Organization_4629,NGO,Bhopal,Uttar Pradesh,67,Active
O04630,Organization_4630,Business,Delhi,Tamil Nadu,44,Active
O04631,Organization_4631,Business,Mumbai,Rajasthan,32,Inactive
O04632,Organization_4632,Business,Delhi,Karnataka,37,Under_Investigation
O04633,Organization_4633,NGO,Pune,Karnataka,25,Inactive
O04634,Organization_4634,NGO,Pune,Rajasthan,17,Active
O04635,Organization_4635,Company,Jaipur,Maharashtra,98,Inactive
O04636,Organization_4636,Criminal_Group,Jaipur,Uttar Pradesh,73,Inactive
O04637,Organization_4637,NGO,Indore,Uttar Pradesh,77,Active
O04638,Organization_4638,Business,Rajkot,Rajasthan,34,Active
O04639,Organization_4639,Association,Jaipur,Maharashtra,6,Inactive
O04640,Organization_4640,Criminal_Group,Lucknow,Madhya Pradesh,82,Under_Investigation
O04641,Organization_4641,Criminal_Group,Lucknow,Rajasthan,86,Active
O04642,Organization_4642,Association,Bengaluru,Telangana,90,Active
O04643,Organization_4643,Company,Vadodara,Delhi,70,Active
O04644,Organization_4644,NGO,Indore,Delhi,76,Active
O04645,Organization_4645,Business,Mumbai,Madhya Pradesh,5,Active
O04646,Organization_4646,Criminal_Group,Vadodara,Gujarat,13,Active
O04647,Organization_4647,Criminal_Group,Mumbai,Telangana,49,Active
O04648,Organization_4648,Business,Pune,Telangana,53,Active
O04649,Organization_4649,Criminal_Group,Ahmedabad,Maharashtra,62,Active
O04650,Organization_4650,NGO,Ahmedabad,Maharashtra,12,Active
O04651,Organization_4651,Criminal_Group,Bhopal,Telangana,35,Under_Investigation
O04652,Organization_4652,Company,Kolkata,Rajasthan,1,Active
O04653,Organization_4653,Company,Mumbai,Telangana,38,Under_Investigation
O04654,Organization_4654,Company,Lucknow,Delhi,66,Inactive
O04655,Organization_4655,Company,Mumbai,Gujarat,99,Under_Investigation
O04656,Organization_4656,NGO,Kolkata,Gujarat,65,Active
O04657,Organization_4657,NGO,Rajkot,West Bengal,50,Active
O04658,Organization_4658,Criminal_Group,Kolkata,Telangana,92,Active
O04659,Organization_4659,NGO,Kolkata,Telangana,44,Under_Investigation
O04660,Organization_4660,Business,Vadodara,Delhi,30,Active
O04661,Organization_4661,Criminal_Group,Rajkot,Tamil Nadu,88,Under_Investigation
O04662,Organization_4662,Company,Hyderabad,Telangana,83,Active
O04663,Organization_4663,Company,Delhi,Telangana,80,Under_Investigation
O04664,Organization_4664,Criminal_Group,Lucknow,Telangana,37,Under_Investigation
O04665,Organization_4665,Company,Chennai,Gujarat,78,Under_Investigation
O04666,Organization_4666,Criminal_Group,Surat,Uttar Pradesh,95,Active
O04667,Organization_4667,Association,Indore,Tamil Nadu,97,Under_Investigation
O04668,Organization_4668,Business,Hyderabad,Delhi,78,Active
O04669,Organization_4669,Company,Nagpur,Telangana,58,Inactive
O04670,Organization_4670,NGO,Kolkata,Tamil Nadu,82,Active
O04671,Organization_4671,Business,Mumbai,Uttar Pradesh,81,Active
O04672,Organization_4672,Company,Vadodara,Rajasthan,88,Active
O04673,Organization_4673,Company,Nagpur,Telangana,25,Active
O04674,Organization_4674,Company,Surat,Telangana,55,Active
O04675,Organization_4675,Association,Mumbai,Delhi,36,Active
O04676,Organization_4676,Company,Bhopal,Tamil Nadu,80,Active
O04677,Organization_4677,Criminal_Group,Nagpur,Karnataka,96,Active
O04678,Organization_4678,Business,Surat,West Bengal,87,Active
O04679,Organization_4679,Criminal_Group,Mumbai,Telangana,67,Under_Investigation
O04680,Organization_4680,NGO,Kolkata,Delhi,76,Active
O04681,Organization_4681,Company,Mumbai,Gujarat,94,Active
O04682,Organization_4682,Business,Vadodara,Uttar Pradesh,61,Active
O04683,Organization_4683,Company,Ahmedabad,Rajasthan,9,Under_Investigation
O04684,Organization_4684,Company,Mumbai,Karnataka,43,Active
O04685,Organization_4685,Business,Hyderabad,West Bengal,49,Active
O04686,Organization_4686,Criminal_Group,Chennai,Tamil Nadu,18,Active
O04687,Organization_4687,Company,Bhopal,Uttar Pradesh,27,Active
O04688,Organization_4688,Company,Rajkot,Madhya Pradesh,71,Active
O04689,Organization_4689,Business,Rajkot,Gujarat,78,Inactive
O04690,Organization_4690,Criminal_Group,Mumbai,Uttar Pradesh,49,Active
O04691,Organization_4691,Company,Kolkata,Telangana,37,Active
O04692,Organization_4692,Association,Chennai,Telangana,18,Active
O04693,Organization_4693,Criminal_Group,Mumbai,Delhi,77,Active
O04694,Organization_4694,Company,Ahmedabad,Gujarat,40,Active
O04695,Organization_4695,Criminal_Group,Vadodara,Karnataka,53,Under_Investigation
O04696,Organization_4696,Criminal_Group,Lucknow,Tamil Nadu,42,Active
O04697,Organization_4697,NGO,Ahmedabad,Uttar Pradesh,14,Active
O04698,Organization_4698,Criminal_Group,Surat,Telangana,40,Inactive
O04699,Organization_4699,Business,Hyderabad,Uttar Pradesh,76,Under_Investigation
O04700,Organization_4700,Association,Chennai,Tamil Nadu,4,Active
O04701,Organization_4701,NGO,Bhopal,Delhi,66,Active
O04702,Organization_4702,NGO,Bengaluru,Delhi,48,Active
O04703,Organization_4703,Company,Kolkata,Tamil Nadu,53,Active
O04704,Organization_4704,Criminal_Group,Jaipur,Rajasthan,56,Active
O04705,Organization_4705,Company,Surat,Delhi,18,Inactive
O04706,Organization_4706,Company,Delhi,Karnataka,44,Active
O04707,Organization_4707,Criminal_Group,Surat,West Bengal,70,Inactive
O04708,Organization_4708,NGO,Bhopal,Karnataka,57,Active
O04709,Organization_4709,Business,Jaipur,Rajasthan,45,Inactive
O04710,Organization_4710,NGO,Mumbai,Rajasthan,87,Inactive
O04711,Organization_4711,Criminal_Group,Hyderabad,Telangana,92,Active
O04712,Organization_4712,Company,Lucknow,Telangana,35,Inactive
O04713,Organization_4713,Company,Rajkot,Karnataka,52,Under_Investigation
O04714,Organization_4714,Criminal_Group,Vadodara,Gujarat,31,Active
O04715,Organization_4715,NGO,Rajkot,Rajasthan,62,Active
O04716,Organization_4716,Association,Hyderabad,Maharashtra,19,Active
O04717,Organization_4717,Company,Mumbai,Karnataka,22,Active
O04718,Organization_4718,Criminal_Group,Kolkata,Madhya Pradesh,12,Under_Investigation
O04719,Organization_4719,Company,Ahmedabad,Maharashtra,2,Active
O04720,Organization_4720,Company,Indore,Uttar Pradesh,45,Inactive
O04721,Organization_4721,Criminal_Group,Hyderabad,Uttar Pradesh,47,Active
O04722,Organization_4722,Criminal_Group,Bengaluru,Telangana,77,Active
O04723,Organization_4723,Criminal_Group,Indore,Gujarat,91,Active
O04724,Organization_4724,Company,Ahmedabad,Gujarat,79,Inactive
O04725,Organization_4725,NGO,Surat,Rajasthan,1,Under_Investigation
O04726,Organization_4726,Company,Hyderabad,Madhya Pradesh,26,Active
O04727,Organization_4727,Business,Surat,Rajasthan,66,Active
O04728,Organization_4728,Company,Pune,Rajasthan,91,Active
O04729,Organization_4729,Company,Lucknow,Rajasthan,57,Active
O04730,Organization_4730,Criminal_Group,Surat,Delhi,85,Under_Investigation
O04731,Organization_4731,Business,Pune,Rajasthan,78,Active
O04732,Organization_4732,Business,Bengaluru,West Bengal,81,Active
O04733,Organization_4733,Criminal_Group,Surat,Maharashtra,71,Active
O04734,Organization_4734,Business,Pune,Tamil Nadu,36,Inactive
O04735,Organization_4735,Association,Indore,Maharashtra,7,Active
O04736,Organization_4736,Business,Surat,Madhya Pradesh,89,Inactive
O04737,Organization_4737,Company,Pune,Rajasthan,75,Active
O04738,Organization_4738,Criminal_Group,Jaipur,Karnataka,6,Active
O04739,Organization_4739,Business,Hyderabad,Rajasthan,1,Active
O04740,Organization_4740,NGO,Kolkata,Maharashtra,21,Inactive
O04741,Organization_4741,NGO,Indore,Gujarat,36,Active
O04742,Organization_4742,Criminal_Group,Hyderabad,Maharashtra,89,Active
O04743,Organization_4743,Company,Delhi,Delhi,60,Inactive
O04744,Organization_4744,Criminal_Group,Vadodara,Karnataka,76,Active
O04745,Organization_4745,Company,Indore,Tamil Nadu,16,Active
O04746,Organization_4746,Company,Bengaluru,Karnataka,63,Active
O04747,Organization_4747,Criminal_Group,Vadodara,Rajasthan,96,Under_Investigation
O04748,Organization_4748,Company,Hyderabad,Karnataka,19,Active
O04749,Organization_4749,Company,Ahmedabad,Gujarat,34,Active
O04750,Organization_4750,Criminal_Group,Surat,Delhi,28,Active
O04751,Organization_4751,Criminal_Group,Nagpur,Rajasthan,50,Active
O04752,Organization_4752,Company,Kolkata,Madhya Pradesh,60,Active
O04753,Organization_4753,Association,Hyderabad,West Bengal,81,Active
O04754,Organization_4754,Criminal_Group,Jaipur,Uttar Pradesh,56,Active
O04755,Organization_4755,Criminal_Group,Vadodara,Karnataka,34,Active
O04756,Organization_4756,Company,Ahmedabad,Gujarat,30,Active
O04757,Organization_4757,Business,Vadodara,Telangana,92,Under_Investigation
O04758,Organization_4758,NGO,Mumbai,West Bengal,87,Active
O04759,Organization_4759,Company,Pune,Rajasthan,49,Active
O04760,Organization_4760,Business,Pune,Madhya Pradesh,57,Active
O04761,Organization_4761,Company,Kolkata,West Bengal,7,Inactive
O04762,Organization_4762,Business,Rajkot,Uttar Pradesh,33,Under_Investigation
O04763,Organization_4763,Business,Kolkata,Maharashtra,39,Active
O04764,Organization_4764,Company,Chennai,Telangana,52,Under_Investigation
O04765,Organization_4765,Company,Rajkot,Telangana,80,Active
O04766,Organization_4766,Company,Kolkata,Karnataka,28,Active
O04767,Organization_4767,Company,Jaipur,Uttar Pradesh,83,Inactive
O04768,Organization_4768,NGO,Hyderabad,Karnataka,64,Active
O04769,Organization_4769,NGO,Delhi,Tamil Nadu,6,Under_Investigation
O04770,Organization_4770,Company,Chennai,Tamil Nadu,51,Active
O04771,Organization_4771,NGO,Pune,Delhi,26,Active
O04772,Organization_4772,Business,Jaipur,Gujarat,70,Active
O04773,Organization_4773,Business,Bengaluru,Madhya Pradesh,12,Inactive
O04774,Organization_4774,Association,Vadodara,Uttar Pradesh,2,Under_Investigation
O04775,Organization_4775,Criminal_Group,Pune,Gujarat,37,Active
O04776,Organization_4776,Company,Nagpur,Delhi,57,Active
O04777,Organization_4777,Criminal_Group,Kolkata,Madhya Pradesh,65,Active
O04778,Organization_4778,Criminal_Group,Bhopal,Gujarat,22,Active
O04779,Organization_4779,Company,Pune,Karnataka,30,Active
O04780,Organization_4780,Business,Jaipur,Delhi,42,Inactive
O04781,Organization_4781,NGO,Jaipur,Maharashtra,96,Active
O04782,Organization_4782,Company,Indore,Telangana,90,Active
O04783,Organization_4783,Business,Surat,Tamil Nadu,86,Active
O04784,Organization_4784,Company,Mumbai,Tamil Nadu,92,Active
O04785,Organization_4785,NGO,Mumbai,Rajasthan,40,Active
O04786,Organization_4786,Business,Pune,Telangana,31,Active
O04787,Organization_4787,NGO,Nagpur,Telangana,2,Active
O04788,Organization_4788,Business,Kolkata,Maharashtra,31,Active
O04789,Organization_4789,Company,Kolkata,Madhya Pradesh,36,Active
O04790,Organization_4790,Business,Mumbai,Madhya Pradesh,64,Inactive
O04791,Organization_4791,Association,Mumbai,Gujarat,45,Inactive
O04792,Organization_4792,NGO,Kolkata,Madhya Pradesh,11,Active
O04793,Organization_4793,Criminal_Group,Nagpur,Karnataka,32,Active
O04794,Organization_4794,Association,Surat,Delhi,69,Active
O04795,Organization_4795,Company,Rajkot,Madhya Pradesh,34,Active
O04796,Organization_4796,Business,Rajkot,Karnataka,92,Under_Investigation
O04797,Organization_4797,Business,Kolkata,Delhi,11,Active
O04798,Organization_4798,Business,Bengaluru,West Bengal,54,Inactive
O04799,Organization_4799,Company,Nagpur,West Bengal,23,Active
O04800,Organization_4800,NGO,Indore,West Bengal,13,Under_Investigation
O04801,Organization_4801,Company,Delhi,Karnataka,34,Active
O04802,Organization_4802,NGO,Surat,Gujarat,3,Active
O04803,Organization_4803,Criminal_Group,Vadodara,Tamil Nadu,7,Active
O04804,Organization_4804,Criminal_Group,Hyderabad,West Bengal,43,Under_Investigation
O04805,Organization_4805,Business,Lucknow,Telangana,97,Inactive
O04806,Organization_4806,Criminal_Group,Kolkata,Rajasthan,66,Active
O04807,Organization_4807,Company,Hyderabad,Telangana,92,Under_Investigation
O04808,Organization_4808,Company,Ahmedabad,Maharashtra,71,Active
O04809,Organization_4809,Criminal_Group,Rajkot,Tamil Nadu,35,Under_Investigation
O04810,Organization_4810,Company,Kolkata,Delhi,91,Active
O04811,Organization_4811,Business,Surat,Maharashtra,4,Active
O04812,Organization_4812,Association,Indore,Madhya Pradesh,29,Active
O04813,Organization_4813,Criminal_Group,Hyderabad,Delhi,63,Active
O04814,Organization_4814,Company,Delhi,Delhi,81,Active
O04815,Organization_4815,Company,Bengaluru,Rajasthan,46,Active
O04816,Organization_4816,Criminal_Group,Mumbai,Rajasthan,74,Active
O04817,Organization_4817,Business,Vadodara,Karnataka,68,Active
O04818,Organization_4818,Association,Pune,Gujarat,68,Active
O04819,Organization_4819,Business,Hyderabad,Tamil Nadu,68,Active
O04820,Organization_4820,Company,Indore,Tamil Nadu,66,Active
O04821,Organization_4821,Company,Jaipur,West Bengal,59,Active
O04822,Organization_4822,Company,Ahmedabad,Tamil Nadu,65,Active
O04823,Organization_4823,NGO,Delhi,Maharashtra,1,Active
O04824,Organization_4824,Criminal_Group,Nagpur,Uttar Pradesh,93,Active
O04825,Organization_4825,Business,Bengaluru,Uttar Pradesh,45,Inactive
O04826,Organization_4826,Business,Pune,West Bengal,6,Inactive
O04827,Organization_4827,Criminal_Group,Bhopal,Delhi,13,Active
O04828,Organization_4828,Business,Hyderabad,Telangana,89,Active
O04829,Organization_4829,Company,Vadodara,Uttar Pradesh,56,Active
O04830,Organization_4830,Association,Mumbai,West Bengal,65,Under_Investigation
O04831,Organization_4831,Criminal_Group,Pune,West Bengal,60,Active
O04832,Organization_4832,Association,Jaipur,Karnataka,38,Active
O04833,Organization_4833,Association,Indore,Telangana,52,Active
O04834,Organization_4834,Company,Vadodara,West Bengal,17,Active
O04835,Organization_4835,Company,Rajkot,Uttar Pradesh,41,Active
O04836,Organization_4836,Criminal_Group,Ahmedabad,Gujarat,26,Active
O04837,Organization_4837,Criminal_Group,Kolkata,Madhya Pradesh,3,Active
O04838,Organization_4838,Business,Jaipur,West Bengal,65,Active
O04839,Organization_4839,Company,Lucknow,Gujarat,97,Active
O04840,Organization_4840,Business,Ahmedabad,Rajasthan,20,Under_Investigation
O04841,Organization_4841,Criminal_Group,Nagpur,Madhya Pradesh,3,Inactive
O04842,Organization_4842,Company,Lucknow,Delhi,41,Active
O04843,Organization_4843,Criminal_Group,Chennai,Maharashtra,100,Active
O04844,Organization_4844,Criminal_Group,Surat,Gujarat,37,Under_Investigation
O04845,Organization_4845,Association,Pune,Madhya Pradesh,64,Active
O04846,Organization_4846,NGO,Pune,Karnataka,56,Inactive
O04847,Organization_4847,Business,Mumbai,Tamil Nadu,5,Active
O04848,Organization_4848,Association,Ahmedabad,Rajasthan,69,Active
O04849,Organization_4849,Company,Chennai,Delhi,17,Inactive
O04850,Organization_4850,Company,Bhopal,Delhi,9,Inactive
O04851,Organization_4851,Association,Delhi,Delhi,27,Active
O04852,Organization_4852,Company,Lucknow,Rajasthan,87,Active
O04853,Organization_4853,Association,Delhi,Karnataka,71,Active
O04854,Organization_4854,NGO,Rajkot,West Bengal,34,Active
O04855,Organization_4855,Company,Rajkot,West Bengal,4,Active
O04856,Organization_4856,NGO,Chennai,Madhya Pradesh,95,Inactive
O04857,Organization_4857,Criminal_Group,Vadodara,West Bengal,44,Active
O04858,Organization_4858,Association,Delhi,Delhi,71,Active
O04859,Organization_4859,Criminal_Group,Surat,Rajasthan,44,Inactive
O04860,Organization_4860,Business,Chennai,Madhya Pradesh,49,Active
O04861,Organization_4861,Criminal_Group,Bhopal,Uttar Pradesh,91,Inactive
O04862,Organization_4862,Company,Chennai,Gujarat,68,Active
O04863,Organization_4863,Company,Jaipur,Karnataka,53,Inactive
O04864,Organization_4864,Business,Bengaluru,West Bengal,51,Active
O04865,Organization_4865,Business,Surat,West Bengal,6,Active
O04866,Organization_4866,Business,Bengaluru,Gujarat,73,Active
O04867,Organization_4867,Business,Surat,Uttar Pradesh,78,Active
O04868,Organization_4868,Business,Jaipur,Tamil Nadu,23,Active
O04869,Organization_4869,Business,Jaipur,Gujarat,90,Active
O04870,Organization_4870,Criminal_Group,Indore,Uttar Pradesh,94,Active
O04871,Organization_4871,Criminal_Group,Ahmedabad,Rajasthan,79,Active
O04872,Organization_4872,Company,Jaipur,Tamil Nadu,73,Active
O04873,Organization_4873,Company,Jaipur,West Bengal,68,Under_Investigation
O04874,Organization_4874,Criminal_Group,Indore,Rajasthan,40,Active
O04875,Organization_4875,Company,Jaipur,Telangana,93,Active
O04876,Organization_4876,NGO,Bhopal,West Bengal,25,Inactive
O04877,Organization_4877,Criminal_Group,Ahmedabad,Maharashtra,33,Active
O04878,Organization_4878,Criminal_Group,Pune,Gujarat,13,Active
O04879,Organization_4879,Business,Lucknow,Karnataka,33,Active
O04880,Organization_4880,Company,Jaipur,Karnataka,92,Active
O04881,Organization_4881,Company,Bhopal,Telangana,12,Active
O04882,Organization_4882,Business,Mumbai,Gujarat,27,Inactive
O04883,Organization_4883,Business,Vadodara,West Bengal,67,Active
O04884,Organization_4884,Business,Vadodara,Telangana,96,Active
O04885,Organization_4885,NGO,Bengaluru,Madhya Pradesh,64,Active
O04886,Organization_4886,NGO,Jaipur,West Bengal,97,Inactive
O04887,Organization_4887,Criminal_Group,Pune,Rajasthan,89,Active
O04888,Organization_4888,Company,Mumbai,Gujarat,92,Active
O04889,Organization_4889,NGO,Ahmedabad,Maharashtra,58,Inactive
O04890,Organization_4890,Criminal_Group,Pune,Karnataka,26,Active
O04891,Organization_4891,Criminal_Group,Rajkot,Karnataka,57,Active
O04892,Organization_4892,NGO,Ahmedabad,Gujarat,80,Inactive
O04893,Organization_4893,Criminal_Group,Bengaluru,Maharashtra,50,Active
O04894,Organization_4894,Business,Ahmedabad,Telangana,48,Active
O04895,Organization_4895,NGO,Rajkot,Tamil Nadu,28,Active
O04896,Organization_4896,Company,Lucknow,Uttar Pradesh,92,Active
O04897,Organization_4897,Association,Hyderabad,Tamil Nadu,29,Active
O04898,Organization_4898,Company,Kolkata,Rajasthan,34,Inactive
O04899,Organization_4899,Criminal_Group,Delhi,Telangana,87,Active
O04900,Organization_4900,Business,Kolkata,Telangana,59,Active
O04901,Organization_4901,NGO,Hyderabad,Gujarat,57,Active
O04902,Organization_4902,NGO,Surat,Maharashtra,62,Active
O04903,Organization_4903,Criminal_Group,Ahmedabad,Uttar Pradesh,18,Active
O04904,Organization_4904,Company,Chennai,Delhi,2,Active
O04905,Organization_4905,NGO,Delhi,Delhi,46,Active
O04906,Organization_4906,Business,Hyderabad,Karnataka,3,Active
O04907,Organization_4907,Company,Lucknow,Maharashtra,81,Active
O04908,Organization_4908,NGO,Delhi,Maharashtra,66,Active
O04909,Organization_4909,Company,Surat,West Bengal,69,Under_Investigation
O04910,Organization_4910,Company,Ahmedabad,Gujarat,79,Active
O04911,Organization_4911,NGO,Lucknow,West Bengal,87,Active
O04912,Organization_4912,Criminal_Group,Bhopal,Maharashtra,51,Active
O04913,Organization_4913,NGO,Surat,Tamil Nadu,62,Active
O04914,Organization_4914,Company,Ahmedabad,Gujarat,11,Under_Investigation
O04915,Organization_4915,Association,Vadodara,Gujarat,24,Active
O04916,Organization_4916,Criminal_Group,Hyderabad,Delhi,30,Inactive
O04917,Organization_4917,Business,Mumbai,Maharashtra,8,Active
O04918,Organization_4918,Association,Lucknow,Madhya Pradesh,83,Active
O04919,Organization_4919,Business,Nagpur,Maharashtra,85,Under_Investigation
O04920,Organization_4920,Company,Bhopal,Telangana,99,Active
O04921,Organization_4921,Company,Bhopal,Rajasthan,88,Inactive
O04922,Organization_4922,Business,Bengaluru,Gujarat,16,Inactive
O04923,Organization_4923,Criminal_Group,Hyderabad,Madhya Pradesh,77,Active
O04924,Organization_4924,Company,Lucknow,Telangana,53,Active
O04925,Organization_4925,Association,Chennai,Maharashtra,84,Under_Investigation
O04926,Organization_4926,Company,Delhi,Uttar Pradesh,88,Inactive
O04927,Organization_4927,Company,Nagpur,Uttar Pradesh,43,Active
O04928,Organization_4928,Business,Chennai,Delhi,6,Inactive
O04929,Organization_4929,Company,Vadodara,Maharashtra,2,Inactive
O04930,Organization_4930,NGO,Nagpur,Gujarat,13,Active
O04931,Organization_4931,Company,Bhopal,Tamil Nadu,99,Inactive
O04932,Organization_4932,Criminal_Group,Surat,Telangana,55,Active
O04933,Organization_4933,Business,Surat,Gujarat,67,Active
O04934,Organization_4934,NGO,Delhi,Rajasthan,71,Active
O04935,Organization_4935,Business,Bengaluru,West Bengal,100,Active
O04936,Organization_4936,Association,Delhi,Tamil Nadu,19,Active
O04937,Organization_4937,Criminal_Group,Chennai,Delhi,96,Active
O04938,Organization_4938,Association,Kolkata,Rajasthan,81,Active
O04939,Organization_4939,Business,Bhopal,Madhya Pradesh,19,Active
O04940,Organization_4940,Company,Lucknow,Madhya Pradesh,61,Active
O04941,Organization_4941,Company,Jaipur,Maharashtra,97,Active
O04942,Organization_4942,NGO,Rajkot,Gujarat,11,Inactive
O04943,Organization_4943,Criminal_Group,Surat,Tamil Nadu,80,Under_Investigation
O04944,Organization_4944,NGO,Rajkot,Karnataka,80,Active
O04945,Organization_4945,Company,Kolkata,Delhi,13,Active
O04946,Organization_4946,Company,Mumbai,Uttar Pradesh,67,Active
O04947,Organization_4947,Business,Surat,Rajasthan,50,Active
O04948,Organization_4948,NGO,Vadodara,Rajasthan,98,Inactive
O04949,Organization_4949,Business,Nagpur,Karnataka,23,Active
O04950,Organization_4950,NGO,Surat,West Bengal,92,Active
O04951,Organization_4951,Criminal_Group,Vadodara,Telangana,45,Under_Investigation
O04952,Organization_4952,Company,Hyderabad,Rajasthan,84,Inactive
O04953,Organization_4953,NGO,Pune,Karnataka,23,Under_Investigation
O04954,Organization_4954,Criminal_Group,Nagpur,Tamil Nadu,27,Active
O04955,Organization_4955,Business,Jaipur,Uttar Pradesh,46,Inactive
O04956,Organization_4956,Business,Rajkot,Karnataka,73,Active
O04957,Organization_4957,Criminal_Group,Surat,Madhya Pradesh,17,Active
O04958,Organization_4958,Business,Kolkata,Tamil Nadu,25,Active
O04959,Organization_4959,NGO,Bhopal,Delhi,13,Active
O04960,Organization_4960,Company,Nagpur,Gujarat,31,Inactive
O04961,Organization_4961,Company,Chennai,Maharashtra,30,Active
O04962,Organization_4962,Company,Indore,West Bengal,29,Active
O04963,Organization_4963,Criminal_Group,Delhi,Telangana,41,Inactive
O04964,Organization_4964,NGO,Nagpur,Karnataka,39,Active
O04965,Organization_4965,Business,Pune,Rajasthan,58,Active
O04966,Organization_4966,Company,Hyderabad,Rajasthan,68,Active
O04967,Organization_4967,Business,Nagpur,Telangana,46,Active
O04968,Organization_4968,NGO,Bhopal,West Bengal,16,Active
O04969,Organization_4969,Criminal_Group,Jaipur,Rajasthan,53,Active
O04970,Organization_4970,NGO,Indore,Madhya Pradesh,70,Active
O04971,Organization_4971,Company,Bhopal,Telangana,5,Active
O04972,Organization_4972,Business,Rajkot,Uttar Pradesh,91,Active
O04973,Organization_4973,NGO,Delhi,Madhya Pradesh,97,Active
O04974,Organization_4974,Business,Hyderabad,Gujarat,62,Active
O04975,Organization_4975,Company,Surat,Maharashtra,83,Under_Investigation
O04976,Organization_4976,Association,Rajkot,Delhi,50,Active
O04977,Organization_4977,Business,Bengaluru,Madhya Pradesh,81,Active
O04978,Organization_4978,Criminal_Group,Vadodara,Uttar Pradesh,44,Inactive
O04979,Organization_4979,Criminal_Group,Hyderabad,Karnataka,87,Active
O04980,Organization_4980,Company,Pune,Tamil Nadu,22,Active
O04981,Organization_4981,Criminal_Group,Hyderabad,Uttar Pradesh,81,Inactive
O04982,Organization_4982,Company,Pune,Delhi,30,Active
O04983,Organization_4983,Criminal_Group,Lucknow,Tamil Nadu,22,Under_Investigation
O04984,Organization_4984,NGO,Chennai,Madhya Pradesh,70,Inactive
O04985,Organization_4985,Association,Ahmedabad,Gujarat,54,Active
O04986,Organization_4986,Business,Jaipur,West Bengal,91,Active
O04987,Organization_4987,Company,Nagpur,Madhya Pradesh,46,Active
O04988,Organization_4988,Company,Lucknow,Delhi,39,Active
O04989,Organization_4989,Company,Mumbai,Rajasthan,32,Active
O04990,Organization_4990,Criminal_Group,Surat,Telangana,18,Active
O04991,Organization_4991,Company,Kolkata,Gujarat,62,Active
O04992,Organization_4992,Criminal_Group,Nagpur,Telangana,77,Under_Investigation
O04993,Organization_4993,Company,Bhopal,Madhya Pradesh,41,Inactive
O04994,Organization_4994,Company,Mumbai,Madhya Pradesh,31,Inactive
O04995,Organization_4995,Criminal_Group,Jaipur,Delhi,15,Inactive
O04996,Organization_4996,Criminal_Group,Indore,Gujarat,9,Inactive
O04997,Organization_4997,NGO,Kolkata,Uttar Pradesh,30,Active
O04998,Organization_4998,Criminal_Group,Vadodara,Delhi,69,Under_Investigation
O04999,Organization_4999,Criminal_Group,Delhi,Gujarat,13,Active
O05000,Organization_5000,Criminal_Group,Jaipur,West Bengal,45,Under_Investigation
O05001,Organization_5001,Business,Indore,Delhi,62,Active
O05002,Organization_5002,Criminal_Group,Rajkot,Karnataka,30,Active
O05003,Organization_5003,Company,Kolkata,Gujarat,56,Active
O05004,Organization_5004,Business,Vadodara,Madhya Pradesh,32,Active
O05005,Organization_5005,Criminal_Group,Vadodara,Maharashtra,10,Under_Investigation
O05006,Organization_5006,Association,Vadodara,Delhi,50,Active
O05007,Organization_5007,Business,Hyderabad,Rajasthan,50,Active
O05008,Organization_5008,NGO,Rajkot,Uttar Pradesh,82,Active
O05009,Organization_5009,Criminal_Group,Jaipur,Rajasthan,16,Active
O05010,Organization_5010,Company,Surat,Madhya Pradesh,18,Active
O05011,Organization_5011,Company,Indore,Telangana,14,Active
O05012,Organization_5012,Company,Vadodara,Gujarat,29,Active
O05013,Organization_5013,Criminal_Group,Bhopal,West Bengal,5,Active
O05014,Organization_5014,Company,Hyderabad,West Bengal,87,Inactive
O05015,Organization_5015,Criminal_Group,Indore,Karnataka,80,Active
O05016,Organization_5016,NGO,Rajkot,West Bengal,67,Active
O05017,Organization_5017,Company,Vadodara,Rajasthan,75,Active
O05018,Organization_5018,Criminal_Group,Rajkot,Maharashtra,28,Under_Investigation
O05019,Organization_5019,Company,Bhopal,Karnataka,92,Inactive
O05020,Organization_5020,NGO,Bhopal,Telangana,71,Active
O05021,Organization_5021,Company,Vadodara,Karnataka,16,Active
O05022,Organization_5022,Criminal_Group,Pune,Gujarat,58,Active
O05023,Organization_5023,Criminal_Group,Hyderabad,West Bengal,18,Active
O05024,Organization_5024,Association,Bhopal,West Bengal,17,Active
O05025,Organization_5025,Criminal_Group,Kolkata,Gujarat,88,Active
O05026,Organization_5026,Business,Surat,Maharashtra,66,Active
O05027,Organization_5027,Criminal_Group,Mumbai,Tamil Nadu,74,Inactive
O05028,Organization_5028,Criminal_Group,Indore,Rajasthan,81,Under_Investigation
O05029,Organization_5029,Company,Ahmedabad,West Bengal,94,Inactive
O05030,Organization_5030,Criminal_Group,Indore,Maharashtra,41,Active
O05031,Organization_5031,Business,Bengaluru,Uttar Pradesh,81,Active
O05032,Organization_5032,Criminal_Group,Surat,Karnataka,61,Active
O05033,Organization_5033,Company,Indore,Gujarat,5,Active
O05034,Organization_5034,Criminal_Group,Surat,Madhya Pradesh,34,Inactive
O05035,Organization_5035,Criminal_Group,Delhi,Delhi,91,Active
O05036,Organization_5036,Company,Indore,Telangana,65,Active
O05037,Organization_5037,Business,Nagpur,Gujarat,7,Active
O05038,Organization_5038,Criminal_Group,Pune,West Bengal,58,Inactive
O05039,Organization_5039,NGO,Jaipur,Uttar Pradesh,57,Active
O05040,Organization_5040,NGO,Mumbai,Tamil Nadu,35,Active
O05041,Organization_5041,Business,Surat,Gujarat,57,Under_Investigation
O05042,Organization_5042,Company,Bengaluru,Tamil Nadu,91,Active
O05043,Organization_5043,Company,Pune,Madhya Pradesh,58,Active
O05044,Organization_5044,Business,Nagpur,Rajasthan,16,Active
O05045,Organization_5045,Criminal_Group,Surat,Uttar Pradesh,73,Active
O05046,Organization_5046,Company,Bhopal,Madhya Pradesh,15,Active
O05047,Organization_5047,NGO,Lucknow,Tamil Nadu,91,Under_Investigation
O05048,Organization_5048,NGO,Bengaluru,West Bengal,58,Inactive
O05049,Organization_5049,Association,Indore,Rajasthan,79,Under_Investigation
O05050,Organization_5050,Association,Ahmedabad,Karnataka,76,Active
O05051,Organization_5051,Criminal_Group,Rajkot,Uttar Pradesh,12,Inactive
O05052,Organization_5052,Company,Nagpur,West Bengal,13,Active
O05053,Organization_5053,Business,Nagpur,Madhya Pradesh,45,Under_Investigation
O05054,Organization_5054,Criminal_Group,Indore,West Bengal,84,Active
O05055,Organization_5055,Business,Jaipur,Telangana,17,Under_Investigation
O05056,Organization_5056,Criminal_Group,Lucknow,Tamil Nadu,27,Inactive
O05057,Organization_5057,Criminal_Group,Indore,Karnataka,3,Active
O05058,Organization_5058,Company,Chennai,Maharashtra,48,Active
O05059,Organization_5059,Company,Mumbai,Tamil Nadu,5,Active
O05060,Organization_5060,Business,Mumbai,Madhya Pradesh,54,Active
O05061,Organization_5061,Business,Pune,West Bengal,9,Active
O05062,Organization_5062,Business,Jaipur,Tamil Nadu,39,Active
O05063,Organization_5063,NGO,Ahmedabad,Madhya Pradesh,31,Inactive
O05064,Organization_5064,Company,Delhi,Tamil Nadu,100,Active
O05065,Organization_5065,Business,Surat,Uttar Pradesh,66,Active
O05066,Organization_5066,Business,Lucknow,Maharashtra,34,Active
O05067,Organization_5067,Criminal_Group,Bhopal,Rajasthan,83,Under_Investigation
O05068,Organization_5068,Criminal_Group,Pune,West Bengal,51,Active
O05069,Organization_5069,Company,Kolkata,Karnataka,7,Active
O05070,Organization_5070,Company,Nagpur,West Bengal,58,Active
O05071,Organization_5071,Company,Kolkata,Gujarat,57,Active
O05072,Organization_5072,Business,Jaipur,Rajasthan,81,Under_Investigation
O05073,Organization_5073,Criminal_Group,Surat,Madhya Pradesh,49,Inactive
O05074,Organization_5074,Criminal_Group,Vadodara,West Bengal,10,Under_Investigation
O05075,Organization_5075,Company,Jaipur,Gujarat,89,Active
O05076,Organization_5076,Criminal_Group,Delhi,Maharashtra,4,Active
O05077,Organization_5077,Company,Surat,Maharashtra,35,Active
O05078,Organization_5078,Company,Delhi,Uttar Pradesh,30,Active
O05079,Organization_5079,Company,Kolkata,Tamil Nadu,43,Active
O05080,Organization_5080,Criminal_Group,Surat,Delhi,37,Inactive
O05081,Organization_5081,Criminal_Group,Jaipur,Delhi,27,Under_Investigation
O05082,Organization_5082,Criminal_Group,Pune,Uttar Pradesh,77,Active
O05083,Organization_5083,Criminal_Group,Surat,West Bengal,38,Active
O05084,Organization_5084,NGO,Nagpur,Telangana,35,Active
O05085,Organization_5085,Business,Bengaluru,Gujarat,33,Active
O05086,Organization_5086,Association,Jaipur,West Bengal,30,Active
O05087,Organization_5087,Criminal_Group,Delhi,Maharashtra,45,Active
O05088,Organization_5088,Company,Chennai,Karnataka,85,Active
O05089,Organization_5089,Business,Jaipur,Telangana,86,Active
O05090,Organization_5090,Company,Rajkot,Karnataka,13,Active
O05091,Organization_5091,Criminal_Group,Hyderabad,Gujarat,13,Active
O05092,Organization_5092,Business,Bhopal,Madhya Pradesh,57,Active
O05093,Organization_5093,Business,Chennai,Gujarat,14,Active
O05094,Organization_5094,Association,Bengaluru,Telangana,19,Active
O05095,Organization_5095,Company,Surat,Karnataka,38,Inactive
O05096,Organization_5096,Criminal_Group,Ahmedabad,Karnataka,49,Active
O05097,Organization_5097,Business,Chennai,Tamil Nadu,94,Active
O05098,Organization_5098,Business,Delhi,Telangana,29,Under_Investigation
O05099,Organization_5099,Criminal_Group,Mumbai,Telangana,98,Under_Investigation
O05100,Organization_5100,Criminal_Group,Bhopal,Karnataka,29,Active
O05101,Organization_5101,Company,Rajkot,Telangana,59,Active
O05102,Organization_5102,Criminal_Group,Delhi,Karnataka,63,Active
O05103,Organization_5103,NGO,Pune,West Bengal,62,Active
O05104,Organization_5104,Company,Lucknow,Tamil Nadu,66,Active
O05105,Organization_5105,Criminal_Group,Bhopal,West Bengal,37,Under_Investigation
O05106,Organization_5106,NGO,Mumbai,Maharashtra,30,Active
O05107,Organization_5107,Criminal_Group,Vadodara,Telangana,90,Inactive
O05108,Organization_5108,NGO,Pune,Gujarat,66,Active
O05109,Organization_5109,Criminal_Group,Surat,West Bengal,50,Active
O05110,Organization_5110,Business,Mumbai,Madhya Pradesh,47,Active
O05111,Organization_5111,Association,Jaipur,Karnataka,15,Active
O05112,Organization_5112,NGO,Lucknow,Karnataka,96,Active
O05113,Organization_5113,Company,Bhopal,West Bengal,27,Inactive
O05114,Organization_5114,Company,Surat,Uttar Pradesh,25,Inactive
O05115,Organization_5115,NGO,Lucknow,Telangana,71,Active
O05116,Organization_5116,Company,Nagpur,Rajasthan,59,Under_Investigation
O05117,Organization_5117,Company,Nagpur,Telangana,58,Inactive
O05118,Organization_5118,NGO,Lucknow,Telangana,23,Active
O05119,Organization_5119,Business,Chennai,Maharashtra,18,Active
O05120,Organization_5120,Criminal_Group,Bengaluru,Karnataka,38,Under_Investigation
O05121,Organization_5121,Association,Bengaluru,Karnataka,80,Active
O05122,Organization_5122,Criminal_Group,Bengaluru,Rajasthan,82,Inactive
O05123,Organization_5123,Business,Rajkot,Karnataka,49,Under_Investigation
O05124,Organization_5124,Business,Chennai,Uttar Pradesh,93,Active
O05125,Organization_5125,Criminal_Group,Rajkot,Uttar Pradesh,50,Under_Investigation
O05126,Organization_5126,Association,Hyderabad,Delhi,98,Active
O05127,Organization_5127,NGO,Jaipur,Uttar Pradesh,5,Inactive
O05128,Organization_5128,Company,Bengaluru,Telangana,17,Active
O05129,Organization_5129,Criminal_Group,Jaipur,Karnataka,56,Active
O05130,Organization_5130,Business,Chennai,Telangana,60,Active
O05131,Organization_5131,NGO,Mumbai,West Bengal,9,Active
O05132,Organization_5132,Association,Rajkot,West Bengal,26,Active
O05133,Organization_5133,Association,Hyderabad,Rajasthan,11,Active
O05134,Organization_5134,Criminal_Group,Hyderabad,Madhya Pradesh,65,Active
O05135,Organization_5135,Business,Rajkot,Gujarat,15,Active
O05136,Organization_5136,Company,Vadodara,West Bengal,12,Inactive
O05137,Organization_5137,Criminal_Group,Bhopal,West Bengal,84,Active
O05138,Organization_5138,Company,Bhopal,Gujarat,6,Active
O05139,Organization_5139,Business,Surat,Rajasthan,43,Active
O05140,Organization_5140,Company,Chennai,Delhi,98,Active
O05141,Organization_5141,Company,Bengaluru,Tamil Nadu,98,Inactive
O05142,Organization_5142,Criminal_Group,Hyderabad,Delhi,73,Active
O05143,Organization_5143,Business,Indore,Karnataka,29,Under_Investigation
O05144,Organization_5144,Criminal_Group,Indore,Telangana,25,Active
O05145,Organization_5145,Criminal_Group,Nagpur,Karnataka,42,Active
O05146,Organization_5146,Criminal_Group,Surat,Gujarat,16,Active
O05147,Organization_5147,Company,Surat,Maharashtra,96,Active
O05148,Organization_5148,Criminal_Group,Vadodara,Rajasthan,14,Under_Investigation
O05149,Organization_5149,Association,Rajkot,Uttar Pradesh,8,Active
O05150,Organization_5150,NGO,Indore,Gujarat,4,Under_Investigation
O05151,Organization_5151,Criminal_Group,Indore,Rajasthan,86,Under_Investigation
O05152,Organization_5152,NGO,Pune,Gujarat,2,Active
O05153,Organization_5153,Business,Jaipur,Tamil Nadu,87,Active
O05154,Organization_5154,Association,Hyderabad,Uttar Pradesh,27,Inactive
O05155,Organization_5155,Company,Ahmedabad,West Bengal,75,Active
O05156,Organization_5156,Association,Kolkata,Delhi,69,Active
O05157,Organization_5157,Company,Bhopal,Uttar Pradesh,72,Inactive
O05158,Organization_5158,Business,Rajkot,Karnataka,32,Inactive
O05159,Organization_5159,NGO,Lucknow,Rajasthan,77,Active
O05160,Organization_5160,NGO,Rajkot,Delhi,42,Under_Investigation
O05161,Organization_5161,Criminal_Group,Hyderabad,Rajasthan,18,Active
O05162,Organization_5162,Business,Indore,Maharashtra,58,Under_Investigation
O05163,Organization_5163,Company,Nagpur,Uttar Pradesh,10,Under_Investigation
O05164,Organization_5164,Company,Chennai,Delhi,57,Active
O05165,Organization_5165,Business,Delhi,Delhi,37,Active
O05166,Organization_5166,Company,Hyderabad,Gujarat,64,Active
O05167,Organization_5167,NGO,Bengaluru,Maharashtra,58,Active
O05168,Organization_5168,Company,Jaipur,Madhya Pradesh,46,Active
O05169,Organization_5169,Criminal_Group,Rajkot,Uttar Pradesh,27,Inactive
O05170,Organization_5170,Company,Kolkata,Uttar Pradesh,89,Active
O05171,Organization_5171,Business,Kolkata,Karnataka,14,Active
O05172,Organization_5172,Company,Bengaluru,Tamil Nadu,68,Under_Investigation
O05173,Organization_5173,Business,Jaipur,Rajasthan,64,Inactive
O05174,Organization_5174,Business,Pune,West Bengal,32,Active
O05175,Organization_5175,Business,Hyderabad,Delhi,17,Active
O05176,Organization_5176,NGO,Rajkot,Rajasthan,62,Under_Investigation
O05177,Organization_5177,Company,Mumbai,Rajasthan,80,Under_Investigation
O05178,Organization_5178,Criminal_Group,Mumbai,Telangana,51,Active
O05179,Organization_5179,Business,Hyderabad,Rajasthan,66,Active
O05180,Organization_5180,Criminal_Group,Mumbai,Karnataka,93,Under_Investigation
O05181,Organization_5181,Business,Hyderabad,Karnataka,38,Active
O05182,Organization_5182,Association,Mumbai,Uttar Pradesh,17,Active
O05183,Organization_5183,Company,Kolkata,Madhya Pradesh,3,Active
O05184,Organization_5184,Association,Mumbai,West Bengal,14,Active
O05185,Organization_5185,Business,Bengaluru,Gujarat,54,Inactive
O05186,Organization_5186,Company,Bhopal,Telangana,94,Active
O05187,Organization_5187,NGO,Kolkata,Maharashtra,68,Under_Investigation
O05188,Organization_5188,NGO,Mumbai,Madhya Pradesh,67,Active
O05189,Organization_5189,Company,Lucknow,Karnataka,29,Active
O05190,Organization_5190,Criminal_Group,Nagpur,Uttar Pradesh,7,Active
O05191,Organization_5191,Company,Bhopal,Rajasthan,73,Active
O05192,Organization_5192,Company,Lucknow,Telangana,13,Active
O05193,Organization_5193,Association,Pune,Rajasthan,57,Active
O05194,Organization_5194,Company,Pune,Madhya Pradesh,30,Inactive
O05195,Organization_5195,NGO,Jaipur,Madhya Pradesh,45,Active
O05196,Organization_5196,Company,Mumbai,Maharashtra,37,Active
O05197,Organization_5197,NGO,Hyderabad,Madhya Pradesh,10,Under_Investigation
O05198,Organization_5198,Association,Indore,Gujarat,48,Inactive
O05199,Organization_5199,NGO,Rajkot,Karnataka,100,Inactive
O05200,Organization_5200,NGO,Pune,Tamil Nadu,79,Active
O05201,Organization_5201,Company,Jaipur,Rajasthan,76,Active
O05202,Organization_5202,Association,Bhopal,Delhi,90,Under_Investigation
O05203,Organization_5203,Company,Chennai,Tamil Nadu,71,Under_Investigation
O05204,Organization_5204,Company,Jaipur,Madhya Pradesh,20,Active
O05205,Organization_5205,Business,Jaipur,Uttar Pradesh,76,Active
O05206,Organization_5206,Business,Lucknow,Maharashtra,95,Active
O05207,Organization_5207,Business,Nagpur,Rajasthan,96,Active
O05208,Organization_5208,Company,Vadodara,Telangana,49,Active
O05209,Organization_5209,Association,Mumbai,Uttar Pradesh,38,Active
O05210,Organization_5210,Criminal_Group,Surat,Tamil Nadu,75,Active
O05211,Organization_5211,NGO,Nagpur,Uttar Pradesh,43,Inactive
O05212,Organization_5212,Company,Jaipur,Gujarat,57,Active
O05213,Organization_5213,Association,Delhi,Maharashtra,58,Active
O05214,Organization_5214,Company,Hyderabad,Telangana,20,Active
O05215,Organization_5215,Business,Lucknow,Telangana,72,Active
O05216,Organization_5216,Company,Delhi,Karnataka,48,Active
O05217,Organization_5217,Business,Jaipur,West Bengal,22,Active
O05218,Organization_5218,Business,Ahmedabad,Delhi,13,Active
O05219,Organization_5219,Association,Indore,Delhi,79,Active
O05220,Organization_5220,Criminal_Group,Mumbai,Gujarat,49,Active
O05221,Organization_5221,Criminal_Group,Pune,Karnataka,56,Active
O05222,Organization_5222,Business,Delhi,Delhi,76,Active
O05223,Organization_5223,Criminal_Group,Hyderabad,Delhi,67,Under_Investigation
O05224,Organization_5224,Association,Rajkot,Karnataka,46,Active
O05225,Organization_5225,NGO,Lucknow,Rajasthan,77,Active
O05226,Organization_5226,Criminal_Group,Indore,Telangana,60,Active
O05227,Organization_5227,Association,Mumbai,Rajasthan,24,Active
O05228,Organization_5228,Business,Ahmedabad,Uttar Pradesh,30,Active
O05229,Organization_5229,Company,Bhopal,Karnataka,86,Inactive
O05230,Organization_5230,Association,Chennai,West Bengal,21,Active
O05231,Organization_5231,NGO,Delhi,Delhi,2,Active
O05232,Organization_5232,Business,Mumbai,Delhi,1,Active
O05233,Organization_5233,Company,Jaipur,Telangana,43,Active
O05234,Organization_5234,Company,Rajkot,Maharashtra,35,Active
O05235,Organization_5235,Company,Mumbai,Gujarat,38,Active
O05236,Organization_5236,Criminal_Group,Kolkata,Tamil Nadu,64,Active
O05237,Organization_5237,NGO,Lucknow,West Bengal,57,Active
O05238,Organization_5238,Company,Nagpur,Gujarat,54,Active
O05239,Organization_5239,Association,Vadodara,Uttar Pradesh,81,Active
O05240,Organization_5240,Criminal_Group,Jaipur,Telangana,34,Active
O05241,Organization_5241,Criminal_Group,Nagpur,Rajasthan,73,Under_Investigation
O05242,Organization_5242,Criminal_Group,Lucknow,West Bengal,5,Active
O05243,Organization_5243,Criminal_Group,Ahmedabad,Karnataka,75,Active
O05244,Organization_5244,Criminal_Group,Lucknow,Maharashtra,59,Under_Investigation
O05245,Organization_5245,Company,Bengaluru,Madhya Pradesh,60,Active
O05246,Organization_5246,Criminal_Group,Bengaluru,Gujarat,51,Active
O05247,Organization_5247,Business,Indore,Tamil Nadu,30,Active
O05248,Organization_5248,Business,Rajkot,West Bengal,48,Active
O05249,Organization_5249,Association,Bhopal,Maharashtra,14,Active
O05250,Organization_5250,Criminal_Group,Ahmedabad,Telangana,9,Active
O05251,Organization_5251,Company,Kolkata,Tamil Nadu,32,Active
O05252,Organization_5252,Criminal_Group,Delhi,Telangana,39,Active
O05253,Organization_5253,Association,Jaipur,Maharashtra,95,Active
O05254,Organization_5254,Criminal_Group,Mumbai,Rajasthan,4,Inactive
O05255,Organization_5255,Company,Ahmedabad,Rajasthan,41,Inactive
O05256,Organization_5256,NGO,Delhi,Tamil Nadu,32,Active
O05257,Organization_5257,Company,Hyderabad,Karnataka,78,Under_Investigation
O05258,Organization_5258,Company,Hyderabad,Maharashtra,45,Inactive
O05259,Organization_5259,NGO,Vadodara,Delhi,96,Under_Investigation
O05260,Organization_5260,Criminal_Group,Mumbai,Gujarat,81,Active
O05261,Organization_5261,Criminal_Group,Ahmedabad,Telangana,44,Active
O05262,Organization_5262,NGO,Pune,Gujarat,19,Active
O05263,Organization_5263,Criminal_Group,Rajkot,Uttar Pradesh,31,Active
O05264,Organization_5264,Criminal_Group,Vadodara,Madhya Pradesh,84,Active
O05265,Organization_5265,Company,Delhi,West Bengal,8,Inactive
O05266,Organization_5266,NGO,Rajkot,Rajasthan,61,Active
O05267,Organization_5267,Company,Kolkata,Delhi,61,Active
O05268,Organization_5268,Criminal_Group,Chennai,Rajasthan,44,Under_Investigation
O05269,Organization_5269,NGO,Vadodara,West Bengal,97,Active
O05270,Organization_5270,Business,Nagpur,West Bengal,80,Active
O05271,Organization_5271,Criminal_Group,Surat,Karnataka,72,Active
O05272,Organization_5272,Business,Surat,Maharashtra,80,Active
O05273,Organization_5273,Company,Hyderabad,Madhya Pradesh,55,Active
O05274,Organization_5274,Business,Bengaluru,West Bengal,47,Active
O05275,Organization_5275,Business,Kolkata,Delhi,40,Inactive
O05276,Organization_5276,Company,Mumbai,Maharashtra,79,Active
O05277,Organization_5277,Criminal_Group,Ahmedabad,Rajasthan,42,Active
O05278,Organization_5278,Company,Pune,Maharashtra,67,Active
O05279,Organization_5279,NGO,Vadodara,Uttar Pradesh,6,Active
O05280,Organization_5280,Association,Chennai,Delhi,83,Active
O05281,Organization_5281,Criminal_Group,Delhi,Karnataka,21,Active
O05282,Organization_5282,Criminal_Group,Lucknow,Tamil Nadu,1,Active
O05283,Organization_5283,Company,Bengaluru,Karnataka,12,Active
O05284,Organization_5284,Business,Surat,Tamil Nadu,76,Under_Investigation
O05285,Organization_5285,Company,Delhi,Delhi,17,Active
O05286,Organization_5286,Business,Indore,Uttar Pradesh,2,Active
O05287,Organization_5287,Company,Indore,Madhya Pradesh,81,Inactive
O05288,Organization_5288,Company,Chennai,Uttar Pradesh,73,Active
O05289,Organization_5289,Business,Chennai,Karnataka,15,Active
O05290,Organization_5290,Company,Ahmedabad,Maharashtra,44,Active
O05291,Organization_5291,Company,Mumbai,Karnataka,26,Inactive
O05292,Organization_5292,Company,Lucknow,Telangana,82,Active
O05293,Organization_5293,Criminal_Group,Mumbai,Telangana,41,Active
O05294,Organization_5294,NGO,Lucknow,Delhi,75,Active
O05295,Organization_5295,Company,Pune,Telangana,50,Active
O05296,Organization_5296,NGO,Bhopal,Delhi,11,Active
O05297,Organization_5297,Company,Surat,Gujarat,5,Active
O05298,Organization_5298,Business,Chennai,Telangana,66,Active
O05299,Organization_5299,Business,Kolkata,Gujarat,9,Active
O05300,Organization_5300,Business,Pune,Karnataka,53,Inactive
O05301,Organization_5301,Business,Bhopal,Uttar Pradesh,89,Active
O05302,Organization_5302,Company,Bengaluru,Maharashtra,37,Active
O05303,Organization_5303,NGO,Mumbai,Maharashtra,7,Under_Investigation
O05304,Organization_5304,Association,Bengaluru,West Bengal,52,Active
O05305,Organization_5305,Criminal_Group,Indore,Madhya Pradesh,21,Active
O05306,Organization_5306,Business,Chennai,Tamil Nadu,78,Under_Investigation
O05307,Organization_5307,Association,Surat,Maharashtra,8,Active
O05308,Organization_5308,Company,Hyderabad,Uttar Pradesh,83,Active
O05309,Organization_5309,Criminal_Group,Lucknow,Karnataka,12,Active
O05310,Organization_5310,NGO,Chennai,Maharashtra,72,Active
O05311,Organization_5311,Association,Mumbai,Uttar Pradesh,53,Active
O05312,Organization_5312,Company,Surat,Maharashtra,24,Active
O05313,Organization_5313,Criminal_Group,Indore,Madhya Pradesh,24,Active
O05314,Organization_5314,NGO,Delhi,Delhi,37,Active
O05315,Organization_5315,Business,Mumbai,Delhi,10,Active
O05316,Organization_5316,Business,Nagpur,West Bengal,30,Active
O05317,Organization_5317,Company,Pune,Uttar Pradesh,16,Under_Investigation
O05318,Organization_5318,Business,Chennai,Telangana,58,Active
O05319,Organization_5319,Business,Indore,Karnataka,16,Active
O05320,Organization_5320,Company,Bengaluru,West Bengal,35,Active
O05321,Organization_5321,Company,Pune,Maharashtra,46,Active
O05322,Organization_5322,Company,Rajkot,Uttar Pradesh,96,Inactive
O05323,Organization_5323,Company,Jaipur,Delhi,55,Active
O05324,Organization_5324,Business,Delhi,Telangana,47,Under_Investigation
O05325,Organization_5325,NGO,Hyderabad,Tamil Nadu,41,Active
O05326,Organization_5326,Company,Indore,Rajasthan,76,Inactive
O05327,Organization_5327,Company,Bengaluru,Telangana,8,Active
O05328,Organization_5328,NGO,Rajkot,Maharashtra,65,Under_Investigation
O05329,Organization_5329,Criminal_Group,Nagpur,West Bengal,2,Active
O05330,Organization_5330,Business,Hyderabad,Madhya Pradesh,58,Active
O05331,Organization_5331,NGO,Mumbai,Gujarat,1,Inactive
O05332,Organization_5332,Association,Pune,Karnataka,65,Active
O05333,Organization_5333,Criminal_Group,Pune,Gujarat,88,Active
O05334,Organization_5334,Association,Kolkata,West Bengal,22,Under_Investigation
O05335,Organization_5335,NGO,Delhi,Karnataka,25,Active
O05336,Organization_5336,Criminal_Group,Mumbai,Maharashtra,33,Inactive
O05337,Organization_5337,Business,Pune,Rajasthan,11,Active
O05338,Organization_5338,Business,Pune,West Bengal,24,Active
O05339,Organization_5339,Company,Indore,Delhi,77,Inactive
O05340,Organization_5340,Company,Nagpur,Telangana,89,Active
O05341,Organization_5341,Association,Indore,West Bengal,14,Inactive
O05342,Organization_5342,NGO,Mumbai,Tamil Nadu,36,Active
O05343,Organization_5343,Association,Bengaluru,Telangana,40,Under_Investigation
O05344,Organization_5344,Company,Chennai,West Bengal,43,Active
O05345,Organization_5345,Business,Bhopal,Uttar Pradesh,7,Under_Investigation
O05346,Organization_5346,Criminal_Group,Lucknow,Madhya Pradesh,16,Active
O05347,Organization_5347,Company,Hyderabad,West Bengal,53,Active
O05348,Organization_5348,NGO,Jaipur,Karnataka,44,Active
O05349,Organization_5349,Criminal_Group,Pune,Tamil Nadu,8,Active
O05350,Organization_5350,NGO,Ahmedabad,Rajasthan,35,Active
O05351,Organization_5351,Company,Pune,Madhya Pradesh,43,Inactive
O05352,Organization_5352,Company,Indore,Karnataka,50,Inactive
O05353,Organization_5353,Association,Indore,Madhya Pradesh,66,Active
O05354,Organization_5354,Company,Bhopal,Tamil Nadu,82,Active
O05355,Organization_5355,NGO,Surat,Delhi,36,Active
O05356,Organization_5356,Criminal_Group,Surat,West Bengal,55,Active
O05357,Organization_5357,Business,Jaipur,Rajasthan,5,Active
O05358,Organization_5358,Criminal_Group,Jaipur,Maharashtra,50,Active
O05359,Organization_5359,Company,Nagpur,Madhya Pradesh,84,Inactive
O05360,Organization_5360,Criminal_Group,Chennai,Delhi,70,Active
O05361,Organization_5361,Business,Lucknow,West Bengal,21,Active
O05362,Organization_5362,Company,Bhopal,Tamil Nadu,65,Active
O05363,Organization_5363,Company,Delhi,Telangana,46,Inactive
O05364,Organization_5364,NGO,Chennai,Gujarat,32,Active
O05365,Organization_5365,Company,Bengaluru,Telangana,87,Under_Investigation
O05366,Organization_5366,Criminal_Group,Bhopal,Delhi,45,Inactive
O05367,Organization_5367,NGO,Lucknow,Uttar Pradesh,49,Inactive
O05368,Organization_5368,Business,Hyderabad,Karnataka,66,Active
O05369,Organization_5369,Company,Pune,Telangana,58,Active
O05370,Organization_5370,Company,Pune,Rajasthan,25,Active
O05371,Organization_5371,Company,Kolkata,West Bengal,50,Inactive
O05372,Organization_5372,Association,Nagpur,Uttar Pradesh,96,Active
O05373,Organization_5373,Business,Delhi,Maharashtra,44,Under_Investigation
O05374,Organization_5374,Business,Nagpur,Uttar Pradesh,77,Active
O05375,Organization_5375,Criminal_Group,Delhi,Delhi,89,Under_Investigation
O05376,Organization_5376,Company,Rajkot,Uttar Pradesh,12,Active
O05377,Organization_5377,Business,Indore,Delhi,26,Inactive
O05378,Organization_5378,Company,Jaipur,Karnataka,18,Under_Investigation
O05379,Organization_5379,Business,Mumbai,Rajasthan,69,Active
O05380,Organization_5380,Association,Vadodara,Telangana,32,Active
O05381,Organization_5381,Company,Kolkata,Madhya Pradesh,5,Active
O05382,Organization_5382,Business,Bhopal,Madhya Pradesh,28,Active
O05383,Organization_5383,NGO,Bhopal,Delhi,90,Active
O05384,Organization_5384,Criminal_Group,Indore,Karnataka,43,Active
O05385,Organization_5385,Association,Rajkot,Telangana,6,Inactive
O05386,Organization_5386,NGO,Indore,West Bengal,91,Active
O05387,Organization_5387,Association,Bengaluru,Gujarat,78,Active
O05388,Organization_5388,Association,Bengaluru,West Bengal,76,Active
O05389,Organization_5389,Criminal_Group,Jaipur,West Bengal,54,Inactive
O05390,Organization_5390,Company,Delhi,West Bengal,28,Active
O05391,Organization_5391,NGO,Chennai,Madhya Pradesh,40,Active
O05392,Organization_5392,Company,Nagpur,Uttar Pradesh,94,Active
O05393,Organization_5393,Business,Rajkot,Gujarat,86,Inactive
O05394,Organization_5394,Company,Surat,West Bengal,64,Under_Investigation
O05395,Organization_5395,Criminal_Group,Kolkata,Uttar Pradesh,27,Active
O05396,Organization_5396,Criminal_Group,Chennai,West Bengal,69,Active
O05397,Organization_5397,Association,Pune,Maharashtra,48,Active
O05398,Organization_5398,Company,Delhi,West Bengal,65,Active
O05399,Organization_5399,Criminal_Group,Chennai,Madhya Pradesh,26,Active
O05400,Organization_5400,Criminal_Group,Kolkata,Delhi,39,Inactive
O05401,Organization_5401,Business,Chennai,Karnataka,32,Active
O05402,Organization_5402,Criminal_Group,Chennai,Tamil Nadu,43,Active
O05403,Organization_5403,Company,Surat,Uttar Pradesh,27,Inactive
O05404,Organization_5404,Criminal_Group,Kolkata,Karnataka,30,Under_Investigation
O05405,Organization_5405,Criminal_Group,Bhopal,Tamil Nadu,86,Active
O05406,Organization_5406,Company,Ahmedabad,West Bengal,80,Inactive
O05407,Organization_5407,Criminal_Group,Nagpur,Karnataka,71,Inactive
O05408,Organization_5408,Association,Chennai,Maharashtra,73,Active
O05409,Organization_5409,NGO,Hyderabad,Maharashtra,33,Active
O05410,Organization_5410,Business,Rajkot,Karnataka,55,Under_Investigation
O05411,Organization_5411,Criminal_Group,Hyderabad,Telangana,48,Active
O05412,Organization_5412,Business,Mumbai,Gujarat,90,Inactive
O05413,Organization_5413,Company,Surat,Delhi,28,Active
O05414,Organization_5414,NGO,Rajkot,Maharashtra,1,Active
O05415,Organization_5415,Company,Lucknow,Tamil Nadu,54,Active
O05416,Organization_5416,Criminal_Group,Nagpur,Tamil Nadu,10,Active
O05417,Organization_5417,Association,Bhopal,Maharashtra,35,Inactive
O05418,Organization_5418,Company,Pune,West Bengal,89,Inactive
O05419,Organization_5419,Criminal_Group,Kolkata,West Bengal,100,Inactive
O05420,Organization_5420,Criminal_Group,Ahmedabad,Delhi,20,Active
O05421,Organization_5421,NGO,Indore,Maharashtra,93,Under_Investigation
O05422,Organization_5422,NGO,Mumbai,Uttar Pradesh,52,Active
O05423,Organization_5423,Criminal_Group,Rajkot,Delhi,2,Active
O05424,Organization_5424,NGO,Indore,Tamil Nadu,10,Active
O05425,Organization_5425,Business,Jaipur,Gujarat,29,Active
O05426,Organization_5426,NGO,Ahmedabad,Madhya Pradesh,64,Active
O05427,Organization_5427,Business,Hyderabad,Gujarat,21,Active
O05428,Organization_5428,Business,Chennai,Tamil Nadu,58,Active
O05429,Organization_5429,Company,Chennai,Gujarat,97,Active
O05430,Organization_5430,Business,Chennai,Tamil Nadu,33,Inactive
O05431,Organization_5431,Company,Ahmedabad,Tamil Nadu,33,Active
O05432,Organization_5432,Business,Vadodara,West Bengal,38,Under_Investigation
O05433,Organization_5433,Business,Kolkata,Gujarat,77,Active
O05434,Organization_5434,Association,Rajkot,Rajasthan,84,Inactive
O05435,Organization_5435,Criminal_Group,Nagpur,Gujarat,21,Active
O05436,Organization_5436,Criminal_Group,Bhopal,Tamil Nadu,49,Inactive
O05437,Organization_5437,Business,Lucknow,Gujarat,90,Active
O05438,Organization_5438,NGO,Lucknow,West Bengal,45,Active
O05439,Organization_5439,Criminal_Group,Delhi,Delhi,56,Active
O05440,Organization_5440,Association,Indore,Maharashtra,32,Active
O05441,Organization_5441,Association,Vadodara,Tamil Nadu,38,Active
O05442,Organization_5442,NGO,Bengaluru,Tamil Nadu,89,Active
O05443,Organization_5443,Company,Vadodara,Telangana,85,Under_Investigation
O05444,Organization_5444,Company,Indore,Gujarat,5,Active
O05445,Organization_5445,NGO,Rajkot,Madhya Pradesh,96,Active
O05446,Organization_5446,NGO,Kolkata,Maharashtra,27,Inactive
O05447,Organization_5447,Business,Delhi,Madhya Pradesh,63,Active
O05448,Organization_5448,Criminal_Group,Rajkot,Karnataka,43,Inactive
O05449,Organization_5449,Company,Vadodara,Delhi,68,Active
O05450,Organization_5450,NGO,Bhopal,Gujarat,94,Active
O05451,Organization_5451,Company,Pune,Madhya Pradesh,57,Active
O05452,Organization_5452,Association,Bhopal,Tamil Nadu,97,Active
O05453,Organization_5453,Criminal_Group,Nagpur,Rajasthan,88,Active
O05454,Organization_5454,NGO,Hyderabad,Gujarat,59,Under_Investigation
O05455,Organization_5455,Company,Nagpur,Delhi,22,Inactive
O05456,Organization_5456,Company,Bengaluru,West Bengal,41,Inactive
O05457,Organization_5457,NGO,Nagpur,West Bengal,51,Active
O05458,Organization_5458,NGO,Rajkot,Telangana,87,Active
O05459,Organization_5459,Company,Vadodara,Madhya Pradesh,78,Active
O05460,Organization_5460,Criminal_Group,Chennai,Maharashtra,22,Active
O05461,Organization_5461,Company,Kolkata,Telangana,92,Active
O05462,Organization_5462,Business,Lucknow,Rajasthan,66,Under_Investigation
O05463,Organization_5463,Company,Ahmedabad,Maharashtra,51,Active
O05464,Organization_5464,Business,Lucknow,West Bengal,31,Active
O05465,Organization_5465,Business,Hyderabad,Gujarat,40,Active
O05466,Organization_5466,Association,Chennai,Madhya Pradesh,9,Active
O05467,Organization_5467,Association,Vadodara,Telangana,44,Active
O05468,Organization_5468,Company,Kolkata,Telangana,74,Active
O05469,Organization_5469,Criminal_Group,Jaipur,Gujarat,67,Inactive
O05470,Organization_5470,Business,Hyderabad,Madhya Pradesh,70,Under_Investigation
O05471,Organization_5471,Company,Rajkot,Telangana,75,Active
O05472,Organization_5472,Criminal_Group,Vadodara,Delhi,3,Active
O05473,Organization_5473,Criminal_Group,Bengaluru,Uttar Pradesh,13,Inactive
O05474,Organization_5474,Company,Jaipur,West Bengal,4,Active
O05475,Organization_5475,Company,Ahmedabad,Tamil Nadu,71,Active
O05476,Organization_5476,NGO,Indore,West Bengal,97,Active
O05477,Organization_5477,Company,Chennai,Gujarat,37,Active
O05478,Organization_5478,Business,Pune,Tamil Nadu,41,Active
O05479,Organization_5479,Association,Chennai,West Bengal,55,Active
O05480,Organization_5480,NGO,Bengaluru,Karnataka,79,Active
O05481,Organization_5481,NGO,Kolkata,Tamil Nadu,3,Active
O05482,Organization_5482,Company,Kolkata,Delhi,39,Inactive
O05483,Organization_5483,Business,Indore,Gujarat,43,Under_Investigation
O05484,Organization_5484,Business,Bengaluru,Rajasthan,28,Active
O05485,Organization_5485,Association,Ahmedabad,Uttar Pradesh,4,Active
O05486,Organization_5486,Company,Mumbai,Madhya Pradesh,86,Active
O05487,Organization_5487,Company,Indore,Maharashtra,40,Active
O05488,Organization_5488,Company,Kolkata,Telangana,94,Active
O05489,Organization_5489,Criminal_Group,Rajkot,Madhya Pradesh,84,Under_Investigation
O05490,Organization_5490,Business,Mumbai,Tamil Nadu,55,Inactive
O05491,Organization_5491,Association,Delhi,Karnataka,58,Under_Investigation
O05492,Organization_5492,Company,Hyderabad,Karnataka,24,Active
O05493,Organization_5493,Criminal_Group,Surat,Madhya Pradesh,3,Active
O05494,Organization_5494,Criminal_Group,Mumbai,Delhi,15,Active
O05495,Organization_5495,Company,Surat,Tamil Nadu,81,Active
O05496,Organization_5496,Company,Chennai,Karnataka,39,Under_Investigation
O05497,Organization_5497,Association,Mumbai,Madhya Pradesh,88,Inactive
O05498,Organization_5498,Company,Hyderabad,Madhya Pradesh,29,Active
O05499,Organization_5499,Company,Jaipur,Delhi,72,Active
O05500,Organization_5500,Criminal_Group,Chennai,Telangana,52,Active
O05501,Organization_5501,Company,Surat,Karnataka,25,Active
O05502,Organization_5502,Business,Vadodara,Rajasthan,15,Active
O05503,Organization_5503,Criminal_Group,Bhopal,West Bengal,73,Active
O05504,Organization_5504,Business,Lucknow,West Bengal,2,Active
O05505,Organization_5505,Criminal_Group,Surat,West Bengal,19,Active
O05506,Organization_5506,Company,Kolkata,Maharashtra,28,Active
O05507,Organization_5507,Criminal_Group,Pune,Rajasthan,40,Active
O05508,Organization_5508,Business,Lucknow,Maharashtra,63,Inactive
O05509,Organization_5509,Business,Bengaluru,Madhya Pradesh,80,Active
O05510,Organization_5510,NGO,Bengaluru,Karnataka,85,Active
O05511,Organization_5511,Company,Nagpur,Telangana,53,Active
O05512,Organization_5512,Business,Bengaluru,Rajasthan,83,Active
O05513,Organization_5513,Company,Delhi,West Bengal,48,Active
O05514,Organization_5514,Business,Bengaluru,Gujarat,92,Active
O05515,Organization_5515,NGO,Jaipur,Karnataka,22,Active
O05516,Organization_5516,NGO,Vadodara,West Bengal,13,Active
O05517,Organization_5517,Business,Mumbai,Madhya Pradesh,14,Active
O05518,Organization_5518,Business,Kolkata,Karnataka,72,Under_Investigation
O05519,Organization_5519,Association,Hyderabad,Uttar Pradesh,35,Active
O05520,Organization_5520,Criminal_Group,Mumbai,Telangana,97,Active
O05521,Organization_5521,Association,Lucknow,Maharashtra,69,Active
O05522,Organization_5522,Business,Bhopal,West Bengal,12,Active
O05523,Organization_5523,Company,Ahmedabad,Telangana,77,Active
O05524,Organization_5524,Criminal_Group,Indore,Rajasthan,69,Active
O05525,Organization_5525,Company,Ahmedabad,Telangana,80,Active
O05526,Organization_5526,NGO,Lucknow,Delhi,78,Under_Investigation
O05527,Organization_5527,NGO,Nagpur,Gujarat,32,Active
O05528,Organization_5528,Company,Bengaluru,Rajasthan,25,Inactive
O05529,Organization_5529,Company,Hyderabad,Rajasthan,98,Active
O05530,Organization_5530,Company,Rajkot,Telangana,82,Active
O05531,Organization_5531,Association,Bhopal,Tamil Nadu,55,Active
O05532,Organization_5532,NGO,Jaipur,West Bengal,75,Active
O05533,Organization_5533,Company,Chennai,West Bengal,74,Under_Investigation
O05534,Organization_5534,Business,Bhopal,West Bengal,13,Active
O05535,Organization_5535,Company,Mumbai,Uttar Pradesh,78,Inactive
O05536,Organization_5536,NGO,Ahmedabad,Rajasthan,75,Active
O05537,Organization_5537,Association,Chennai,Telangana,31,Under_Investigation
O05538,Organization_5538,Business,Vadodara,Gujarat,46,Under_Investigation
O05539,Organization_5539,Company,Bhopal,Telangana,43,Active
O05540,Organization_5540,Company,Vadodara,Tamil Nadu,46,Active
O05541,Organization_5541,Company,Delhi,Karnataka,63,Active
O05542,Organization_5542,Criminal_Group,Hyderabad,Maharashtra,59,Active
O05543,Organization_5543,Association,Indore,West Bengal,2,Inactive
O05544,Organization_5544,Company,Kolkata,Telangana,60,Active
O05545,Organization_5545,Business,Chennai,Madhya Pradesh,70,Under_Investigation
O05546,Organization_5546,Association,Lucknow,West Bengal,36,Inactive
O05547,Organization_5547,NGO,Vadodara,Gujarat,2,Inactive
O05548,Organization_5548,Business,Hyderabad,Maharashtra,19,Active
O05549,Organization_5549,Criminal_Group,Indore,West Bengal,23,Under_Investigation
O05550,Organization_5550,Business,Lucknow,Delhi,74,Active
O05551,Organization_5551,NGO,Chennai,Rajasthan,71,Active
O05552,Organization_5552,NGO,Ahmedabad,Uttar Pradesh,18,Active
O05553,Organization_5553,Business,Surat,Tamil Nadu,65,Active
O05554,Organization_5554,Criminal_Group,Vadodara,Maharashtra,76,Under_Investigation
O05555,Organization_5555,Criminal_Group,Ahmedabad,Maharashtra,30,Active
O05556,Organization_5556,NGO,Ahmedabad,Gujarat,33,Active
O05557,Organization_5557,Company,Jaipur,Maharashtra,52,Active
O05558,Organization_5558,Company,Mumbai,West Bengal,26,Active
O05559,Organization_5559,Company,Pune,Tamil Nadu,74,Under_Investigation
O05560,Organization_5560,NGO,Chennai,West Bengal,95,Inactive
O05561,Organization_5561,Company,Nagpur,Telangana,69,Active
O05562,Organization_5562,Association,Delhi,Rajasthan,23,Under_Investigation
O05563,Organization_5563,Business,Hyderabad,Rajasthan,4,Active
O05564,Organization_5564,Association,Lucknow,Delhi,75,Active
O05565,Organization_5565,Criminal_Group,Kolkata,West Bengal,98,Active
O05566,Organization_5566,Criminal_Group,Surat,Gujarat,13,Active
O05567,Organization_5567,Criminal_Group,Mumbai,Tamil Nadu,27,Active
O05568,Organization_5568,Company,Surat,Tamil Nadu,49,Active
O05569,Organization_5569,Business,Ahmedabad,Tamil Nadu,4,Under_Investigation
O05570,Organization_5570,NGO,Nagpur,West Bengal,94,Active
O05571,Organization_5571,NGO,Surat,Karnataka,91,Active
O05572,Organization_5572,Association,Jaipur,Telangana,78,Active
O05573,Organization_5573,Company,Surat,Telangana,47,Active
O05574,Organization_5574,Criminal_Group,Kolkata,Uttar Pradesh,37,Active
O05575,Organization_5575,Company,Jaipur,Uttar Pradesh,4,Active
O05576,Organization_5576,Business,Nagpur,Madhya Pradesh,66,Inactive
O05577,Organization_5577,NGO,Pune,Madhya Pradesh,28,Inactive
O05578,Organization_5578,Criminal_Group,Vadodara,Telangana,23,Inactive
O05579,Organization_5579,Business,Kolkata,Telangana,93,Active
O05580,Organization_5580,Criminal_Group,Rajkot,Gujarat,76,Inactive
O05581,Organization_5581,Criminal_Group,Hyderabad,Rajasthan,91,Inactive
O05582,Organization_5582,Business,Lucknow,Karnataka,66,Active
O05583,Organization_5583,Association,Indore,Telangana,9,Active
O05584,Organization_5584,Company,Bhopal,Tamil Nadu,71,Active
O05585,Organization_5585,Criminal_Group,Bengaluru,Maharashtra,95,Active
O05586,Organization_5586,Criminal_Group,Mumbai,Karnataka,93,Active
O05587,Organization_5587,Criminal_Group,Chennai,Gujarat,32,Active
O05588,Organization_5588,Association,Ahmedabad,West Bengal,85,Inactive
O05589,Organization_5589,Company,Nagpur,Tamil Nadu,54,Active
O05590,Organization_5590,NGO,Nagpur,Madhya Pradesh,68,Active
O05591,Organization_5591,Criminal_Group,Lucknow,Rajasthan,71,Inactive
O05592,Organization_5592,Business,Chennai,West Bengal,68,Under_Investigation
O05593,Organization_5593,Company,Vadodara,Rajasthan,62,Inactive
O05594,Organization_5594,Company,Surat,Uttar Pradesh,66,Inactive
O05595,Organization_5595,Criminal_Group,Ahmedabad,West Bengal,41,Inactive
O05596,Organization_5596,Criminal_Group,Delhi,Karnataka,63,Active
O05597,Organization_5597,Company,Pune,Karnataka,37,Active
O05598,Organization_5598,Business,Kolkata,Karnataka,64,Inactive
O05599,Organization_5599,Association,Chennai,Gujarat,57,Inactive
O05600,Organization_5600,Company,Lucknow,West Bengal,70,Active
O05601,Organization_5601,Business,Nagpur,Karnataka,30,Active
O05602,Organization_5602,Business,Mumbai,Uttar Pradesh,39,Inactive
O05603,Organization_5603,Association,Bhopal,West Bengal,82,Active
O05604,Organization_5604,Criminal_Group,Kolkata,Gujarat,100,Under_Investigation
O05605,Organization_5605,Company,Chennai,Rajasthan,75,Inactive
O05606,Organization_5606,Association,Indore,Madhya Pradesh,98,Under_Investigation
O05607,Organization_5607,NGO,Lucknow,Gujarat,90,Active
O05608,Organization_5608,Criminal_Group,Mumbai,Telangana,10,Inactive
O05609,Organization_5609,Company,Kolkata,Delhi,31,Active
O05610,Organization_5610,Company,Lucknow,Madhya Pradesh,36,Inactive
O05611,Organization_5611,Company,Rajkot,Gujarat,25,Under_Investigation
O05612,Organization_5612,Criminal_Group,Mumbai,Delhi,8,Inactive
O05613,Organization_5613,Association,Bengaluru,Madhya Pradesh,100,Under_Investigation
O05614,Organization_5614,Company,Chennai,Karnataka,67,Active
O05615,Organization_5615,Business,Chennai,Rajasthan,13,Active
O05616,Organization_5616,Company,Bhopal,Karnataka,48,Under_Investigation
O05617,Organization_5617,Business,Vadodara,Delhi,36,Under_Investigation
O05618,Organization_5618,Business,Indore,Delhi,98,Active
O05619,Organization_5619,Company,Vadodara,Rajasthan,59,Inactive
O05620,Organization_5620,Criminal_Group,Bhopal,Madhya Pradesh,65,Active
O05621,Organization_5621,Company,Ahmedabad,Telangana,49,Active
O05622,Organization_5622,Criminal_Group,Lucknow,Telangana,68,Active
O05623,Organization_5623,Business,Jaipur,Telangana,55,Active
O05624,Organization_5624,Business,Indore,Uttar Pradesh,4,Active
O05625,Organization_5625,Business,Lucknow,Rajasthan,97,Active
O05626,Organization_5626,Company,Vadodara,Karnataka,37,Active
O05627,Organization_5627,Association,Lucknow,Telangana,59,Active
O05628,Organization_5628,NGO,Chennai,Uttar Pradesh,36,Active
O05629,Organization_5629,Company,Chennai,Uttar Pradesh,92,Active
O05630,Organization_5630,Business,Indore,Uttar Pradesh,40,Inactive
O05631,Organization_5631,Criminal_Group,Hyderabad,Rajasthan,41,Inactive
O05632,Organization_5632,Business,Vadodara,Karnataka,25,Active
O05633,Organization_5633,Association,Chennai,Rajasthan,64,Active
O05634,Organization_5634,Criminal_Group,Bhopal,Maharashtra,97,Active
O05635,Organization_5635,Company,Delhi,Madhya Pradesh,71,Active
O05636,Organization_5636,Criminal_Group,Bengaluru,West Bengal,78,Active
O05637,Organization_5637,Company,Delhi,Madhya Pradesh,79,Active
O05638,Organization_5638,Association,Bengaluru,Gujarat,78,Active
O05639,Organization_5639,Company,Delhi,Madhya Pradesh,34,Active
O05640,Organization_5640,Criminal_Group,Chennai,Tamil Nadu,53,Under_Investigation
O05641,Organization_5641,Business,Indore,Karnataka,74,Inactive
O05642,Organization_5642,Company,Ahmedabad,Tamil Nadu,66,Active
O05643,Organization_5643,NGO,Nagpur,Uttar Pradesh,90,Active
O05644,Organization_5644,Criminal_Group,Nagpur,Delhi,19,Under_Investigation
O05645,Organization_5645,Criminal_Group,Jaipur,West Bengal,68,Active
O05646,Organization_5646,Business,Hyderabad,West Bengal,87,Active
O05647,Organization_5647,NGO,Nagpur,Maharashtra,29,Active
O05648,Organization_5648,Criminal_Group,Chennai,Delhi,62,Inactive
O05649,Organization_5649,Business,Nagpur,Madhya Pradesh,100,Active
O05650,Organization_5650,Company,Bhopal,Tamil Nadu,81,Active
O05651,Organization_5651,Criminal_Group,Rajkot,Gujarat,26,Under_Investigation
O05652,Organization_5652,Criminal_Group,Kolkata,Delhi,18,Active
O05653,Organization_5653,Company,Bhopal,West Bengal,90,Active
O05654,Organization_5654,Company,Rajkot,Madhya Pradesh,15,Active
O05655,Organization_5655,Company,Chennai,Tamil Nadu,59,Inactive
O05656,Organization_5656,Company,Bengaluru,Uttar Pradesh,91,Inactive
O05657,Organization_5657,Criminal_Group,Chennai,Maharashtra,86,Inactive
O05658,Organization_5658,NGO,Hyderabad,Uttar Pradesh,2,Active
O05659,Organization_5659,Business,Nagpur,Rajasthan,41,Active
O05660,Organization_5660,Company,Nagpur,Rajasthan,74,Inactive
O05661,Organization_5661,NGO,Mumbai,Rajasthan,40,Active
O05662,Organization_5662,Criminal_Group,Bengaluru,Uttar Pradesh,41,Active
O05663,Organization_5663,Criminal_Group,Rajkot,Uttar Pradesh,13,Under_Investigation
O05664,Organization_5664,Criminal_Group,Pune,Telangana,83,Active
O05665,Organization_5665,Criminal_Group,Nagpur,West Bengal,9,Under_Investigation
O05666,Organization_5666,NGO,Surat,Uttar Pradesh,18,Active
O05667,Organization_5667,Company,Kolkata,Rajasthan,21,Under_Investigation
O05668,Organization_5668,Business,Mumbai,Telangana,44,Inactive
O05669,Organization_5669,Criminal_Group,Hyderabad,West Bengal,76,Inactive
O05670,Organization_5670,Business,Bengaluru,Rajasthan,14,Active
O05671,Organization_5671,Business,Mumbai,Karnataka,18,Active
O05672,Organization_5672,Company,Jaipur,West Bengal,71,Inactive
O05673,Organization_5673,Criminal_Group,Vadodara,Rajasthan,4,Active
O05674,Organization_5674,Business,Hyderabad,Delhi,70,Active
O05675,Organization_5675,NGO,Mumbai,Uttar Pradesh,75,Active
O05676,Organization_5676,Business,Kolkata,Uttar Pradesh,12,Active
O05677,Organization_5677,Company,Bhopal,Telangana,7,Active
O05678,Organization_5678,Company,Vadodara,Tamil Nadu,43,Inactive
O05679,Organization_5679,Company,Bengaluru,Karnataka,89,Active
O05680,Organization_5680,Company,Chennai,Delhi,54,Inactive
O05681,Organization_5681,NGO,Bhopal,Rajasthan,100,Active
O05682,Organization_5682,Company,Bhopal,Maharashtra,3,Active
O05683,Organization_5683,Company,Hyderabad,Karnataka,83,Active
O05684,Organization_5684,Criminal_Group,Bengaluru,West Bengal,16,Under_Investigation
O05685,Organization_5685,Company,Lucknow,Maharashtra,27,Active
O05686,Organization_5686,NGO,Surat,Tamil Nadu,91,Under_Investigation
O05687,Organization_5687,Company,Hyderabad,Gujarat,44,Active
O05688,Organization_5688,Business,Rajkot,West Bengal,37,Active
O05689,Organization_5689,Business,Jaipur,Rajasthan,49,Under_Investigation
O05690,Organization_5690,NGO,Vadodara,Madhya Pradesh,87,Inactive
O05691,Organization_5691,Business,Chennai,Uttar Pradesh,92,Active
O05692,Organization_5692,Company,Surat,West Bengal,99,Inactive
O05693,Organization_5693,Business,Surat,Gujarat,38,Active
O05694,Organization_5694,Criminal_Group,Vadodara,Rajasthan,90,Active
O05695,Organization_5695,Criminal_Group,Delhi,Karnataka,83,Active
O05696,Organization_5696,Business,Bhopal,Tamil Nadu,53,Active
O05697,Organization_5697,Association,Vadodara,West Bengal,70,Active
O05698,Organization_5698,Association,Mumbai,Gujarat,20,Active
O05699,Organization_5699,Criminal_Group,Bengaluru,Maharashtra,71,Under_Investigation
O05700,Organization_5700,Company,Delhi,Maharashtra,80,Under_Investigation
O05701,Organization_5701,Association,Indore,Rajasthan,7,Active
O05702,Organization_5702,Company,Ahmedabad,Gujarat,72,Inactive
O05703,Organization_5703,Company,Pune,Tamil Nadu,23,Active
O05704,Organization_5704,Company,Vadodara,Madhya Pradesh,96,Active
O05705,Organization_5705,Company,Hyderabad,Delhi,32,Inactive
O05706,Organization_5706,Criminal_Group,Delhi,Delhi,8,Active
O05707,Organization_5707,NGO,Bengaluru,Karnataka,57,Under_Investigation
O05708,Organization_5708,Criminal_Group,Mumbai,Karnataka,81,Active
O05709,Organization_5709,NGO,Bengaluru,Delhi,22,Active
O05710,Organization_5710,Criminal_Group,Delhi,Uttar Pradesh,52,Active
O05711,Organization_5711,NGO,Bengaluru,Delhi,60,Active
O05712,Organization_5712,Company,Vadodara,West Bengal,59,Inactive
O05713,Organization_5713,Criminal_Group,Delhi,West Bengal,29,Inactive
O05714,Organization_5714,Business,Rajkot,Delhi,14,Active
O05715,Organization_5715,Business,Hyderabad,Rajasthan,26,Active
O05716,Organization_5716,Criminal_Group,Indore,Rajasthan,91,Under_Investigation
O05717,Organization_5717,Business,Kolkata,Uttar Pradesh,36,Active
O05718,Organization_5718,Company,Hyderabad,Telangana,83,Inactive
O05719,Organization_5719,Business,Hyderabad,Karnataka,76,Active
O05720,Organization_5720,Association,Jaipur,Madhya Pradesh,40,Active
O05721,Organization_5721,Company,Rajkot,Tamil Nadu,74,Under_Investigation
O05722,Organization_5722,NGO,Rajkot,Madhya Pradesh,34,Active
O05723,Organization_5723,Company,Indore,Karnataka,59,Active
O05724,Organization_5724,NGO,Pune,Delhi,67,Inactive
O05725,Organization_5725,Business,Mumbai,Madhya Pradesh,90,Inactive
O05726,Organization_5726,Association,Vadodara,Uttar Pradesh,41,Inactive
O05727,Organization_5727,NGO,Mumbai,Tamil Nadu,38,Active
O05728,Organization_5728,Criminal_Group,Indore,Uttar Pradesh,36,Under_Investigation
O05729,Organization_5729,NGO,Pune,Delhi,93,Active
O05730,Organization_5730,Business,Bengaluru,Madhya Pradesh,15,Active
O05731,Organization_5731,Criminal_Group,Bengaluru,Delhi,44,Active
O05732,Organization_5732,Business,Mumbai,Madhya Pradesh,97,Active
O05733,Organization_5733,Business,Pune,Uttar Pradesh,4,Active
O05734,Organization_5734,NGO,Rajkot,Maharashtra,34,Active
O05735,Organization_5735,Association,Pune,Tamil Nadu,85,Active
O05736,Organization_5736,Company,Pune,Gujarat,32,Active
O05737,Organization_5737,Business,Jaipur,Gujarat,85,Active
O05738,Organization_5738,Criminal_Group,Indore,Uttar Pradesh,85,Active
O05739,Organization_5739,Criminal_Group,Hyderabad,Rajasthan,60,Active
O05740,Organization_5740,Company,Surat,Telangana,32,Active
O05741,Organization_5741,NGO,Nagpur,Maharashtra,50,Under_Investigation
O05742,Organization_5742,Criminal_Group,Chennai,Tamil Nadu,39,Inactive
O05743,Organization_5743,Business,Surat,Gujarat,8,Active
O05744,Organization_5744,Company,Lucknow,Uttar Pradesh,3,Inactive
O05745,Organization_5745,Company,Surat,Gujarat,95,Active
O05746,Organization_5746,Association,Rajkot,Gujarat,77,Active
O05747,Organization_5747,Criminal_Group,Bengaluru,Rajasthan,30,Active
O05748,Organization_5748,Association,Mumbai,Madhya Pradesh,51,Active
O05749,Organization_5749,Company,Kolkata,Tamil Nadu,17,Inactive
O05750,Organization_5750,Business,Kolkata,Tamil Nadu,15,Inactive
O05751,Organization_5751,NGO,Indore,Delhi,9,Inactive
O05752,Organization_5752,Business,Indore,Tamil Nadu,7,Active
O05753,Organization_5753,Business,Pune,Rajasthan,32,Active
O05754,Organization_5754,Criminal_Group,Delhi,Gujarat,16,Active
O05755,Organization_5755,NGO,Rajkot,Rajasthan,63,Active
O05756,Organization_5756,Business,Nagpur,West Bengal,4,Active
O05757,Organization_5757,Company,Indore,Rajasthan,13,Active
O05758,Organization_5758,NGO,Delhi,Tamil Nadu,49,Under_Investigation
O05759,Organization_5759,Business,Chennai,Tamil Nadu,13,Under_Investigation
O05760,Organization_5760,Association,Nagpur,Uttar Pradesh,40,Active
O05761,Organization_5761,NGO,Chennai,Madhya Pradesh,76,Active
O05762,Organization_5762,Business,Mumbai,Uttar Pradesh,8,Active
O05763,Organization_5763,Association,Rajkot,Uttar Pradesh,29,Active
O05764,Organization_5764,Company,Vadodara,Telangana,57,Under_Investigation
O05765,Organization_5765,Criminal_Group,Bhopal,Telangana,90,Under_Investigation
O05766,Organization_5766,Company,Mumbai,Tamil Nadu,83,Inactive
O05767,Organization_5767,Association,Bhopal,Gujarat,39,Inactive
O05768,Organization_5768,Criminal_Group,Indore,Karnataka,6,Under_Investigation
O05769,Organization_5769,NGO,Chennai,Maharashtra,85,Active
O05770,Organization_5770,Criminal_Group,Hyderabad,Telangana,12,Active
O05771,Organization_5771,NGO,Delhi,Telangana,52,Under_Investigation
O05772,Organization_5772,Association,Delhi,Karnataka,100,Active
O05773,Organization_5773,Criminal_Group,Nagpur,West Bengal,82,Active
O05774,Organization_5774,NGO,Ahmedabad,Uttar Pradesh,66,Active
O05775,Organization_5775,Business,Mumbai,Gujarat,88,Inactive
O05776,Organization_5776,Criminal_Group,Indore,Tamil Nadu,28,Inactive
O05777,Organization_5777,Company,Vadodara,Madhya Pradesh,44,Active
O05778,Organization_5778,Criminal_Group,Nagpur,Rajasthan,65,Active
O05779,Organization_5779,Association,Chennai,Rajasthan,72,Inactive
O05780,Organization_5780,Company,Rajkot,Telangana,27,Active
O05781,Organization_5781,Criminal_Group,Pune,Gujarat,69,Active
O05782,Organization_5782,Company,Ahmedabad,Madhya Pradesh,73,Inactive
O05783,Organization_5783,Business,Delhi,Karnataka,100,Active
O05784,Organization_5784,Criminal_Group,Kolkata,Maharashtra,82,Active
O05785,Organization_5785,Company,Vadodara,West Bengal,60,Active
O05786,Organization_5786,Criminal_Group,Rajkot,Uttar Pradesh,9,Active
O05787,Organization_5787,NGO,Mumbai,West Bengal,77,Under_Investigation
O05788,Organization_5788,NGO,Bengaluru,Maharashtra,40,Active
O05789,Organization_5789,Criminal_Group,Surat,Tamil Nadu,66,Active
O05790,Organization_5790,NGO,Surat,Tamil Nadu,3,Active
O05791,Organization_5791,Criminal_Group,Jaipur,Gujarat,29,Inactive
O05792,Organization_5792,Criminal_Group,Bhopal,Karnataka,57,Active
O05793,Organization_5793,NGO,Surat,Delhi,90,Active
O05794,Organization_5794,Company,Bengaluru,Madhya Pradesh,36,Active
O05795,Organization_5795,Company,Kolkata,Madhya Pradesh,64,Active
O05796,Organization_5796,Criminal_Group,Vadodara,Rajasthan,23,Active
O05797,Organization_5797,Criminal_Group,Kolkata,Rajasthan,67,Under_Investigation
O05798,Organization_5798,Business,Lucknow,Rajasthan,15,Active
O05799,Organization_5799,Criminal_Group,Bengaluru,Delhi,15,Active
O05800,Organization_5800,NGO,Delhi,West Bengal,73,Inactive
O05801,Organization_5801,Company,Jaipur,Delhi,61,Under_Investigation
O05802,Organization_5802,Criminal_Group,Hyderabad,Telangana,28,Active
O05803,Organization_5803,Company,Rajkot,Rajasthan,3,Inactive
O05804,Organization_5804,Company,Chennai,Rajasthan,73,Active
O05805,Organization_5805,Company,Delhi,Tamil Nadu,83,Active
O05806,Organization_5806,Criminal_Group,Lucknow,Telangana,97,Active
O05807,Organization_5807,Criminal_Group,Indore,Maharashtra,24,Active
O05808,Organization_5808,Company,Chennai,Telangana,27,Active
O05809,Organization_5809,Business,Bengaluru,Madhya Pradesh,27,Inactive
O05810,Organization_5810,Criminal_Group,Delhi,Telangana,42,Active
O05811,Organization_5811,Criminal_Group,Lucknow,West Bengal,81,Active
O05812,Organization_5812,Business,Chennai,Maharashtra,70,Inactive
O05813,Organization_5813,Company,Jaipur,Karnataka,79,Active
O05814,Organization_5814,NGO,Mumbai,Telangana,34,Active
O05815,Organization_5815,Criminal_Group,Kolkata,West Bengal,11,Active
O05816,Organization_5816,Criminal_Group,Mumbai,Uttar Pradesh,32,Active
O05817,Organization_5817,Criminal_Group,Rajkot,Karnataka,24,Active
O05818,Organization_5818,Criminal_Group,Vadodara,Tamil Nadu,61,Active
O05819,Organization_5819,NGO,Jaipur,Gujarat,60,Active
O05820,Organization_5820,Company,Rajkot,West Bengal,25,Active
O05821,Organization_5821,Company,Rajkot,Uttar Pradesh,61,Active
O05822,Organization_5822,Criminal_Group,Pune,West Bengal,59,Under_Investigation
O05823,Organization_5823,Business,Bengaluru,Maharashtra,74,Active
O05824,Organization_5824,Business,Ahmedabad,Karnataka,13,Active
O05825,Organization_5825,Association,Kolkata,Delhi,10,Inactive
O05826,Organization_5826,Company,Chennai,Tamil Nadu,89,Under_Investigation
O05827,Organization_5827,NGO,Hyderabad,Rajasthan,38,Inactive
O05828,Organization_5828,Business,Kolkata,Gujarat,40,Active
O05829,Organization_5829,NGO,Hyderabad,Delhi,19,Active
O05830,Organization_5830,Company,Kolkata,Gujarat,98,Active
O05831,Organization_5831,Business,Rajkot,Uttar Pradesh,99,Active
O05832,Organization_5832,Criminal_Group,Jaipur,Tamil Nadu,100,Under_Investigation
O05833,Organization_5833,Criminal_Group,Mumbai,West Bengal,32,Active
O05834,Organization_5834,Business,Vadodara,West Bengal,80,Active
O05835,Organization_5835,Association,Lucknow,Gujarat,50,Active
O05836,Organization_5836,Company,Surat,Gujarat,57,Under_Investigation
O05837,Organization_5837,Association,Jaipur,Rajasthan,91,Active
O05838,Organization_5838,Company,Jaipur,Madhya Pradesh,66,Under_Investigation
O05839,Organization_5839,Association,Indore,Rajasthan,1,Active
O05840,Organization_5840,Company,Kolkata,Delhi,23,Active
O05841,Organization_5841,Company,Kolkata,Rajasthan,53,Inactive
O05842,Organization_5842,Association,Jaipur,Rajasthan,16,Under_Investigation
O05843,Organization_5843,Association,Delhi,Delhi,36,Under_Investigation
O05844,Organization_5844,Business,Mumbai,Karnataka,7,Under_Investigation
O05845,Organization_5845,NGO,Surat,Telangana,100,Inactive
O05846,Organization_5846,Association,Hyderabad,Telangana,6,Active
O05847,Organization_5847,Association,Vadodara,Madhya Pradesh,1,Active
O05848,Organization_5848,Company,Vadodara,Rajasthan,93,Active
O05849,Organization_5849,NGO,Vadodara,Karnataka,70,Active
O05850,Organization_5850,Criminal_Group,Indore,West Bengal,89,Active
O05851,Organization_5851,Business,Chennai,Gujarat,44,Active
O05852,Organization_5852,Association,Surat,Rajasthan,47,Active
O05853,Organization_5853,NGO,Surat,Maharashtra,89,Active
O05854,Organization_5854,NGO,Hyderabad,West Bengal,92,Active
O05855,Organization_5855,Criminal_Group,Jaipur,Maharashtra,57,Active
O05856,Organization_5856,Criminal_Group,Hyderabad,Madhya Pradesh,30,Active
O05857,Organization_5857,Criminal_Group,Bengaluru,Gujarat,11,Active
O05858,Organization_5858,Business,Jaipur,Telangana,78,Under_Investigation
O05859,Organization_5859,Association,Delhi,Karnataka,83,Active
O05860,Organization_5860,NGO,Vadodara,Madhya Pradesh,32,Active
O05861,Organization_5861,Company,Hyderabad,Delhi,77,Active
O05862,Organization_5862,Criminal_Group,Nagpur,Karnataka,9,Active
O05863,Organization_5863,Business,Nagpur,Gujarat,34,Active
O05864,Organization_5864,Criminal_Group,Bhopal,Karnataka,58,Under_Investigation
O05865,Organization_5865,NGO,Chennai,Telangana,45,Active
O05866,Organization_5866,NGO,Kolkata,Karnataka,89,Active
O05867,Organization_5867,Company,Lucknow,Delhi,71,Active
O05868,Organization_5868,NGO,Mumbai,Delhi,2,Inactive
O05869,Organization_5869,Company,Chennai,Karnataka,33,Active
O05870,Organization_5870,Company,Lucknow,Maharashtra,80,Active
O05871,Organization_5871,NGO,Vadodara,Delhi,69,Active
O05872,Organization_5872,Company,Mumbai,Rajasthan,65,Active
O05873,Organization_5873,Business,Mumbai,Telangana,30,Active
O05874,Organization_5874,Company,Ahmedabad,Gujarat,29,Inactive
O05875,Organization_5875,Criminal_Group,Bengaluru,Rajasthan,83,Under_Investigation
O05876,Organization_5876,Company,Kolkata,Uttar Pradesh,78,Under_Investigation
O05877,Organization_5877,Criminal_Group,Lucknow,Maharashtra,39,Active
O05878,Organization_5878,Criminal_Group,Mumbai,Uttar Pradesh,69,Active
O05879,Organization_5879,Company,Jaipur,Karnataka,57,Active
O05880,Organization_5880,Criminal_Group,Pune,Maharashtra,60,Active
O05881,Organization_5881,Business,Lucknow,Tamil Nadu,34,Under_Investigation
O05882,Organization_5882,Company,Lucknow,Telangana,6,Active
O05883,Organization_5883,Criminal_Group,Nagpur,Uttar Pradesh,24,Active
O05884,Organization_5884,Business,Vadodara,Karnataka,58,Active
O05885,Organization_5885,Company,Ahmedabad,Telangana,87,Active
O05886,Organization_5886,Criminal_Group,Indore,Tamil Nadu,34,Active
O05887,Organization_5887,Criminal_Group,Lucknow,Telangana,39,Active
O05888,Organization_5888,Association,Indore,Madhya Pradesh,15,Under_Investigation
O05889,Organization_5889,Criminal_Group,Lucknow,Gujarat,88,Active
O05890,Organization_5890,Business,Vadodara,Delhi,31,Inactive
O05891,Organization_5891,Company,Hyderabad,Madhya Pradesh,50,Active
O05892,Organization_5892,Company,Delhi,Rajasthan,10,Active
O05893,Organization_5893,Criminal_Group,Bengaluru,Uttar Pradesh,13,Under_Investigation
O05894,Organization_5894,Association,Rajkot,Gujarat,48,Active
O05895,Organization_5895,NGO,Bengaluru,Telangana,39,Active
O05896,Organization_5896,NGO,Hyderabad,Karnataka,99,Inactive
O05897,Organization_5897,Business,Mumbai,Delhi,6,Active
O05898,Organization_5898,Criminal_Group,Nagpur,Tamil Nadu,41,Active
O05899,Organization_5899,NGO,Jaipur,Uttar Pradesh,56,Active
O05900,Organization_5900,Criminal_Group,Jaipur,Rajasthan,9,Active
O05901,Organization_5901,Company,Indore,Gujarat,94,Active
O05902,Organization_5902,Criminal_Group,Rajkot,Telangana,88,Active
O05903,Organization_5903,NGO,Nagpur,Gujarat,13,Active
O05904,Organization_5904,Company,Chennai,Uttar Pradesh,28,Inactive
O05905,Organization_5905,NGO,Chennai,Uttar Pradesh,55,Active
O05906,Organization_5906,Company,Jaipur,Maharashtra,97,Active
O05907,Organization_5907,Association,Rajkot,Karnataka,81,Active
O05908,Organization_5908,Criminal_Group,Bhopal,Delhi,51,Under_Investigation
O05909,Organization_5909,Business,Vadodara,Gujarat,15,Inactive
O05910,Organization_5910,Business,Hyderabad,Tamil Nadu,31,Active
O05911,Organization_5911,Association,Nagpur,Delhi,12,Active
O05912,Organization_5912,Company,Vadodara,Telangana,11,Active
O05913,Organization_5913,Business,Jaipur,Maharashtra,6,Active
O05914,Organization_5914,Business,Ahmedabad,Uttar Pradesh,91,Active
O05915,Organization_5915,Business,Nagpur,Delhi,71,Inactive
O05916,Organization_5916,Business,Mumbai,Rajasthan,4,Active
O05917,Organization_5917,Business,Vadodara,Madhya Pradesh,75,Inactive
O05918,Organization_5918,Criminal_Group,Surat,Telangana,25,Active
O05919,Organization_5919,Criminal_Group,Mumbai,Rajasthan,35,Active
O05920,Organization_5920,Business,Rajkot,Gujarat,78,Active
O05921,Organization_5921,Business,Delhi,Gujarat,22,Active
O05922,Organization_5922,Criminal_Group,Surat,Tamil Nadu,72,Active
O05923,Organization_5923,Criminal_Group,Kolkata,Rajasthan,80,Active
O05924,Organization_5924,Company,Chennai,Karnataka,52,Active
O05925,Organization_5925,Company,Ahmedabad,Maharashtra,72,Active
O05926,Organization_5926,Association,Surat,Gujarat,7,Active
O05927,Organization_5927,Company,Vadodara,Tamil Nadu,29,Under_Investigation
O05928,Organization_5928,Criminal_Group,Nagpur,West Bengal,89,Active
O05929,Organization_5929,Company,Nagpur,Telangana,59,Under_Investigation
O05930,Organization_5930,Criminal_Group,Pune,Karnataka,21,Active
O05931,Organization_5931,Criminal_Group,Lucknow,Tamil Nadu,10,Under_Investigation
O05932,Organization_5932,Criminal_Group,Hyderabad,Tamil Nadu,75,Active
O05933,Organization_5933,Criminal_Group,Bhopal,Tamil Nadu,90,Active
O05934,Organization_5934,NGO,Bhopal,Karnataka,78,Under_Investigation
O05935,Organization_5935,Criminal_Group,Jaipur,Tamil Nadu,96,Under_Investigation
O05936,Organization_5936,Company,Mumbai,Telangana,79,Active
O05937,Organization_5937,Business,Bengaluru,West Bengal,30,Active
O05938,Organization_5938,Association,Bhopal,Gujarat,38,Active
O05939,Organization_5939,Company,Vadodara,Madhya Pradesh,45,Active
O05940,Organization_5940,Criminal_Group,Hyderabad,Gujarat,6,Active
O05941,Organization_5941,Business,Surat,Karnataka,38,Under_Investigation
O05942,Organization_5942,Company,Rajkot,Delhi,44,Inactive
O05943,Organization_5943,Criminal_Group,Bengaluru,Telangana,62,Under_Investigation
O05944,Organization_5944,Criminal_Group,Vadodara,Maharashtra,49,Active
O05945,Organization_5945,Company,Lucknow,Maharashtra,6,Inactive
O05946,Organization_5946,NGO,Vadodara,Gujarat,86,Inactive
O05947,Organization_5947,NGO,Pune,West Bengal,69,Under_Investigation
O05948,Organization_5948,Criminal_Group,Bhopal,Uttar Pradesh,23,Under_Investigation
O05949,Organization_5949,Company,Mumbai,Karnataka,15,Active
O05950,Organization_5950,Company,Jaipur,Delhi,14,Active
O05951,Organization_5951,Criminal_Group,Pune,Gujarat,93,Active
O05952,Organization_5952,Criminal_Group,Surat,Madhya Pradesh,62,Inactive
O05953,Organization_5953,Association,Bengaluru,Delhi,73,Active
O05954,Organization_5954,Business,Ahmedabad,Tamil Nadu,48,Under_Investigation
O05955,Organization_5955,NGO,Kolkata,Tamil Nadu,80,Under_Investigation
O05956,Organization_5956,Business,Vadodara,Maharashtra,23,Active
O05957,Organization_5957,NGO,Nagpur,Uttar Pradesh,6,Active
O05958,Organization_5958,Association,Jaipur,Karnataka,80,Inactive
O05959,Organization_5959,NGO,Lucknow,West Bengal,64,Active
O05960,Organization_5960,NGO,Pune,Gujarat,76,Under_Investigation
O05961,Organization_5961,Company,Bengaluru,Uttar Pradesh,71,Active
O05962,Organization_5962,Business,Delhi,Telangana,31,Active
O05963,Organization_5963,NGO,Mumbai,Uttar Pradesh,6,Inactive
O05964,Organization_5964,Company,Kolkata,Uttar Pradesh,41,Active
O05965,Organization_5965,Association,Indore,Tamil Nadu,77,Active
O05966,Organization_5966,Association,Chennai,Uttar Pradesh,34,Active
O05967,Organization_5967,Business,Nagpur,Tamil Nadu,13,Inactive
O05968,Organization_5968,Business,Chennai,Maharashtra,58,Inactive
O05969,Organization_5969,Company,Jaipur,Tamil Nadu,77,Active
O05970,Organization_5970,Company,Vadodara,Gujarat,19,Active
O05971,Organization_5971,Association,Indore,Rajasthan,7,Active
O05972,Organization_5972,Company,Nagpur,West Bengal,39,Under_Investigation
O05973,Organization_5973,Company,Lucknow,Telangana,3,Active
O05974,Organization_5974,Criminal_Group,Jaipur,Gujarat,54,Inactive
O05975,Organization_5975,Business,Pune,Rajasthan,96,Active
O05976,Organization_5976,Business,Mumbai,Uttar Pradesh,70,Under_Investigation
O05977,Organization_5977,Criminal_Group,Indore,Rajasthan,90,Under_Investigation
O05978,Organization_5978,Business,Nagpur,Maharashtra,74,Under_Investigation
O05979,Organization_5979,NGO,Bengaluru,Madhya Pradesh,17,Active
O05980,Organization_5980,NGO,Rajkot,West Bengal,7,Under_Investigation
O05981,Organization_5981,Association,Mumbai,Maharashtra,87,Active
O05982,Organization_5982,NGO,Bhopal,Telangana,11,Active
O05983,Organization_5983,Criminal_Group,Kolkata,Gujarat,78,Active
O05984,Organization_5984,NGO,Pune,Tamil Nadu,27,Active
O05985,Organization_5985,Company,Hyderabad,Rajasthan,20,Active
O05986,Organization_5986,Company,Hyderabad,Telangana,42,Active
O05987,Organization_5987,Business,Vadodara,Gujarat,27,Inactive
O05988,Organization_5988,NGO,Rajkot,West Bengal,59,Active
O05989,Organization_5989,Criminal_Group,Nagpur,West Bengal,41,Active
O05990,Organization_5990,Criminal_Group,Jaipur,West Bengal,51,Active
O05991,Organization_5991,Criminal_Group,Hyderabad,Delhi,73,Active
O05992,Organization_5992,NGO,Ahmedabad,Karnataka,90,Active
O05993,Organization_5993,Business,Jaipur,Madhya Pradesh,70,Under_Investigation
O05994,Organization_5994,Criminal_Group,Ahmedabad,Rajasthan,46,Active
O05995,Organization_5995,Association,Bhopal,Telangana,50,Active
O05996,Organization_5996,Company,Pune,Karnataka,86,Active
O05997,Organization_5997,Criminal_Group,Vadodara,Telangana,15,Under_Investigation
O05998,Organization_5998,Company,Mumbai,Telangana,85,Active
O05999,Organization_5999,Business,Nagpur,West Bengal,81,Active
O06000,Organization_6000,Criminal_Group,Rajkot,Uttar Pradesh,72,Active
O06001,Organization_6001,Company,Delhi,Maharashtra,12,Inactive
O06002,Organization_6002,Criminal_Group,Surat,Rajasthan,90,Under_Investigation
O06003,Organization_6003,Company,Chennai,Delhi,29,Active
O06004,Organization_6004,Company,Mumbai,Delhi,2,Active
O06005,Organization_6005,NGO,Vadodara,Delhi,52,Inactive
O06006,Organization_6006,NGO,Kolkata,Rajasthan,32,Active
O06007,Organization_6007,NGO,Bengaluru,Uttar Pradesh,77,Active
O06008,Organization_6008,Business,Rajkot,Maharashtra,67,Active
O06009,Organization_6009,NGO,Surat,Telangana,26,Active
O06010,Organization_6010,Company,Indore,Gujarat,24,Inactive
O06011,Organization_6011,Company,Pune,West Bengal,20,Active
O06012,Organization_6012,Criminal_Group,Kolkata,Madhya Pradesh,25,Active
O06013,Organization_6013,Criminal_Group,Indore,Tamil Nadu,99,Active
O06014,Organization_6014,Criminal_Group,Rajkot,Madhya Pradesh,93,Under_Investigation
O06015,Organization_6015,NGO,Bengaluru,Tamil Nadu,91,Active
O06016,Organization_6016,Company,Mumbai,Maharashtra,29,Active
O06017,Organization_6017,Company,Kolkata,West Bengal,75,Active
O06018,Organization_6018,Association,Bhopal,Telangana,100,Under_Investigation
O06019,Organization_6019,NGO,Kolkata,Delhi,86,Under_Investigation
O06020,Organization_6020,Criminal_Group,Vadodara,Uttar Pradesh,57,Active
O06021,Organization_6021,NGO,Delhi,West Bengal,82,Active
O06022,Organization_6022,Business,Ahmedabad,West Bengal,51,Active
O06023,Organization_6023,Company,Indore,Telangana,55,Active
O06024,Organization_6024,Company,Kolkata,Telangana,69,Active
O06025,Organization_6025,Criminal_Group,Indore,Karnataka,93,Inactive
O06026,Organization_6026,Criminal_Group,Hyderabad,West Bengal,91,Inactive
O06027,Organization_6027,Business,Nagpur,Gujarat,94,Active
O06028,Organization_6028,Association,Bhopal,Madhya Pradesh,10,Active
O06029,Organization_6029,Criminal_Group,Surat,Tamil Nadu,71,Active
O06030,Organization_6030,Criminal_Group,Lucknow,Telangana,19,Under_Investigation
O06031,Organization_6031,Company,Jaipur,Madhya Pradesh,40,Active
O06032,Organization_6032,Business,Mumbai,Uttar Pradesh,39,Inactive
O06033,Organization_6033,Criminal_Group,Indore,Karnataka,41,Active
O06034,Organization_6034,Business,Chennai,Uttar Pradesh,49,Active
O06035,Organization_6035,Criminal_Group,Bengaluru,Rajasthan,96,Active
O06036,Organization_6036,Criminal_Group,Mumbai,Telangana,51,Active
O06037,Organization_6037,NGO,Indore,West Bengal,10,Inactive
O06038,Organization_6038,NGO,Kolkata,Maharashtra,41,Active
O06039,Organization_6039,Criminal_Group,Nagpur,Uttar Pradesh,75,Active
O06040,Organization_6040,Company,Rajkot,Gujarat,79,Active
O06041,Organization_6041,Criminal_Group,Mumbai,Karnataka,37,Under_Investigation
O06042,Organization_6042,Business,Mumbai,Delhi,86,Active
O06043,Organization_6043,Company,Delhi,Karnataka,25,Active
O06044,Organization_6044,Business,Bengaluru,Madhya Pradesh,11,Active
O06045,Organization_6045,Association,Jaipur,Rajasthan,76,Active
O06046,Organization_6046,Business,Nagpur,Maharashtra,88,Inactive
O06047,Organization_6047,Criminal_Group,Ahmedabad,Gujarat,22,Active
O06048,Organization_6048,Company,Indore,Uttar Pradesh,93,Under_Investigation
O06049,Organization_6049,Business,Indore,Tamil Nadu,6,Active
O06050,Organization_6050,NGO,Kolkata,West Bengal,5,Active
O06051,Organization_6051,Company,Jaipur,Uttar Pradesh,18,Under_Investigation
O06052,Organization_6052,Company,Nagpur,Karnataka,27,Active
O06053,Organization_6053,Association,Delhi,Rajasthan,17,Active
O06054,Organization_6054,Business,Mumbai,Gujarat,50,Active
O06055,Organization_6055,Criminal_Group,Jaipur,West Bengal,45,Active
O06056,Organization_6056,NGO,Jaipur,Maharashtra,76,Active
O06057,Organization_6057,Criminal_Group,Indore,Rajasthan,94,Active
O06058,Organization_6058,Criminal_Group,Hyderabad,Madhya Pradesh,30,Active
O06059,Organization_6059,Company,Mumbai,Maharashtra,49,Under_Investigation
O06060,Organization_6060,Association,Bengaluru,Delhi,49,Active
O06061,Organization_6061,Company,Mumbai,Gujarat,75,Inactive
O06062,Organization_6062,Business,Pune,Uttar Pradesh,45,Inactive
O06063,Organization_6063,Criminal_Group,Vadodara,Maharashtra,95,Active
O06064,Organization_6064,Business,Surat,Maharashtra,13,Active
O06065,Organization_6065,Company,Surat,Tamil Nadu,92,Active
O06066,Organization_6066,NGO,Surat,Delhi,24,Active
O06067,Organization_6067,Association,Surat,Telangana,23,Under_Investigation
O06068,Organization_6068,NGO,Indore,Gujarat,38,Under_Investigation
O06069,Organization_6069,Association,Kolkata,Telangana,57,Active
O06070,Organization_6070,Criminal_Group,Ahmedabad,Telangana,22,Active
O06071,Organization_6071,Criminal_Group,Lucknow,Madhya Pradesh,34,Active
O06072,Organization_6072,Business,Ahmedabad,West Bengal,18,Active
O06073,Organization_6073,Criminal_Group,Pune,Telangana,15,Inactive
O06074,Organization_6074,Company,Pune,Tamil Nadu,63,Active
O06075,Organization_6075,Business,Ahmedabad,Maharashtra,63,Active
O06076,Organization_6076,Business,Bengaluru,Tamil Nadu,4,Active
O06077,Organization_6077,Company,Bhopal,Gujarat,54,Active
O06078,Organization_6078,Business,Rajkot,Karnataka,64,Active
O06079,Organization_6079,Criminal_Group,Rajkot,Tamil Nadu,16,Under_Investigation
O06080,Organization_6080,Association,Ahmedabad,Karnataka,24,Under_Investigation
O06081,Organization_6081,Business,Surat,Maharashtra,11,Under_Investigation
O06082,Organization_6082,Association,Bengaluru,Maharashtra,100,Active
O06083,Organization_6083,Company,Jaipur,Delhi,95,Active
O06084,Organization_6084,Business,Lucknow,Tamil Nadu,84,Active
O06085,Organization_6085,Company,Ahmedabad,Madhya Pradesh,70,Active
O06086,Organization_6086,Business,Hyderabad,Karnataka,81,Active
O06087,Organization_6087,Business,Kolkata,Maharashtra,46,Active
O06088,Organization_6088,Business,Delhi,Gujarat,45,Active
O06089,Organization_6089,NGO,Kolkata,West Bengal,23,Inactive
O06090,Organization_6090,Company,Rajkot,Gujarat,62,Under_Investigation
O06091,Organization_6091,Company,Bengaluru,Gujarat,78,Active
O06092,Organization_6092,Criminal_Group,Indore,Maharashtra,14,Under_Investigation
O06093,Organization_6093,Business,Jaipur,Madhya Pradesh,52,Active
O06094,Organization_6094,Criminal_Group,Indore,Madhya Pradesh,50,Active
O06095,Organization_6095,Company,Chennai,Delhi,68,Active
O06096,Organization_6096,NGO,Kolkata,Madhya Pradesh,54,Inactive
O06097,Organization_6097,Criminal_Group,Vadodara,Karnataka,30,Active
O06098,Organization_6098,Company,Ahmedabad,West Bengal,35,Inactive
O06099,Organization_6099,Business,Jaipur,Tamil Nadu,13,Active
O06100,Organization_6100,Business,Kolkata,Rajasthan,48,Active
O06101,Organization_6101,NGO,Bengaluru,Rajasthan,19,Active
O06102,Organization_6102,Criminal_Group,Bhopal,Madhya Pradesh,45,Active
O06103,Organization_6103,Criminal_Group,Vadodara,Tamil Nadu,1,Under_Investigation
O06104,Organization_6104,Association,Bengaluru,Delhi,32,Active
O06105,Organization_6105,Criminal_Group,Chennai,Rajasthan,88,Active
O06106,Organization_6106,Company,Lucknow,Telangana,66,Active
O06107,Organization_6107,Association,Kolkata,Telangana,59,Under_Investigation
O06108,Organization_6108,NGO,Bengaluru,Karnataka,71,Active
O06109,Organization_6109,Association,Nagpur,Telangana,83,Active
O06110,Organization_6110,Business,Pune,Madhya Pradesh,83,Active
O06111,Organization_6111,Company,Delhi,Tamil Nadu,88,Active
O06112,Organization_6112,Association,Hyderabad,West Bengal,84,Active
O06113,Organization_6113,Business,Lucknow,Karnataka,97,Active
O06114,Organization_6114,Association,Surat,Telangana,91,Inactive
O06115,Organization_6115,Company,Lucknow,Gujarat,70,Under_Investigation
O06116,Organization_6116,Criminal_Group,Chennai,Tamil Nadu,24,Active
O06117,Organization_6117,Company,Lucknow,Karnataka,95,Active
O06118,Organization_6118,Criminal_Group,Mumbai,Delhi,84,Inactive
O06119,Organization_6119,Criminal_Group,Nagpur,Rajasthan,59,Inactive
O06120,Organization_6120,Company,Hyderabad,Maharashtra,31,Inactive
O06121,Organization_6121,Company,Delhi,Madhya Pradesh,9,Active
O06122,Organization_6122,Company,Surat,Maharashtra,13,Under_Investigation
O06123,Organization_6123,Criminal_Group,Delhi,Delhi,91,Active
O06124,Organization_6124,Company,Pune,Maharashtra,52,Active
O06125,Organization_6125,Company,Kolkata,Uttar Pradesh,13,Inactive
O06126,Organization_6126,Company,Nagpur,Delhi,53,Active
O06127,Organization_6127,Business,Rajkot,Telangana,21,Active
O06128,Organization_6128,Company,Indore,Rajasthan,11,Active
O06129,Organization_6129,Business,Indore,Maharashtra,8,Under_Investigation
O06130,Organization_6130,Company,Mumbai,Tamil Nadu,25,Active
O06131,Organization_6131,Company,Bhopal,Maharashtra,4,Active
O06132,Organization_6132,Business,Lucknow,Delhi,97,Inactive
O06133,Organization_6133,NGO,Kolkata,Telangana,46,Active
O06134,Organization_6134,Business,Rajkot,Telangana,22,Active
O06135,Organization_6135,Business,Delhi,West Bengal,45,Active
O06136,Organization_6136,Criminal_Group,Indore,Delhi,100,Active
O06137,Organization_6137,Company,Mumbai,Delhi,9,Active
O06138,Organization_6138,NGO,Kolkata,Gujarat,31,Under_Investigation
O06139,Organization_6139,Association,Mumbai,Karnataka,45,Active
O06140,Organization_6140,Company,Vadodara,Karnataka,89,Under_Investigation
O06141,Organization_6141,Criminal_Group,Lucknow,Karnataka,76,Inactive
O06142,Organization_6142,Business,Chennai,Telangana,8,Active
O06143,Organization_6143,Company,Pune,Madhya Pradesh,52,Active
O06144,Organization_6144,NGO,Surat,Telangana,72,Inactive
O06145,Organization_6145,Company,Ahmedabad,Rajasthan,28,Active
O06146,Organization_6146,Business,Kolkata,Telangana,90,Active
O06147,Organization_6147,Criminal_Group,Kolkata,West Bengal,2,Active
O06148,Organization_6148,Business,Pune,Rajasthan,10,Inactive
O06149,Organization_6149,Company,Mumbai,Telangana,39,Active
O06150,Organization_6150,Business,Bengaluru,Rajasthan,45,Inactive
O06151,Organization_6151,Company,Pune,Karnataka,92,Active
O06152,Organization_6152,Business,Bengaluru,Maharashtra,34,Active
O06153,Organization_6153,Criminal_Group,Indore,Madhya Pradesh,30,Active
O06154,Organization_6154,Criminal_Group,Delhi,Telangana,51,Inactive
O06155,Organization_6155,Business,Lucknow,Madhya Pradesh,83,Under_Investigation
O06156,Organization_6156,Criminal_Group,Bhopal,Rajasthan,83,Active
O06157,Organization_6157,Company,Vadodara,Gujarat,96,Active
O06158,Organization_6158,Business,Pune,Karnataka,61,Under_Investigation
O06159,Organization_6159,Association,Hyderabad,West Bengal,85,Active
O06160,Organization_6160,Business,Nagpur,Karnataka,48,Inactive
O06161,Organization_6161,Criminal_Group,Delhi,Gujarat,37,Under_Investigation
O06162,Organization_6162,Company,Surat,Delhi,38,Under_Investigation
O06163,Organization_6163,Company,Surat,West Bengal,31,Active
O06164,Organization_6164,Association,Bhopal,Karnataka,56,Inactive
O06165,Organization_6165,Association,Surat,Maharashtra,82,Active
O06166,Organization_6166,Company,Bhopal,Uttar Pradesh,59,Active
O06167,Organization_6167,Company,Chennai,Gujarat,47,Active
O06168,Organization_6168,NGO,Delhi,Madhya Pradesh,57,Active
O06169,Organization_6169,Association,Ahmedabad,Delhi,41,Active
O06170,Organization_6170,Business,Nagpur,Madhya Pradesh,30,Inactive
O06171,Organization_6171,NGO,Jaipur,Uttar Pradesh,28,Active
O06172,Organization_6172,Business,Vadodara,Madhya Pradesh,13,Active
O06173,Organization_6173,Criminal_Group,Kolkata,Madhya Pradesh,88,Inactive
O06174,Organization_6174,NGO,Nagpur,West Bengal,96,Under_Investigation
O06175,Organization_6175,Criminal_Group,Bhopal,Tamil Nadu,58,Under_Investigation
O06176,Organization_6176,Company,Indore,Gujarat,25,Inactive
O06177,Organization_6177,Company,Delhi,Uttar Pradesh,41,Active
O06178,Organization_6178,Business,Nagpur,West Bengal,46,Under_Investigation
O06179,Organization_6179,Business,Bengaluru,Maharashtra,83,Under_Investigation
O06180,Organization_6180,Company,Surat,Madhya Pradesh,66,Under_Investigation
O06181,Organization_6181,Company,Delhi,Karnataka,45,Active
O06182,Organization_6182,Association,Bengaluru,Uttar Pradesh,64,Active
O06183,Organization_6183,Criminal_Group,Hyderabad,Rajasthan,84,Active
O06184,Organization_6184,Criminal_Group,Nagpur,Delhi,3,Active
O06185,Organization_6185,Company,Nagpur,Gujarat,86,Active
O06186,Organization_6186,Business,Ahmedabad,West Bengal,7,Active
O06187,Organization_6187,Criminal_Group,Delhi,Rajasthan,98,Active
O06188,Organization_6188,Company,Nagpur,Tamil Nadu,80,Inactive
O06189,Organization_6189,Company,Hyderabad,Delhi,70,Active
O06190,Organization_6190,Company,Kolkata,Delhi,20,Active
O06191,Organization_6191,Criminal_Group,Pune,Maharashtra,8,Active
O06192,Organization_6192,Company,Bhopal,West Bengal,5,Active
O06193,Organization_6193,Criminal_Group,Surat,Karnataka,65,Active
O06194,Organization_6194,Criminal_Group,Kolkata,Madhya Pradesh,79,Under_Investigation
O06195,Organization_6195,Company,Jaipur,West Bengal,41,Under_Investigation
O06196,Organization_6196,Criminal_Group,Delhi,Karnataka,99,Active
O06197,Organization_6197,NGO,Rajkot,Tamil Nadu,91,Under_Investigation
O06198,Organization_6198,Company,Bengaluru,West Bengal,34,Active
O06199,Organization_6199,NGO,Ahmedabad,Gujarat,74,Active
O06200,Organization_6200,Criminal_Group,Kolkata,Tamil Nadu,99,Active
O06201,Organization_6201,Criminal_Group,Hyderabad,Uttar Pradesh,77,Active
O06202,Organization_6202,NGO,Rajkot,Tamil Nadu,69,Active
O06203,Organization_6203,Criminal_Group,Kolkata,Delhi,99,Active
O06204,Organization_6204,Company,Ahmedabad,Delhi,91,Inactive
O06205,Organization_6205,Business,Hyderabad,Karnataka,25,Active
O06206,Organization_6206,Business,Lucknow,Madhya Pradesh,74,Active
O06207,Organization_6207,Company,Hyderabad,Telangana,36,Inactive
O06208,Organization_6208,NGO,Indore,Uttar Pradesh,49,Inactive
O06209,Organization_6209,Company,Surat,Tamil Nadu,49,Active
O06210,Organization_6210,Company,Vadodara,Karnataka,50,Active
O06211,Organization_6211,Company,Rajkot,West Bengal,62,Active
O06212,Organization_6212,Business,Bengaluru,Delhi,47,Under_Investigation
O06213,Organization_6213,Company,Nagpur,Delhi,8,Active
O06214,Organization_6214,Association,Chennai,Tamil Nadu,46,Active
O06215,Organization_6215,Company,Pune,Tamil Nadu,77,Inactive
O06216,Organization_6216,NGO,Chennai,Uttar Pradesh,48,Inactive
O06217,Organization_6217,Association,Jaipur,Madhya Pradesh,27,Active
O06218,Organization_6218,NGO,Bhopal,Delhi,44,Inactive
O06219,Organization_6219,Criminal_Group,Jaipur,Delhi,94,Active
O06220,Organization_6220,Criminal_Group,Ahmedabad,Rajasthan,6,Inactive
O06221,Organization_6221,Company,Bhopal,Madhya Pradesh,35,Active
O06222,Organization_6222,Association,Mumbai,Maharashtra,79,Active
O06223,Organization_6223,Company,Surat,Delhi,9,Active
O06224,Organization_6224,NGO,Pune,Delhi,52,Active
O06225,Organization_6225,Business,Pune,Delhi,18,Active
O06226,Organization_6226,Criminal_Group,Indore,Uttar Pradesh,62,Active
O06227,Organization_6227,Association,Surat,Telangana,19,Active
O06228,Organization_6228,Company,Ahmedabad,Delhi,35,Active
O06229,Organization_6229,Company,Jaipur,Gujarat,75,Active
O06230,Organization_6230,Criminal_Group,Indore,Maharashtra,86,Active
O06231,Organization_6231,Company,Rajkot,Karnataka,34,Inactive
O06232,Organization_6232,Company,Mumbai,Rajasthan,6,Active
O06233,Organization_6233,Business,Bengaluru,Madhya Pradesh,23,Active
O06234,Organization_6234,Association,Surat,Madhya Pradesh,76,Active
O06235,Organization_6235,NGO,Kolkata,West Bengal,33,Under_Investigation
O06236,Organization_6236,NGO,Lucknow,Rajasthan,92,Active
O06237,Organization_6237,Criminal_Group,Hyderabad,West Bengal,8,Active
O06238,Organization_6238,Criminal_Group,Chennai,Delhi,29,Active
O06239,Organization_6239,Criminal_Group,Indore,Telangana,23,Active
O06240,Organization_6240,Company,Hyderabad,Uttar Pradesh,90,Active
O06241,Organization_6241,Company,Mumbai,Maharashtra,40,Active
O06242,Organization_6242,Company,Rajkot,Telangana,85,Active
O06243,Organization_6243,Company,Delhi,Karnataka,68,Active
O06244,Organization_6244,NGO,Lucknow,Uttar Pradesh,89,Active
O06245,Organization_6245,Company,Bengaluru,Madhya Pradesh,46,Under_Investigation
O06246,Organization_6246,Business,Hyderabad,Tamil Nadu,89,Active
O06247,Organization_6247,Association,Rajkot,Tamil Nadu,62,Active
O06248,Organization_6248,Criminal_Group,Ahmedabad,Tamil Nadu,67,Active
O06249,Organization_6249,Company,Nagpur,Madhya Pradesh,32,Active
O06250,Organization_6250,Company,Vadodara,Gujarat,48,Active
O06251,Organization_6251,Company,Bhopal,Telangana,79,Active
O06252,Organization_6252,Business,Hyderabad,Karnataka,10,Active
O06253,Organization_6253,Company,Ahmedabad,Rajasthan,46,Active
O06254,Organization_6254,Criminal_Group,Delhi,Rajasthan,46,Active
O06255,Organization_6255,Criminal_Group,Kolkata,West Bengal,52,Active
O06256,Organization_6256,Company,Mumbai,West Bengal,48,Active
O06257,Organization_6257,Business,Kolkata,Tamil Nadu,78,Under_Investigation
O06258,Organization_6258,Association,Hyderabad,Uttar Pradesh,6,Active
O06259,Organization_6259,Company,Ahmedabad,Uttar Pradesh,2,Under_Investigation
O06260,Organization_6260,Criminal_Group,Indore,Maharashtra,23,Active
O06261,Organization_6261,Criminal_Group,Kolkata,Telangana,36,Active
O06262,Organization_6262,NGO,Jaipur,Uttar Pradesh,76,Active
O06263,Organization_6263,Association,Nagpur,Uttar Pradesh,93,Inactive
O06264,Organization_6264,Business,Delhi,Delhi,62,Inactive
O06265,Organization_6265,Association,Indore,Tamil Nadu,10,Active
O06266,Organization_6266,NGO,Delhi,Madhya Pradesh,45,Active
O06267,Organization_6267,Association,Lucknow,Rajasthan,74,Active
O06268,Organization_6268,Company,Vadodara,West Bengal,88,Inactive
O06269,Organization_6269,Company,Hyderabad,Maharashtra,73,Active
O06270,Organization_6270,Company,Mumbai,Gujarat,80,Active
O06271,Organization_6271,Company,Rajkot,Uttar Pradesh,95,Active
O06272,Organization_6272,Business,Indore,Madhya Pradesh,21,Active
O06273,Organization_6273,Association,Lucknow,Maharashtra,60,Active
O06274,Organization_6274,Criminal_Group,Kolkata,Delhi,28,Active
O06275,Organization_6275,Company,Hyderabad,Tamil Nadu,57,Active
O06276,Organization_6276,NGO,Rajkot,Uttar Pradesh,41,Active
O06277,Organization_6277,Company,Mumbai,Madhya Pradesh,15,Under_Investigation
O06278,Organization_6278,Criminal_Group,Mumbai,Rajasthan,25,Active
O06279,Organization_6279,Company,Chennai,Tamil Nadu,64,Active
O06280,Organization_6280,Business,Lucknow,Maharashtra,6,Active
O06281,Organization_6281,Company,Delhi,Uttar Pradesh,44,Active
O06282,Organization_6282,Company,Pune,Madhya Pradesh,62,Inactive
O06283,Organization_6283,NGO,Ahmedabad,West Bengal,2,Active
O06284,Organization_6284,Company,Delhi,Gujarat,58,Active
O06285,Organization_6285,Criminal_Group,Bhopal,Karnataka,66,Inactive
O06286,Organization_6286,Business,Mumbai,Madhya Pradesh,89,Under_Investigation
O06287,Organization_6287,Business,Jaipur,Telangana,23,Inactive
O06288,Organization_6288,Business,Kolkata,Karnataka,49,Inactive
O06289,Organization_6289,Company,Chennai,Tamil Nadu,41,Active
O06290,Organization_6290,Criminal_Group,Vadodara,Delhi,41,Active
O06291,Organization_6291,NGO,Hyderabad,Maharashtra,55,Active
O06292,Organization_6292,Criminal_Group,Pune,Telangana,6,Inactive
O06293,Organization_6293,Criminal_Group,Mumbai,Gujarat,73,Active
O06294,Organization_6294,Association,Surat,Telangana,48,Under_Investigation
O06295,Organization_6295,Company,Bengaluru,West Bengal,46,Active
O06296,Organization_6296,Company,Jaipur,Maharashtra,15,Active
O06297,Organization_6297,Business,Lucknow,West Bengal,12,Under_Investigation
O06298,Organization_6298,Company,Jaipur,Uttar Pradesh,37,Active
O06299,Organization_6299,Business,Mumbai,Delhi,4,Inactive
O06300,Organization_6300,Company,Rajkot,Delhi,37,Inactive
O06301,Organization_6301,Criminal_Group,Vadodara,Madhya Pradesh,4,Active
O06302,Organization_6302,Association,Hyderabad,Uttar Pradesh,52,Active
O06303,Organization_6303,Company,Indore,Tamil Nadu,22,Active
O06304,Organization_6304,Business,Bhopal,Tamil Nadu,44,Active
O06305,Organization_6305,Company,Pune,Rajasthan,6,Active
O06306,Organization_6306,Company,Hyderabad,Tamil Nadu,22,Under_Investigation
O06307,Organization_6307,Company,Rajkot,Karnataka,91,Active
O06308,Organization_6308,NGO,Jaipur,Telangana,84,Active
O06309,Organization_6309,Business,Ahmedabad,Maharashtra,40,Inactive
O06310,Organization_6310,Business,Bhopal,Tamil Nadu,31,Under_Investigation
O06311,Organization_6311,Business,Pune,Tamil Nadu,68,Inactive
O06312,Organization_6312,Criminal_Group,Pune,West Bengal,15,Active
O06313,Organization_6313,NGO,Bengaluru,Telangana,14,Active
O06314,Organization_6314,Criminal_Group,Mumbai,Delhi,8,Active
O06315,Organization_6315,NGO,Delhi,Telangana,25,Inactive
O06316,Organization_6316,Criminal_Group,Lucknow,Delhi,91,Active
O06317,Organization_6317,Criminal_Group,Indore,Gujarat,65,Under_Investigation
O06318,Organization_6318,Company,Hyderabad,Delhi,90,Active
O06319,Organization_6319,Criminal_Group,Jaipur,Rajasthan,49,Active
O06320,Organization_6320,Company,Lucknow,Gujarat,88,Inactive
O06321,Organization_6321,Company,Delhi,Gujarat,4,Active
O06322,Organization_6322,Association,Bhopal,Gujarat,32,Active
O06323,Organization_6323,NGO,Ahmedabad,Delhi,100,Active
O06324,Organization_6324,Company,Pune,Maharashtra,8,Active
O06325,Organization_6325,Company,Pune,Gujarat,48,Active
O06326,Organization_6326,NGO,Bhopal,Gujarat,65,Active
O06327,Organization_6327,Business,Ahmedabad,Karnataka,97,Active
O06328,Organization_6328,Company,Indore,Gujarat,19,Inactive
O06329,Organization_6329,Association,Kolkata,Tamil Nadu,68,Active
O06330,Organization_6330,Criminal_Group,Bengaluru,Madhya Pradesh,93,Inactive
O06331,Organization_6331,Company,Mumbai,Rajasthan,85,Active
O06332,Organization_6332,Association,Lucknow,Gujarat,69,Active
O06333,Organization_6333,Company,Kolkata,Rajasthan,9,Active
O06334,Organization_6334,Company,Pune,West Bengal,60,Under_Investigation
O06335,Organization_6335,Business,Vadodara,West Bengal,23,Active
O06336,Organization_6336,NGO,Pune,Tamil Nadu,71,Under_Investigation
O06337,Organization_6337,Business,Nagpur,Gujarat,70,Active
O06338,Organization_6338,Business,Vadodara,Delhi,87,Active
O06339,Organization_6339,Business,Bengaluru,Tamil Nadu,39,Active
O06340,Organization_6340,Business,Indore,Gujarat,39,Inactive
O06341,Organization_6341,Business,Vadodara,Rajasthan,36,Active
O06342,Organization_6342,Company,Pune,Telangana,18,Active
O06343,Organization_6343,Company,Surat,Madhya Pradesh,47,Active
O06344,Organization_6344,Association,Ahmedabad,West Bengal,88,Active
O06345,Organization_6345,NGO,Delhi,Delhi,99,Under_Investigation
O06346,Organization_6346,NGO,Chennai,Gujarat,63,Active
O06347,Organization_6347,Company,Chennai,Karnataka,79,Active
O06348,Organization_6348,Business,Rajkot,Maharashtra,36,Under_Investigation
O06349,Organization_6349,Business,Surat,Maharashtra,76,Active
O06350,Organization_6350,Company,Delhi,Uttar Pradesh,20,Active
O06351,Organization_6351,NGO,Hyderabad,West Bengal,84,Inactive
O06352,Organization_6352,NGO,Chennai,Gujarat,93,Active
O06353,Organization_6353,Business,Indore,Uttar Pradesh,13,Active
O06354,Organization_6354,Association,Indore,Uttar Pradesh,26,Active
O06355,Organization_6355,Company,Pune,West Bengal,9,Active
O06356,Organization_6356,Criminal_Group,Delhi,Tamil Nadu,40,Active
O06357,Organization_6357,Criminal_Group,Nagpur,Gujarat,92,Active
O06358,Organization_6358,NGO,Chennai,Tamil Nadu,48,Active
O06359,Organization_6359,Company,Bhopal,Madhya Pradesh,61,Inactive
O06360,Organization_6360,Criminal_Group,Delhi,Maharashtra,37,Active
O06361,Organization_6361,NGO,Kolkata,Telangana,51,Active
O06362,Organization_6362,Association,Mumbai,Uttar Pradesh,83,Inactive
O06363,Organization_6363,Company,Surat,Telangana,87,Inactive
O06364,Organization_6364,Business,Vadodara,Telangana,100,Active
O06365,Organization_6365,Criminal_Group,Vadodara,Maharashtra,78,Active
O06366,Organization_6366,Company,Surat,Telangana,50,Active
O06367,Organization_6367,Association,Pune,West Bengal,45,Active
O06368,Organization_6368,Criminal_Group,Ahmedabad,Tamil Nadu,43,Active
O06369,Organization_6369,Criminal_Group,Chennai,Delhi,31,Inactive
O06370,Organization_6370,Company,Mumbai,Telangana,84,Active
O06371,Organization_6371,Company,Rajkot,Tamil Nadu,93,Active
O06372,Organization_6372,Criminal_Group,Jaipur,Gujarat,97,Under_Investigation
O06373,Organization_6373,NGO,Ahmedabad,Rajasthan,44,Inactive
O06374,Organization_6374,Association,Chennai,Gujarat,29,Active
O06375,Organization_6375,Business,Indore,Rajasthan,17,Active
O06376,Organization_6376,Association,Bengaluru,Telangana,87,Active
O06377,Organization_6377,Company,Bhopal,Telangana,33,Active
O06378,Organization_6378,Business,Kolkata,Telangana,95,Active
O06379,Organization_6379,NGO,Chennai,Gujarat,45,Active
O06380,Organization_6380,Company,Surat,Tamil Nadu,77,Active
O06381,Organization_6381,Company,Ahmedabad,Uttar Pradesh,36,Active
O06382,Organization_6382,Business,Nagpur,Karnataka,8,Under_Investigation
O06383,Organization_6383,Business,Ahmedabad,Karnataka,21,Active
O06384,Organization_6384,Business,Nagpur,West Bengal,61,Active
O06385,Organization_6385,NGO,Delhi,Karnataka,23,Active
O06386,Organization_6386,Company,Kolkata,Gujarat,83,Active
O06387,Organization_6387,NGO,Rajkot,Tamil Nadu,33,Active
O06388,Organization_6388,Company,Delhi,Telangana,56,Active
O06389,Organization_6389,Association,Indore,Rajasthan,30,Active
O06390,Organization_6390,Company,Nagpur,Rajasthan,49,Active
O06391,Organization_6391,Criminal_Group,Surat,Uttar Pradesh,83,Active
O06392,Organization_6392,Criminal_Group,Lucknow,Uttar Pradesh,70,Active
O06393,Organization_6393,Association,Chennai,Maharashtra,8,Active
O06394,Organization_6394,Association,Pune,Tamil Nadu,80,Active
O06395,Organization_6395,Criminal_Group,Bengaluru,Uttar Pradesh,26,Active
O06396,Organization_6396,Company,Bhopal,Delhi,63,Active
O06397,Organization_6397,Criminal_Group,Rajkot,Karnataka,93,Inactive
O06398,Organization_6398,Business,Vadodara,Uttar Pradesh,20,Active
O06399,Organization_6399,Company,Lucknow,West Bengal,67,Active
O06400,Organization_6400,Business,Bengaluru,Gujarat,25,Active
O06401,Organization_6401,NGO,Hyderabad,Gujarat,73,Active
O06402,Organization_6402,Company,Hyderabad,Delhi,20,Active
O06403,Organization_6403,Company,Mumbai,Delhi,4,Active
O06404,Organization_6404,Criminal_Group,Chennai,Uttar Pradesh,8,Active
O06405,Organization_6405,Company,Jaipur,Maharashtra,94,Active
O06406,Organization_6406,Association,Pune,Maharashtra,83,Active
O06407,Organization_6407,Criminal_Group,Bengaluru,Gujarat,28,Inactive
O06408,Organization_6408,Association,Surat,West Bengal,21,Inactive
O06409,Organization_6409,Business,Indore,Telangana,30,Inactive
O06410,Organization_6410,Company,Chennai,Karnataka,18,Active
O06411,Organization_6411,Association,Nagpur,Uttar Pradesh,48,Active
O06412,Organization_6412,Association,Nagpur,Gujarat,29,Under_Investigation
O06413,Organization_6413,Association,Surat,Tamil Nadu,81,Under_Investigation
O06414,Organization_6414,Company,Delhi,West Bengal,38,Active
O06415,Organization_6415,NGO,Indore,Uttar Pradesh,54,Active
O06416,Organization_6416,NGO,Mumbai,Karnataka,63,Active
O06417,Organization_6417,Company,Nagpur,Rajasthan,100,Active
O06418,Organization_6418,Criminal_Group,Kolkata,West Bengal,35,Active
O06419,Organization_6419,Business,Pune,Maharashtra,69,Under_Investigation
O06420,Organization_6420,Criminal_Group,Bengaluru,Tamil Nadu,53,Under_Investigation
O06421,Organization_6421,Company,Delhi,Maharashtra,88,Inactive
O06422,Organization_6422,Business,Surat,West Bengal,83,Active
O06423,Organization_6423,Company,Jaipur,Madhya Pradesh,8,Active
O06424,Organization_6424,NGO,Vadodara,Rajasthan,83,Active
O06425,Organization_6425,Association,Nagpur,West Bengal,33,Inactive
O06426,Organization_6426,NGO,Indore,Delhi,7,Active
O06427,Organization_6427,Company,Lucknow,West Bengal,85,Active
O06428,Organization_6428,Company,Vadodara,Maharashtra,14,Inactive
O06429,Organization_6429,Criminal_Group,Kolkata,Tamil Nadu,16,Active
O06430,Organization_6430,Company,Pune,Tamil Nadu,7,Inactive
O06431,Organization_6431,Business,Pune,Gujarat,83,Inactive
O06432,Organization_6432,Company,Lucknow,Karnataka,85,Active
O06433,Organization_6433,NGO,Nagpur,West Bengal,30,Active
O06434,Organization_6434,Criminal_Group,Jaipur,Madhya Pradesh,31,Active
O06435,Organization_6435,Criminal_Group,Jaipur,Uttar Pradesh,59,Active
O06436,Organization_6436,Criminal_Group,Ahmedabad,Uttar Pradesh,95,Active
O06437,Organization_6437,Criminal_Group,Delhi,Uttar Pradesh,21,Under_Investigation
O06438,Organization_6438,Company,Nagpur,Uttar Pradesh,51,Active
O06439,Organization_6439,Company,Hyderabad,Karnataka,48,Active
O06440,Organization_6440,Association,Pune,Rajasthan,60,Inactive
O06441,Organization_6441,Criminal_Group,Chennai,West Bengal,78,Under_Investigation
O06442,Organization_6442,Business,Delhi,West Bengal,60,Active
O06443,Organization_6443,Criminal_Group,Lucknow,Rajasthan,87,Active
O06444,Organization_6444,Company,Mumbai,West Bengal,35,Under_Investigation
O06445,Organization_6445,Criminal_Group,Vadodara,Madhya Pradesh,100,Active
O06446,Organization_6446,NGO,Pune,Delhi,72,Active
O06447,Organization_6447,Criminal_Group,Ahmedabad,Rajasthan,45,Active
O06448,Organization_6448,Company,Rajkot,Gujarat,45,Inactive
O06449,Organization_6449,Company,Indore,Telangana,10,Under_Investigation
O06450,Organization_6450,Company,Bhopal,Madhya Pradesh,100,Under_Investigation
O06451,Organization_6451,Criminal_Group,Rajkot,Tamil Nadu,12,Active
O06452,Organization_6452,Company,Hyderabad,West Bengal,7,Inactive
O06453,Organization_6453,Association,Mumbai,Delhi,63,Active
O06454,Organization_6454,Criminal_Group,Vadodara,Delhi,3,Active
O06455,Organization_6455,Criminal_Group,Bhopal,Uttar Pradesh,29,Active
O06456,Organization_6456,Association,Indore,West Bengal,22,Under_Investigation
O06457,Organization_6457,Association,Rajkot,West Bengal,36,Active
O06458,Organization_6458,Criminal_Group,Lucknow,Maharashtra,89,Inactive
O06459,Organization_6459,Criminal_Group,Chennai,Madhya Pradesh,16,Active
O06460,Organization_6460,Business,Chennai,Madhya Pradesh,47,Active
O06461,Organization_6461,Business,Bengaluru,West Bengal,84,Active
O06462,Organization_6462,Criminal_Group,Hyderabad,Tamil Nadu,78,Active
O06463,Organization_6463,NGO,Nagpur,Maharashtra,88,Active
O06464,Organization_6464,Company,Kolkata,Uttar Pradesh,14,Under_Investigation
O06465,Organization_6465,Company,Rajkot,Uttar Pradesh,74,Under_Investigation
O06466,Organization_6466,Company,Bengaluru,Rajasthan,95,Under_Investigation
O06467,Organization_6467,Association,Lucknow,Delhi,8,Inactive
O06468,Organization_6468,Company,Mumbai,Tamil Nadu,88,Active
O06469,Organization_6469,Criminal_Group,Rajkot,Delhi,25,Inactive
O06470,Organization_6470,NGO,Rajkot,Rajasthan,6,Inactive
O06471,Organization_6471,Company,Lucknow,Karnataka,50,Active
O06472,Organization_6472,Criminal_Group,Rajkot,Madhya Pradesh,78,Active
O06473,Organization_6473,NGO,Lucknow,Telangana,2,Under_Investigation
O06474,Organization_6474,NGO,Indore,Gujarat,99,Active
O06475,Organization_6475,Criminal_Group,Nagpur,Rajasthan,36,Active
O06476,Organization_6476,Company,Vadodara,Rajasthan,37,Active
O06477,Organization_6477,Business,Chennai,Rajasthan,65,Inactive
O06478,Organization_6478,Company,Bhopal,Madhya Pradesh,31,Active
O06479,Organization_6479,Company,Chennai,Uttar Pradesh,90,Active
O06480,Organization_6480,Company,Jaipur,Uttar Pradesh,93,Active
O06481,Organization_6481,Company,Jaipur,Madhya Pradesh,15,Active
O06482,Organization_6482,Criminal_Group,Nagpur,Maharashtra,57,Under_Investigation
O06483,Organization_6483,Business,Nagpur,Karnataka,86,Active
O06484,Organization_6484,Business,Delhi,Telangana,73,Active
O06485,Organization_6485,Business,Pune,Karnataka,62,Active
O06486,Organization_6486,Association,Rajkot,West Bengal,44,Active
O06487,Organization_6487,NGO,Chennai,Madhya Pradesh,30,Active
O06488,Organization_6488,Company,Delhi,Delhi,77,Active
O06489,Organization_6489,Association,Mumbai,Maharashtra,71,Active
O06490,Organization_6490,Company,Lucknow,Telangana,30,Active
O06491,Organization_6491,Business,Nagpur,West Bengal,32,Active
O06492,Organization_6492,Business,Nagpur,Tamil Nadu,74,Inactive
O06493,Organization_6493,NGO,Mumbai,West Bengal,39,Active
O06494,Organization_6494,Business,Delhi,Karnataka,47,Active
O06495,Organization_6495,Criminal_Group,Delhi,Maharashtra,71,Active
O06496,Organization_6496,Company,Bengaluru,Delhi,6,Inactive
O06497,Organization_6497,Company,Mumbai,Madhya Pradesh,5,Inactive
O06498,Organization_6498,Company,Lucknow,Uttar Pradesh,80,Active
O06499,Organization_6499,Company,Hyderabad,West Bengal,66,Active
O06500,Organization_6500,Company,Delhi,Maharashtra,66,Active
O06501,Organization_6501,Criminal_Group,Bengaluru,West Bengal,96,Active
O06502,Organization_6502,Company,Jaipur,Madhya Pradesh,60,Inactive
O06503,Organization_6503,Criminal_Group,Bhopal,Uttar Pradesh,76,Under_Investigation
O06504,Organization_6504,Association,Surat,Karnataka,46,Under_Investigation
O06505,Organization_6505,Company,Delhi,Telangana,16,Active
O06506,Organization_6506,Business,Delhi,Madhya Pradesh,24,Active
O06507,Organization_6507,NGO,Jaipur,Delhi,19,Active
O06508,Organization_6508,Company,Rajkot,Delhi,8,Inactive
O06509,Organization_6509,Association,Surat,Gujarat,54,Active
O06510,Organization_6510,Business,Nagpur,Madhya Pradesh,74,Active
O06511,Organization_6511,Criminal_Group,Chennai,Rajasthan,16,Active
O06512,Organization_6512,Company,Bhopal,Gujarat,83,Inactive
O06513,Organization_6513,Company,Mumbai,Gujarat,40,Active
O06514,Organization_6514,Company,Ahmedabad,Rajasthan,30,Active
O06515,Organization_6515,Criminal_Group,Delhi,Delhi,22,Active
O06516,Organization_6516,Company,Ahmedabad,Tamil Nadu,46,Active
O06517,Organization_6517,Company,Nagpur,Rajasthan,88,Active
O06518,Organization_6518,Business,Lucknow,Maharashtra,82,Active
O06519,Organization_6519,Criminal_Group,Chennai,Karnataka,25,Inactive
O06520,Organization_6520,Criminal_Group,Nagpur,Tamil Nadu,68,Under_Investigation
O06521,Organization_6521,Company,Chennai,Gujarat,10,Under_Investigation
O06522,Organization_6522,Criminal_Group,Vadodara,Gujarat,4,Under_Investigation
O06523,Organization_6523,NGO,Mumbai,Uttar Pradesh,55,Under_Investigation
O06524,Organization_6524,Company,Nagpur,Karnataka,73,Active
O06525,Organization_6525,Criminal_Group,Hyderabad,Telangana,55,Inactive
O06526,Organization_6526,Criminal_Group,Surat,Delhi,40,Inactive
O06527,Organization_6527,Company,Jaipur,Karnataka,80,Inactive
O06528,Organization_6528,NGO,Bengaluru,Gujarat,97,Active
O06529,Organization_6529,Company,Nagpur,Uttar Pradesh,53,Inactive
O06530,Organization_6530,Company,Mumbai,Delhi,78,Active
O06531,Organization_6531,Company,Kolkata,Madhya Pradesh,32,Active
O06532,Organization_6532,Business,Rajkot,Delhi,61,Active
O06533,Organization_6533,Business,Kolkata,West Bengal,80,Active
O06534,Organization_6534,Company,Surat,Rajasthan,15,Active
O06535,Organization_6535,NGO,Mumbai,Delhi,46,Active
O06536,Organization_6536,Criminal_Group,Bengaluru,Rajasthan,21,Inactive
O06537,Organization_6537,NGO,Rajkot,Karnataka,20,Active
O06538,Organization_6538,Criminal_Group,Vadodara,Rajasthan,69,Active
O06539,Organization_6539,Company,Lucknow,Gujarat,93,Under_Investigation
O06540,Organization_6540,Criminal_Group,Vadodara,Delhi,71,Active
O06541,Organization_6541,Company,Jaipur,Telangana,100,Inactive
O06542,Organization_6542,Company,Lucknow,Rajasthan,46,Active
O06543,Organization_6543,Criminal_Group,Jaipur,Uttar Pradesh,40,Active
O06544,Organization_6544,Business,Vadodara,Maharashtra,87,Active
O06545,Organization_6545,NGO,Ahmedabad,Karnataka,62,Active
O06546,Organization_6546,Business,Mumbai,West Bengal,55,Active
O06547,Organization_6547,Criminal_Group,Ahmedabad,Maharashtra,51,Inactive
O06548,Organization_6548,Company,Delhi,West Bengal,83,Active
O06549,Organization_6549,NGO,Delhi,Delhi,82,Active
O06550,Organization_6550,Business,Surat,Uttar Pradesh,62,Active
O06551,Organization_6551,Criminal_Group,Kolkata,Maharashtra,64,Under_Investigation
O06552,Organization_6552,Criminal_Group,Delhi,West Bengal,100,Active
O06553,Organization_6553,Association,Jaipur,West Bengal,30,Active
O06554,Organization_6554,Business,Lucknow,Gujarat,58,Under_Investigation
O06555,Organization_6555,Criminal_Group,Bhopal,Gujarat,31,Active
O06556,Organization_6556,NGO,Vadodara,Madhya Pradesh,86,Active
O06557,Organization_6557,Company,Mumbai,Karnataka,74,Active
O06558,Organization_6558,Company,Vadodara,Gujarat,21,Active
O06559,Organization_6559,Company,Indore,Uttar Pradesh,75,Under_Investigation
O06560,Organization_6560,Company,Delhi,West Bengal,87,Active
O06561,Organization_6561,NGO,Lucknow,Tamil Nadu,68,Active
O06562,Organization_6562,Business,Delhi,Delhi,52,Inactive
O06563,Organization_6563,Business,Jaipur,Karnataka,91,Active
O06564,Organization_6564,Business,Hyderabad,Telangana,54,Active
O06565,Organization_6565,Company,Delhi,Uttar Pradesh,29,Active
O06566,Organization_6566,Criminal_Group,Indore,West Bengal,84,Active
O06567,Organization_6567,Company,Bhopal,Gujarat,45,Active
O06568,Organization_6568,Business,Ahmedabad,Gujarat,71,Under_Investigation
O06569,Organization_6569,Criminal_Group,Vadodara,Uttar Pradesh,28,Inactive
O06570,Organization_6570,Company,Lucknow,Karnataka,8,Under_Investigation
O06571,Organization_6571,Company,Pune,Maharashtra,8,Active
O06572,Organization_6572,Business,Pune,Maharashtra,24,Under_Investigation
O06573,Organization_6573,NGO,Mumbai,Rajasthan,20,Active
O06574,Organization_6574,Company,Pune,Maharashtra,91,Active
O06575,Organization_6575,Business,Lucknow,Tamil Nadu,99,Active
O06576,Organization_6576,Company,Lucknow,Karnataka,59,Active
O06577,Organization_6577,Business,Ahmedabad,West Bengal,7,Active
O06578,Organization_6578,Company,Nagpur,West Bengal,90,Active
O06579,Organization_6579,Business,Bengaluru,Maharashtra,72,Active
O06580,Organization_6580,Company,Chennai,Karnataka,51,Under_Investigation
O06581,Organization_6581,Company,Rajkot,Delhi,19,Inactive
O06582,Organization_6582,NGO,Bhopal,West Bengal,86,Under_Investigation
O06583,Organization_6583,NGO,Indore,Telangana,47,Inactive
O06584,Organization_6584,Criminal_Group,Bhopal,Karnataka,28,Under_Investigation
O06585,Organization_6585,Business,Nagpur,Gujarat,18,Active
O06586,Organization_6586,Business,Bengaluru,Tamil Nadu,46,Active
O06587,Organization_6587,Criminal_Group,Mumbai,West Bengal,62,Active
O06588,Organization_6588,Business,Mumbai,Karnataka,98,Active
O06589,Organization_6589,NGO,Chennai,Madhya Pradesh,49,Active
O06590,Organization_6590,Business,Rajkot,Delhi,17,Active
O06591,Organization_6591,Association,Chennai,West Bengal,80,Under_Investigation
O06592,Organization_6592,Criminal_Group,Rajkot,Gujarat,93,Active
O06593,Organization_6593,Criminal_Group,Jaipur,Karnataka,76,Inactive
O06594,Organization_6594,Association,Lucknow,Karnataka,62,Inactive
O06595,Organization_6595,Company,Surat,Madhya Pradesh,2,Under_Investigation
O06596,Organization_6596,Criminal_Group,Rajkot,West Bengal,81,Under_Investigation
O06597,Organization_6597,Business,Pune,West Bengal,90,Active
O06598,Organization_6598,Company,Chennai,Madhya Pradesh,47,Active
O06599,Organization_6599,NGO,Hyderabad,Delhi,7,Active
O06600,Organization_6600,Business,Rajkot,Karnataka,51,Active
O06601,Organization_6601,NGO,Indore,Uttar Pradesh,55,Active
O06602,Organization_6602,NGO,Lucknow,Rajasthan,24,Under_Investigation
O06603,Organization_6603,Company,Kolkata,Gujarat,16,Active
O06604,Organization_6604,Company,Ahmedabad,Karnataka,86,Active
O06605,Organization_6605,Company,Chennai,Maharashtra,6,Active
O06606,Organization_6606,Business,Lucknow,Uttar Pradesh,63,Inactive
O06607,Organization_6607,Criminal_Group,Indore,Delhi,17,Active
O06608,Organization_6608,Association,Bengaluru,Delhi,60,Inactive
O06609,Organization_6609,NGO,Hyderabad,Maharashtra,93,Inactive
O06610,Organization_6610,Company,Chennai,Uttar Pradesh,47,Active
O06611,Organization_6611,Company,Mumbai,Rajasthan,96,Active
O06612,Organization_6612,Company,Mumbai,Tamil Nadu,1,Active
O06613,Organization_6613,Business,Bhopal,Tamil Nadu,33,Inactive
O06614,Organization_6614,Association,Pune,Madhya Pradesh,99,Active
O06615,Organization_6615,Company,Surat,Karnataka,68,Inactive
O06616,Organization_6616,Business,Vadodara,Telangana,47,Active
O06617,Organization_6617,Company,Pune,Delhi,30,Inactive
O06618,Organization_6618,Criminal_Group,Hyderabad,Rajasthan,35,Inactive
O06619,Organization_6619,Company,Nagpur,West Bengal,46,Active
O06620,Organization_6620,Business,Delhi,Rajasthan,23,Under_Investigation
O06621,Organization_6621,NGO,Hyderabad,Telangana,28,Active
O06622,Organization_6622,Business,Vadodara,Gujarat,9,Under_Investigation
O06623,Organization_6623,Association,Nagpur,Delhi,23,Active
O06624,Organization_6624,Criminal_Group,Bhopal,Uttar Pradesh,99,Active
O06625,Organization_6625,Company,Bhopal,West Bengal,2,Active
O06626,Organization_6626,Criminal_Group,Rajkot,Delhi,23,Active
O06627,Organization_6627,Association,Rajkot,Uttar Pradesh,85,Active
O06628,Organization_6628,Company,Delhi,Karnataka,56,Under_Investigation
O06629,Organization_6629,Criminal_Group,Ahmedabad,Gujarat,91,Under_Investigation
O06630,Organization_6630,Business,Surat,Delhi,84,Under_Investigation
O06631,Organization_6631,Business,Jaipur,Rajasthan,84,Active
O06632,Organization_6632,Company,Nagpur,Karnataka,55,Active
O06633,Organization_6633,Criminal_Group,Rajkot,Telangana,97,Under_Investigation
O06634,Organization_6634,Criminal_Group,Jaipur,Madhya Pradesh,27,Inactive
O06635,Organization_6635,Business,Chennai,Delhi,56,Active
O06636,Organization_6636,Company,Pune,Gujarat,23,Inactive
O06637,Organization_6637,NGO,Hyderabad,Gujarat,4,Active
O06638,Organization_6638,Company,Chennai,Telangana,84,Active
O06639,Organization_6639,Company,Indore,Telangana,39,Inactive
O06640,Organization_6640,Criminal_Group,Delhi,Rajasthan,48,Active
O06641,Organization_6641,Company,Pune,Telangana,69,Active
O06642,Organization_6642,Criminal_Group,Indore,West Bengal,18,Under_Investigation
O06643,Organization_6643,Criminal_Group,Pune,Gujarat,4,Inactive
O06644,Organization_6644,Company,Chennai,Maharashtra,62,Under_Investigation
O06645,Organization_6645,Association,Chennai,Rajasthan,26,Active
O06646,Organization_6646,NGO,Nagpur,Rajasthan,99,Inactive
O06647,Organization_6647,Company,Jaipur,Tamil Nadu,90,Active
O06648,Organization_6648,Company,Surat,Delhi,49,Under_Investigation
O06649,Organization_6649,Company,Lucknow,Gujarat,48,Active
O06650,Organization_6650,Company,Rajkot,Telangana,26,Active
O06651,Organization_6651,Criminal_Group,Nagpur,Tamil Nadu,6,Active
O06652,Organization_6652,Business,Bengaluru,Gujarat,13,Under_Investigation
O06653,Organization_6653,Business,Lucknow,Telangana,81,Active
O06654,Organization_6654,Association,Vadodara,West Bengal,53,Inactive
O06655,Organization_6655,Criminal_Group,Ahmedabad,Madhya Pradesh,2,Active
O06656,Organization_6656,Company,Mumbai,Karnataka,25,Inactive
O06657,Organization_6657,NGO,Delhi,Madhya Pradesh,28,Active
O06658,Organization_6658,Business,Indore,Maharashtra,16,Active
O06659,Organization_6659,Criminal_Group,Hyderabad,Madhya Pradesh,78,Inactive
O06660,Organization_6660,Business,Indore,Rajasthan,21,Inactive
O06661,Organization_6661,Association,Pune,Madhya Pradesh,92,Inactive
O06662,Organization_6662,Criminal_Group,Indore,Telangana,13,Active
O06663,Organization_6663,Criminal_Group,Surat,Gujarat,40,Active
O06664,Organization_6664,Criminal_Group,Nagpur,Gujarat,73,Under_Investigation
O06665,Organization_6665,Criminal_Group,Kolkata,Tamil Nadu,51,Active
O06666,Organization_6666,Business,Lucknow,Madhya Pradesh,47,Under_Investigation
O06667,Organization_6667,NGO,Mumbai,Rajasthan,97,Active
O06668,Organization_6668,NGO,Vadodara,Tamil Nadu,19,Inactive
O06669,Organization_6669,Criminal_Group,Mumbai,Madhya Pradesh,59,Active
O06670,Organization_6670,Criminal_Group,Rajkot,Maharashtra,93,Active
O06671,Organization_6671,Criminal_Group,Ahmedabad,Maharashtra,28,Active
O06672,Organization_6672,Association,Rajkot,Madhya Pradesh,90,Active
O06673,Organization_6673,Business,Jaipur,Delhi,5,Active
O06674,Organization_6674,Company,Vadodara,Karnataka,5,Under_Investigation
O06675,Organization_6675,Company,Chennai,Uttar Pradesh,81,Inactive
O06676,Organization_6676,Criminal_Group,Pune,Delhi,27,Under_Investigation
O06677,Organization_6677,NGO,Lucknow,Telangana,53,Active
O06678,Organization_6678,Company,Kolkata,West Bengal,36,Under_Investigation
O06679,Organization_6679,Company,Delhi,Uttar Pradesh,45,Inactive
O06680,Organization_6680,Company,Indore,Uttar Pradesh,47,Active
O06681,Organization_6681,NGO,Rajkot,Telangana,74,Active
O06682,Organization_6682,Criminal_Group,Surat,Rajasthan,87,Active
O06683,Organization_6683,Association,Kolkata,Tamil Nadu,5,Active
O06684,Organization_6684,Criminal_Group,Chennai,Madhya Pradesh,16,Active
O06685,Organization_6685,Criminal_Group,Mumbai,Telangana,27,Inactive
O06686,Organization_6686,Criminal_Group,Surat,Maharashtra,2,Active
O06687,Organization_6687,NGO,Nagpur,Telangana,55,Active
O06688,Organization_6688,NGO,Rajkot,West Bengal,15,Active
O06689,Organization_6689,Company,Indore,Uttar Pradesh,63,Active
O06690,Organization_6690,Criminal_Group,Jaipur,Uttar Pradesh,70,Active
O06691,Organization_6691,Business,Kolkata,Madhya Pradesh,26,Active
O06692,Organization_6692,NGO,Nagpur,Gujarat,65,Active
O06693,Organization_6693,Business,Ahmedabad,Tamil Nadu,53,Inactive
O06694,Organization_6694,NGO,Ahmedabad,Madhya Pradesh,99,Active
O06695,Organization_6695,Business,Jaipur,Rajasthan,88,Active
O06696,Organization_6696,Company,Bengaluru,West Bengal,72,Active
O06697,Organization_6697,Company,Vadodara,Madhya Pradesh,25,Under_Investigation
O06698,Organization_6698,Criminal_Group,Vadodara,Karnataka,25,Active
O06699,Organization_6699,Criminal_Group,Bhopal,Uttar Pradesh,10,Under_Investigation
O06700,Organization_6700,Company,Jaipur,Uttar Pradesh,99,Active
O06701,Organization_6701,NGO,Bhopal,Uttar Pradesh,16,Active
O06702,Organization_6702,Association,Lucknow,Tamil Nadu,99,Active
O06703,Organization_6703,Business,Lucknow,Madhya Pradesh,8,Active
O06704,Organization_6704,NGO,Lucknow,Karnataka,91,Inactive
O06705,Organization_6705,Criminal_Group,Kolkata,Uttar Pradesh,51,Active
O06706,Organization_6706,Business,Hyderabad,Madhya Pradesh,93,Active
O06707,Organization_6707,Association,Bengaluru,Delhi,46,Active
O06708,Organization_6708,NGO,Mumbai,Uttar Pradesh,98,Active
O06709,Organization_6709,Criminal_Group,Rajkot,Maharashtra,36,Under_Investigation
O06710,Organization_6710,Business,Surat,Telangana,11,Inactive
O06711,Organization_6711,Criminal_Group,Delhi,Telangana,19,Active
O06712,Organization_6712,Company,Rajkot,Delhi,25,Active
O06713,Organization_6713,Criminal_Group,Bengaluru,Gujarat,68,Active
O06714,Organization_6714,NGO,Nagpur,West Bengal,47,Under_Investigation
O06715,Organization_6715,NGO,Vadodara,Delhi,96,Under_Investigation
O06716,Organization_6716,Criminal_Group,Delhi,Telangana,14,Under_Investigation
O06717,Organization_6717,Association,Bhopal,Tamil Nadu,71,Inactive
O06718,Organization_6718,Criminal_Group,Pune,Delhi,89,Under_Investigation
O06719,Organization_6719,Company,Bengaluru,Telangana,80,Active
O06720,Organization_6720,Company,Bengaluru,Madhya Pradesh,61,Inactive
O06721,Organization_6721,Criminal_Group,Rajkot,Gujarat,75,Active
O06722,Organization_6722,NGO,Jaipur,Gujarat,64,Active
O06723,Organization_6723,Company,Mumbai,Madhya Pradesh,82,Active
O06724,Organization_6724,Association,Vadodara,West Bengal,95,Active
O06725,Organization_6725,Criminal_Group,Chennai,Telangana,34,Active
O06726,Organization_6726,NGO,Jaipur,Rajasthan,9,Active
O06727,Organization_6727,Business,Ahmedabad,Madhya Pradesh,22,Active
O06728,Organization_6728,Association,Ahmedabad,Telangana,42,Active
O06729,Organization_6729,Association,Mumbai,Rajasthan,18,Inactive
O06730,Organization_6730,Company,Kolkata,Maharashtra,21,Active
O06731,Organization_6731,Company,Mumbai,West Bengal,83,Inactive
O06732,Organization_6732,Company,Kolkata,Rajasthan,85,Active
O06733,Organization_6733,Company,Surat,Uttar Pradesh,44,Active
O06734,Organization_6734,Criminal_Group,Kolkata,Uttar Pradesh,81,Active
O06735,Organization_6735,Business,Hyderabad,Karnataka,41,Active
O06736,Organization_6736,Business,Nagpur,Delhi,57,Inactive
O06737,Organization_6737,Company,Rajkot,Madhya Pradesh,47,Active
O06738,Organization_6738,Criminal_Group,Hyderabad,Tamil Nadu,34,Active
O06739,Organization_6739,NGO,Indore,Maharashtra,90,Inactive
O06740,Organization_6740,Company,Vadodara,Madhya Pradesh,97,Active
O06741,Organization_6741,NGO,Delhi,Telangana,56,Active
O06742,Organization_6742,Company,Hyderabad,Karnataka,28,Inactive
O06743,Organization_6743,Business,Bengaluru,Rajasthan,36,Active
O06744,Organization_6744,Company,Ahmedabad,Madhya Pradesh,87,Under_Investigation
O06745,Organization_6745,Business,Nagpur,Gujarat,14,Under_Investigation
O06746,Organization_6746,Business,Delhi,Rajasthan,48,Active
O06747,Organization_6747,Association,Lucknow,Madhya Pradesh,53,Active
O06748,Organization_6748,Criminal_Group,Bhopal,Madhya Pradesh,14,Active
O06749,Organization_6749,NGO,Jaipur,Telangana,80,Inactive
O06750,Organization_6750,Criminal_Group,Kolkata,Karnataka,76,Active
O06751,Organization_6751,Business,Kolkata,Karnataka,51,Under_Investigation
O06752,Organization_6752,Company,Bhopal,Rajasthan,47,Active
O06753,Organization_6753,Company,Delhi,Tamil Nadu,87,Under_Investigation
O06754,Organization_6754,Company,Indore,Tamil Nadu,58,Active
O06755,Organization_6755,Association,Jaipur,Tamil Nadu,71,Active
O06756,Organization_6756,Company,Chennai,Karnataka,95,Active
O06757,Organization_6757,Business,Kolkata,Madhya Pradesh,64,Inactive
O06758,Organization_6758,Business,Pune,Telangana,26,Active
O06759,Organization_6759,Company,Mumbai,Tamil Nadu,37,Active
O06760,Organization_6760,Association,Bhopal,Karnataka,24,Active
O06761,Organization_6761,Criminal_Group,Rajkot,Delhi,60,Active
O06762,Organization_6762,Business,Rajkot,Karnataka,94,Active
O06763,Organization_6763,Criminal_Group,Vadodara,Maharashtra,13,Active
O06764,Organization_6764,Criminal_Group,Indore,Telangana,3,Active
O06765,Organization_6765,Criminal_Group,Indore,Telangana,95,Active
O06766,Organization_6766,Criminal_Group,Bhopal,Tamil Nadu,20,Active
O06767,Organization_6767,Criminal_Group,Pune,Maharashtra,19,Inactive
O06768,Organization_6768,Criminal_Group,Surat,Tamil Nadu,85,Active
O06769,Organization_6769,Company,Vadodara,Uttar Pradesh,37,Inactive
O06770,Organization_6770,Criminal_Group,Nagpur,Delhi,77,Inactive
O06771,Organization_6771,Company,Kolkata,West Bengal,39,Under_Investigation
O06772,Organization_6772,Criminal_Group,Pune,Delhi,98,Active
O06773,Organization_6773,NGO,Rajkot,West Bengal,36,Under_Investigation
O06774,Organization_6774,Association,Hyderabad,Karnataka,5,Under_Investigation
O06775,Organization_6775,Company,Rajkot,Rajasthan,37,Active
O06776,Organization_6776,Criminal_Group,Pune,Maharashtra,92,Active
O06777,Organization_6777,Company,Chennai,Tamil Nadu,46,Active
O06778,Organization_6778,Criminal_Group,Bhopal,Karnataka,2,Under_Investigation
O06779,Organization_6779,Criminal_Group,Jaipur,Madhya Pradesh,42,Active
O06780,Organization_6780,Association,Jaipur,Maharashtra,13,Active
O06781,Organization_6781,Company,Lucknow,Uttar Pradesh,80,Active
O06782,Organization_6782,Company,Indore,Karnataka,27,Inactive
O06783,Organization_6783,Company,Pune,Karnataka,31,Active
O06784,Organization_6784,Company,Pune,West Bengal,27,Active
O06785,Organization_6785,Company,Hyderabad,Maharashtra,88,Active
O06786,Organization_6786,NGO,Vadodara,Rajasthan,68,Under_Investigation
O06787,Organization_6787,Business,Mumbai,Delhi,35,Under_Investigation
O06788,Organization_6788,Company,Chennai,Maharashtra,34,Inactive
O06789,Organization_6789,Criminal_Group,Surat,Telangana,79,Active
O06790,Organization_6790,Company,Delhi,Tamil Nadu,87,Inactive
O06791,Organization_6791,Association,Hyderabad,Karnataka,96,Active
O06792,Organization_6792,Business,Pune,Karnataka,26,Active
O06793,Organization_6793,Company,Nagpur,Delhi,94,Active
O06794,Organization_6794,Company,Vadodara,Tamil Nadu,26,Under_Investigation
O06795,Organization_6795,NGO,Indore,Karnataka,36,Active
O06796,Organization_6796,Company,Nagpur,Madhya Pradesh,2,Active
O06797,Organization_6797,Company,Lucknow,Telangana,42,Active
O06798,Organization_6798,NGO,Hyderabad,Telangana,85,Active
O06799,Organization_6799,Association,Chennai,Karnataka,45,Inactive
O06800,Organization_6800,Company,Bengaluru,Telangana,58,Inactive
O06801,Organization_6801,Criminal_Group,Bhopal,West Bengal,78,Under_Investigation
O06802,Organization_6802,Company,Pune,Karnataka,99,Active
O06803,Organization_6803,Criminal_Group,Jaipur,Karnataka,42,Active
O06804,Organization_6804,Association,Hyderabad,Madhya Pradesh,86,Active
O06805,Organization_6805,Company,Nagpur,Madhya Pradesh,80,Active
O06806,Organization_6806,Company,Hyderabad,Maharashtra,41,Active
O06807,Organization_6807,Company,Bengaluru,Madhya Pradesh,24,Under_Investigation
O06808,Organization_6808,Company,Surat,West Bengal,69,Active
O06809,Organization_6809,Criminal_Group,Surat,Telangana,62,Active
O06810,Organization_6810,Association,Hyderabad,Delhi,98,Active
O06811,Organization_6811,Criminal_Group,Delhi,Telangana,55,Active
O06812,Organization_6812,Company,Bhopal,West Bengal,92,Active
O06813,Organization_6813,Business,Kolkata,West Bengal,40,Active
O06814,Organization_6814,Criminal_Group,Delhi,Telangana,98,Under_Investigation
O06815,Organization_6815,Company,Jaipur,Madhya Pradesh,20,Active
O06816,Organization_6816,Association,Vadodara,Delhi,6,Active
O06817,Organization_6817,NGO,Bengaluru,Tamil Nadu,59,Active
O06818,Organization_6818,Criminal_Group,Ahmedabad,Tamil Nadu,26,Active
O06819,Organization_6819,Criminal_Group,Delhi,Karnataka,37,Active
O06820,Organization_6820,Association,Ahmedabad,Telangana,50,Active
O06821,Organization_6821,Criminal_Group,Ahmedabad,Rajasthan,82,Active
O06822,Organization_6822,Association,Chennai,Rajasthan,28,Active
O06823,Organization_6823,Company,Nagpur,Uttar Pradesh,51,Active
O06824,Organization_6824,Company,Bhopal,West Bengal,91,Inactive
O06825,Organization_6825,Company,Bhopal,Madhya Pradesh,74,Active
O06826,Organization_6826,Criminal_Group,Mumbai,Maharashtra,6,Under_Investigation
O06827,Organization_6827,Company,Rajkot,Maharashtra,49,Active
O06828,Organization_6828,Business,Mumbai,Gujarat,4,Active
O06829,Organization_6829,Business,Kolkata,Telangana,95,Inactive
O06830,Organization_6830,Criminal_Group,Ahmedabad,Gujarat,63,Inactive
O06831,Organization_6831,Business,Bhopal,Rajasthan,19,Inactive
O06832,Organization_6832,Company,Vadodara,Gujarat,4,Inactive
O06833,Organization_6833,Company,Bengaluru,Uttar Pradesh,86,Active
O06834,Organization_6834,Business,Bhopal,Delhi,29,Active
O06835,Organization_6835,Criminal_Group,Ahmedabad,Delhi,10,Active
O06836,Organization_6836,Association,Nagpur,Maharashtra,29,Active
O06837,Organization_6837,Criminal_Group,Surat,West Bengal,28,Inactive
O06838,Organization_6838,Company,Kolkata,Telangana,63,Under_Investigation
O06839,Organization_6839,Company,Ahmedabad,Maharashtra,46,Inactive
O06840,Organization_6840,Company,Pune,Rajasthan,61,Inactive
O06841,Organization_6841,Business,Jaipur,Uttar Pradesh,25,Active
O06842,Organization_6842,Business,Rajkot,Gujarat,49,Active
O06843,Organization_6843,Business,Lucknow,West Bengal,34,Active
O06844,Organization_6844,NGO,Lucknow,Tamil Nadu,95,Active
O06845,Organization_6845,Company,Rajkot,Telangana,72,Active
O06846,Organization_6846,Business,Lucknow,Tamil Nadu,75,Active
O06847,Organization_6847,Company,Nagpur,Karnataka,27,Inactive
O06848,Organization_6848,Association,Chennai,Delhi,2,Active
O06849,Organization_6849,Association,Delhi,Tamil Nadu,24,Under_Investigation
O06850,Organization_6850,NGO,Pune,Tamil Nadu,74,Active
O06851,Organization_6851,Company,Vadodara,Tamil Nadu,50,Active
O06852,Organization_6852,Criminal_Group,Mumbai,Telangana,16,Active
O06853,Organization_6853,Criminal_Group,Pune,Gujarat,17,Active
O06854,Organization_6854,Company,Bhopal,Uttar Pradesh,64,Under_Investigation
O06855,Organization_6855,NGO,Rajkot,Tamil Nadu,92,Active
O06856,Organization_6856,Criminal_Group,Pune,Tamil Nadu,59,Under_Investigation
O06857,Organization_6857,Criminal_Group,Lucknow,Delhi,41,Active
O06858,Organization_6858,Company,Lucknow,Rajasthan,43,Inactive
O06859,Organization_6859,Business,Hyderabad,Gujarat,80,Active
O06860,Organization_6860,NGO,Pune,West Bengal,2,Active
O06861,Organization_6861,Association,Vadodara,Gujarat,5,Under_Investigation
O06862,Organization_6862,Criminal_Group,Chennai,Telangana,52,Active
O06863,Organization_6863,NGO,Pune,Rajasthan,54,Active
O06864,Organization_6864,Association,Mumbai,Gujarat,77,Active
O06865,Organization_6865,Criminal_Group,Mumbai,Delhi,86,Active
O06866,Organization_6866,Company,Lucknow,Delhi,84,Under_Investigation
O06867,Organization_6867,Company,Indore,Maharashtra,75,Under_Investigation
O06868,Organization_6868,Business,Delhi,Tamil Nadu,48,Active
O06869,Organization_6869,Company,Mumbai,Uttar Pradesh,37,Active
O06870,Organization_6870,Business,Mumbai,Delhi,63,Active
O06871,Organization_6871,Business,Mumbai,Karnataka,89,Active
O06872,Organization_6872,Business,Hyderabad,Rajasthan,52,Active
O06873,Organization_6873,Business,Ahmedabad,Delhi,24,Active
O06874,Organization_6874,NGO,Delhi,Rajasthan,85,Active
O06875,Organization_6875,Business,Surat,Gujarat,92,Active
O06876,Organization_6876,Criminal_Group,Bengaluru,Telangana,27,Active
O06877,Organization_6877,Company,Rajkot,Karnataka,11,Active
O06878,Organization_6878,Business,Jaipur,Rajasthan,96,Active
O06879,Organization_6879,Company,Mumbai,Telangana,55,Under_Investigation
O06880,Organization_6880,NGO,Vadodara,Madhya Pradesh,48,Active
O06881,Organization_6881,Criminal_Group,Hyderabad,West Bengal,61,Active
O06882,Organization_6882,Criminal_Group,Bengaluru,Telangana,17,Active
O06883,Organization_6883,Business,Bengaluru,Uttar Pradesh,25,Under_Investigation
O06884,Organization_6884,Business,Nagpur,Rajasthan,81,Active
O06885,Organization_6885,Association,Mumbai,Madhya Pradesh,79,Inactive
O06886,Organization_6886,NGO,Rajkot,Rajasthan,63,Inactive
O06887,Organization_6887,Criminal_Group,Surat,Uttar Pradesh,82,Active
O06888,Organization_6888,Company,Kolkata,West Bengal,9,Active
O06889,Organization_6889,Business,Pune,Gujarat,37,Under_Investigation
O06890,Organization_6890,Company,Jaipur,West Bengal,77,Active
O06891,Organization_6891,Company,Pune,Uttar Pradesh,87,Active
O06892,Organization_6892,Business,Bengaluru,Madhya Pradesh,27,Active
O06893,Organization_6893,Association,Chennai,Delhi,56,Active
O06894,Organization_6894,Criminal_Group,Indore,Uttar Pradesh,30,Inactive
O06895,Organization_6895,Business,Ahmedabad,West Bengal,85,Inactive
O06896,Organization_6896,Criminal_Group,Bengaluru,Delhi,81,Inactive
O06897,Organization_6897,NGO,Indore,West Bengal,29,Inactive
O06898,Organization_6898,Criminal_Group,Rajkot,Telangana,8,Active
O06899,Organization_6899,Criminal_Group,Kolkata,Madhya Pradesh,10,Active
O06900,Organization_6900,Business,Lucknow,Uttar Pradesh,56,Active
O06901,Organization_6901,Criminal_Group,Jaipur,Gujarat,46,Active
O06902,Organization_6902,Business,Jaipur,Tamil Nadu,44,Under_Investigation
O06903,Organization_6903,Company,Delhi,Uttar Pradesh,59,Active
O06904,Organization_6904,Business,Ahmedabad,Gujarat,38,Active
O06905,Organization_6905,Business,Pune,Telangana,15,Inactive
O06906,Organization_6906,Criminal_Group,Chennai,Karnataka,32,Active
O06907,Organization_6907,Business,Hyderabad,Tamil Nadu,53,Active
O06908,Organization_6908,Criminal_Group,Jaipur,Delhi,62,Under_Investigation
O06909,Organization_6909,Company,Lucknow,Telangana,39,Under_Investigation
O06910,Organization_6910,Association,Jaipur,Rajasthan,74,Active
O06911,Organization_6911,Criminal_Group,Hyderabad,Karnataka,91,Active
O06912,Organization_6912,Company,Nagpur,Madhya Pradesh,44,Active
O06913,Organization_6913,Company,Bengaluru,West Bengal,55,Active
O06914,Organization_6914,Company,Hyderabad,Madhya Pradesh,98,Active
O06915,Organization_6915,Criminal_Group,Kolkata,Telangana,83,Inactive
O06916,Organization_6916,Criminal_Group,Pune,Telangana,6,Inactive
O06917,Organization_6917,Criminal_Group,Vadodara,Rajasthan,4,Under_Investigation
O06918,Organization_6918,NGO,Bhopal,Uttar Pradesh,46,Active
O06919,Organization_6919,Company,Kolkata,Madhya Pradesh,74,Active
O06920,Organization_6920,NGO,Pune,Madhya Pradesh,80,Active
O06921,Organization_6921,Company,Vadodara,Karnataka,79,Active
O06922,Organization_6922,Company,Lucknow,Delhi,34,Active
O06923,Organization_6923,Company,Nagpur,Karnataka,38,Active
O06924,Organization_6924,Company,Nagpur,Karnataka,43,Under_Investigation
O06925,Organization_6925,Business,Kolkata,Telangana,45,Active
O06926,Organization_6926,Business,Rajkot,Delhi,91,Active
O06927,Organization_6927,Criminal_Group,Lucknow,Rajasthan,22,Active
O06928,Organization_6928,Business,Hyderabad,Rajasthan,47,Inactive
O06929,Organization_6929,Association,Ahmedabad,Uttar Pradesh,39,Active
O06930,Organization_6930,Business,Indore,Rajasthan,9,Active
O06931,Organization_6931,Business,Lucknow,Telangana,27,Active
O06932,Organization_6932,Company,Surat,Rajasthan,70,Active
O06933,Organization_6933,Company,Indore,Uttar Pradesh,56,Active
O06934,Organization_6934,Company,Pune,West Bengal,38,Active
O06935,Organization_6935,Company,Delhi,Tamil Nadu,2,Active
O06936,Organization_6936,NGO,Indore,Madhya Pradesh,48,Active
O06937,Organization_6937,Company,Surat,Telangana,10,Inactive
O06938,Organization_6938,Business,Ahmedabad,Tamil Nadu,12,Active
O06939,Organization_6939,Criminal_Group,Jaipur,Telangana,4,Under_Investigation
O06940,Organization_6940,Criminal_Group,Rajkot,Maharashtra,41,Inactive
O06941,Organization_6941,Criminal_Group,Delhi,Telangana,25,Active
O06942,Organization_6942,Association,Delhi,Karnataka,4,Inactive
O06943,Organization_6943,Criminal_Group,Kolkata,Delhi,37,Active
O06944,Organization_6944,Criminal_Group,Vadodara,Tamil Nadu,76,Active
O06945,Organization_6945,Company,Mumbai,Maharashtra,2,Inactive
O06946,Organization_6946,Criminal_Group,Kolkata,Telangana,71,Under_Investigation
O06947,Organization_6947,Business,Lucknow,Telangana,22,Active
O06948,Organization_6948,NGO,Pune,Madhya Pradesh,41,Active
O06949,Organization_6949,NGO,Mumbai,Karnataka,62,Active
O06950,Organization_6950,Company,Mumbai,Gujarat,13,Active
O06951,Organization_6951,Company,Rajkot,Gujarat,79,Active
O06952,Organization_6952,NGO,Ahmedabad,Gujarat,67,Inactive
O06953,Organization_6953,Company,Hyderabad,Gujarat,43,Under_Investigation
O06954,Organization_6954,Criminal_Group,Vadodara,Delhi,87,Active
O06955,Organization_6955,NGO,Bengaluru,Telangana,85,Active
O06956,Organization_6956,Criminal_Group,Pune,Tamil Nadu,93,Active
O06957,Organization_6957,Association,Bhopal,Gujarat,26,Under_Investigation
O06958,Organization_6958,Business,Bengaluru,Karnataka,34,Active
O06959,Organization_6959,Criminal_Group,Delhi,Karnataka,15,Active
O06960,Organization_6960,Business,Bhopal,Delhi,70,Active
O06961,Organization_6961,Company,Kolkata,Tamil Nadu,29,Under_Investigation
O06962,Organization_6962,Company,Bengaluru,Rajasthan,13,Active
O06963,Organization_6963,Company,Jaipur,Uttar Pradesh,53,Active
O06964,Organization_6964,Business,Kolkata,Rajasthan,8,Under_Investigation
O06965,Organization_6965,Criminal_Group,Hyderabad,West Bengal,7,Active
O06966,Organization_6966,Business,Pune,Karnataka,74,Active
O06967,Organization_6967,Business,Delhi,West Bengal,94,Active
O06968,Organization_6968,Business,Nagpur,Maharashtra,21,Under_Investigation
O06969,Organization_6969,Criminal_Group,Chennai,Maharashtra,66,Inactive
O06970,Organization_6970,Criminal_Group,Rajkot,West Bengal,90,Inactive
O06971,Organization_6971,NGO,Rajkot,Maharashtra,96,Under_Investigation
O06972,Organization_6972,NGO,Vadodara,West Bengal,24,Active
O06973,Organization_6973,Criminal_Group,Hyderabad,Karnataka,3,Inactive
O06974,Organization_6974,Criminal_Group,Rajkot,Delhi,30,Active
O06975,Organization_6975,Business,Kolkata,Rajasthan,82,Under_Investigation
O06976,Organization_6976,Criminal_Group,Kolkata,Karnataka,52,Inactive
O06977,Organization_6977,Company,Kolkata,Gujarat,57,Active
O06978,Organization_6978,Business,Lucknow,West Bengal,51,Inactive
O06979,Organization_6979,Criminal_Group,Vadodara,Telangana,46,Active
O06980,Organization_6980,Business,Vadodara,Tamil Nadu,10,Active
O06981,Organization_6981,Business,Lucknow,Tamil Nadu,48,Inactive
O06982,Organization_6982,Company,Ahmedabad,Uttar Pradesh,16,Active
O06983,Organization_6983,Company,Rajkot,Madhya Pradesh,62,Active
O06984,Organization_6984,Company,Ahmedabad,Tamil Nadu,17,Active
O06985,Organization_6985,Association,Mumbai,Rajasthan,98,Under_Investigation
O06986,Organization_6986,Company,Bengaluru,West Bengal,44,Active
O06987,Organization_6987,Company,Surat,Delhi,42,Active
O06988,Organization_6988,Business,Hyderabad,Maharashtra,30,Active
O06989,Organization_6989,Company,Mumbai,Gujarat,30,Under_Investigation
O06990,Organization_6990,Association,Nagpur,Gujarat,29,Active
O06991,Organization_6991,Business,Rajkot,West Bengal,61,Active
O06992,Organization_6992,Business,Jaipur,Karnataka,36,Under_Investigation
O06993,Organization_6993,Business,Indore,Telangana,22,Active
O06994,Organization_6994,Company,Vadodara,Delhi,80,Active
O06995,Organization_6995,Business,Rajkot,Madhya Pradesh,69,Active
O06996,Organization_6996,NGO,Hyderabad,Uttar Pradesh,52,Inactive
O06997,Organization_6997,NGO,Bengaluru,Delhi,24,Active
O06998,Organization_6998,NGO,Nagpur,Uttar Pradesh,24,Active
O06999,Organization_6999,Company,Hyderabad,Madhya Pradesh,26,Active
O07000,Organization_7000,Company,Delhi,Gujarat,48,Active
O07001,Organization_7001,Criminal_Group,Vadodara,Rajasthan,21,Under_Investigation
O07002,Organization_7002,Company,Rajkot,Rajasthan,64,Inactive
O07003,Organization_7003,NGO,Lucknow,Uttar Pradesh,29,Active
O07004,Organization_7004,Company,Surat,Telangana,86,Inactive
O07005,Organization_7005,Business,Nagpur,Maharashtra,81,Under_Investigation
O07006,Organization_7006,NGO,Kolkata,Tamil Nadu,88,Active
O07007,Organization_7007,NGO,Ahmedabad,Uttar Pradesh,55,Active
O07008,Organization_7008,Business,Indore,Madhya Pradesh,22,Active
O07009,Organization_7009,Criminal_Group,Surat,Maharashtra,66,Inactive
O07010,Organization_7010,Business,Hyderabad,Maharashtra,42,Active
O07011,Organization_7011,Criminal_Group,Lucknow,Telangana,68,Active
O07012,Organization_7012,NGO,Kolkata,Tamil Nadu,66,Active
O07013,Organization_7013,Business,Bengaluru,Karnataka,40,Active
O07014,Organization_7014,NGO,Ahmedabad,Uttar Pradesh,69,Under_Investigation
O07015,Organization_7015,Company,Kolkata,Rajasthan,5,Active
O07016,Organization_7016,Business,Chennai,Maharashtra,48,Active
O07017,Organization_7017,Business,Mumbai,Maharashtra,77,Inactive
O07018,Organization_7018,Association,Delhi,Karnataka,88,Active
O07019,Organization_7019,Association,Rajkot,Madhya Pradesh,8,Active
O07020,Organization_7020,Company,Chennai,Telangana,57,Inactive
O07021,Organization_7021,Company,Jaipur,Delhi,62,Active
O07022,Organization_7022,Company,Lucknow,Uttar Pradesh,52,Active
O07023,Organization_7023,Company,Surat,West Bengal,71,Active
O07024,Organization_7024,NGO,Rajkot,Telangana,35,Active
O07025,Organization_7025,Company,Lucknow,Delhi,6,Active
O07026,Organization_7026,NGO,Vadodara,Tamil Nadu,43,Inactive
O07027,Organization_7027,Company,Jaipur,Maharashtra,90,Active
O07028,Organization_7028,Business,Bengaluru,Rajasthan,97,Active
O07029,Organization_7029,Company,Jaipur,Karnataka,11,Inactive
O07030,Organization_7030,Criminal_Group,Rajkot,Gujarat,50,Under_Investigation
O07031,Organization_7031,Business,Mumbai,Rajasthan,61,Active
O07032,Organization_7032,Business,Ahmedabad,West Bengal,33,Active
O07033,Organization_7033,NGO,Delhi,Maharashtra,61,Active
O07034,Organization_7034,Company,Jaipur,Delhi,57,Active
O07035,Organization_7035,Business,Delhi,Maharashtra,29,Active
O07036,Organization_7036,Business,Delhi,Rajasthan,18,Under_Investigation
O07037,Organization_7037,Company,Pune,Telangana,30,Active
O07038,Organization_7038,Criminal_Group,Hyderabad,Delhi,11,Active
O07039,Organization_7039,Business,Vadodara,Karnataka,51,Inactive
O07040,Organization_7040,Association,Chennai,Telangana,47,Under_Investigation
O07041,Organization_7041,Criminal_Group,Lucknow,West Bengal,15,Active
O07042,Organization_7042,Criminal_Group,Kolkata,Madhya Pradesh,40,Active
O07043,Organization_7043,Business,Jaipur,West Bengal,65,Active
O07044,Organization_7044,Business,Bengaluru,Uttar Pradesh,97,Active
O07045,Organization_7045,NGO,Ahmedabad,Madhya Pradesh,68,Active
O07046,Organization_7046,NGO,Nagpur,Madhya Pradesh,45,Under_Investigation
O07047,Organization_7047,Company,Indore,Madhya Pradesh,33,Inactive
O07048,Organization_7048,Company,Surat,Delhi,65,Active
O07049,Organization_7049,Company,Nagpur,West Bengal,30,Active
O07050,Organization_7050,Association,Kolkata,Tamil Nadu,71,Active
O07051,Organization_7051,Criminal_Group,Pune,Telangana,28,Active
O07052,Organization_7052,Company,Ahmedabad,Rajasthan,41,Under_Investigation
O07053,Organization_7053,NGO,Delhi,Uttar Pradesh,36,Active
O07054,Organization_7054,Criminal_Group,Rajkot,West Bengal,62,Active
O07055,Organization_7055,Criminal_Group,Surat,Tamil Nadu,5,Under_Investigation
O07056,Organization_7056,Business,Indore,Madhya Pradesh,59,Active
O07057,Organization_7057,Criminal_Group,Rajkot,West Bengal,82,Active
O07058,Organization_7058,Company,Pune,Uttar Pradesh,75,Active
O07059,Organization_7059,Association,Pune,Uttar Pradesh,74,Inactive
O07060,Organization_7060,NGO,Mumbai,West Bengal,39,Active
O07061,Organization_7061,Company,Jaipur,Telangana,48,Active
O07062,Organization_7062,Company,Hyderabad,Delhi,75,Active
O07063,Organization_7063,NGO,Ahmedabad,Telangana,77,Active
O07064,Organization_7064,Company,Surat,Delhi,92,Active
O07065,Organization_7065,Criminal_Group,Lucknow,Tamil Nadu,69,Under_Investigation
O07066,Organization_7066,Association,Bengaluru,West Bengal,25,Active
O07067,Organization_7067,Business,Surat,Telangana,74,Under_Investigation
O07068,Organization_7068,Company,Kolkata,Maharashtra,52,Inactive
O07069,Organization_7069,NGO,Vadodara,Tamil Nadu,33,Active
O07070,Organization_7070,Company,Ahmedabad,Rajasthan,10,Active
O07071,Organization_7071,Business,Kolkata,Maharashtra,92,Inactive
O07072,Organization_7072,Business,Nagpur,Uttar Pradesh,39,Inactive
O07073,Organization_7073,Company,Surat,Maharashtra,86,Active
O07074,Organization_7074,Criminal_Group,Hyderabad,Telangana,9,Active
O07075,Organization_7075,Criminal_Group,Chennai,West Bengal,29,Active
O07076,Organization_7076,Company,Bhopal,Karnataka,46,Active
O07077,Organization_7077,Business,Bhopal,Telangana,71,Active
O07078,Organization_7078,Association,Rajkot,Gujarat,37,Active
O07079,Organization_7079,Business,Bhopal,Maharashtra,27,Active
O07080,Organization_7080,Company,Vadodara,Rajasthan,18,Under_Investigation
O07081,Organization_7081,Company,Surat,Tamil Nadu,95,Active
O07082,Organization_7082,Company,Nagpur,Telangana,18,Inactive
O07083,Organization_7083,Company,Hyderabad,Delhi,75,Under_Investigation
O07084,Organization_7084,Business,Vadodara,Rajasthan,42,Under_Investigation
O07085,Organization_7085,Criminal_Group,Rajkot,Rajasthan,20,Active
O07086,Organization_7086,Association,Ahmedabad,Rajasthan,15,Active
O07087,Organization_7087,Company,Surat,Tamil Nadu,21,Active
O07088,Organization_7088,Company,Nagpur,Karnataka,79,Active
O07089,Organization_7089,Company,Indore,Tamil Nadu,9,Active
O07090,Organization_7090,Company,Vadodara,Rajasthan,34,Active
O07091,Organization_7091,NGO,Bengaluru,Tamil Nadu,95,Active
O07092,Organization_7092,Company,Kolkata,Karnataka,47,Active
O07093,Organization_7093,NGO,Hyderabad,Rajasthan,54,Active
O07094,Organization_7094,Company,Rajkot,Maharashtra,43,Under_Investigation
O07095,Organization_7095,Association,Surat,Rajasthan,81,Under_Investigation
O07096,Organization_7096,Association,Pune,Maharashtra,11,Active
O07097,Organization_7097,Business,Delhi,Karnataka,81,Active
O07098,Organization_7098,NGO,Hyderabad,Madhya Pradesh,45,Active
O07099,Organization_7099,Association,Rajkot,Karnataka,41,Active
O07100,Organization_7100,Business,Vadodara,Gujarat,7,Active
O07101,Organization_7101,NGO,Chennai,Maharashtra,14,Active
O07102,Organization_7102,Association,Nagpur,Rajasthan,47,Active
O07103,Organization_7103,Criminal_Group,Indore,Karnataka,91,Active
O07104,Organization_7104,Company,Rajkot,Rajasthan,94,Active
O07105,Organization_7105,Criminal_Group,Surat,Tamil Nadu,9,Active
O07106,Organization_7106,NGO,Surat,Delhi,18,Active
O07107,Organization_7107,Criminal_Group,Indore,Telangana,34,Under_Investigation
O07108,Organization_7108,Company,Chennai,Karnataka,80,Active
O07109,Organization_7109,NGO,Pune,Rajasthan,62,Active
O07110,Organization_7110,Company,Surat,Telangana,60,Under_Investigation
O07111,Organization_7111,Company,Indore,Rajasthan,34,Active
O07112,Organization_7112,Association,Bengaluru,Karnataka,79,Active
O07113,Organization_7113,Company,Nagpur,Rajasthan,93,Inactive
O07114,Organization_7114,Company,Mumbai,West Bengal,93,Active
O07115,Organization_7115,Company,Hyderabad,Madhya Pradesh,29,Under_Investigation
O07116,Organization_7116,Company,Lucknow,Madhya Pradesh,85,Active
O07117,Organization_7117,Company,Bhopal,Tamil Nadu,88,Active
O07118,Organization_7118,Business,Hyderabad,West Bengal,46,Active
O07119,Organization_7119,Company,Hyderabad,Delhi,51,Active
O07120,Organization_7120,Criminal_Group,Bengaluru,West Bengal,83,Under_Investigation
O07121,Organization_7121,Criminal_Group,Bengaluru,Telangana,67,Active
O07122,Organization_7122,Company,Rajkot,Rajasthan,69,Active
O07123,Organization_7123,NGO,Mumbai,Delhi,40,Active
O07124,Organization_7124,Criminal_Group,Ahmedabad,Telangana,69,Active
O07125,Organization_7125,Company,Pune,Delhi,59,Active
O07126,Organization_7126,Company,Indore,West Bengal,41,Under_Investigation
O07127,Organization_7127,Association,Surat,Rajasthan,53,Active
O07128,Organization_7128,Business,Jaipur,Uttar Pradesh,85,Active
O07129,Organization_7129,Business,Bengaluru,Tamil Nadu,16,Active
O07130,Organization_7130,Association,Ahmedabad,Delhi,34,Active
O07131,Organization_7131,Criminal_Group,Jaipur,Madhya Pradesh,72,Active
O07132,Organization_7132,Business,Jaipur,Madhya Pradesh,30,Active
O07133,Organization_7133,Criminal_Group,Delhi,Tamil Nadu,92,Active
O07134,Organization_7134,Criminal_Group,Pune,Uttar Pradesh,2,Active
O07135,Organization_7135,Business,Hyderabad,Gujarat,9,Inactive
O07136,Organization_7136,Criminal_Group,Delhi,Tamil Nadu,32,Active
O07137,Organization_7137,NGO,Bengaluru,Maharashtra,42,Inactive
O07138,Organization_7138,Criminal_Group,Delhi,Delhi,23,Active
O07139,Organization_7139,Company,Ahmedabad,Gujarat,66,Active
O07140,Organization_7140,Criminal_Group,Delhi,Telangana,50,Active
O07141,Organization_7141,Business,Kolkata,Madhya Pradesh,97,Under_Investigation
O07142,Organization_7142,Company,Lucknow,Tamil Nadu,12,Active
O07143,Organization_7143,Criminal_Group,Pune,Tamil Nadu,20,Active
O07144,Organization_7144,Association,Chennai,Maharashtra,36,Active
O07145,Organization_7145,Criminal_Group,Bengaluru,West Bengal,45,Inactive
O07146,Organization_7146,NGO,Mumbai,Delhi,53,Active
O07147,Organization_7147,Company,Jaipur,Madhya Pradesh,54,Active
O07148,Organization_7148,Criminal_Group,Delhi,Maharashtra,30,Active
O07149,Organization_7149,Business,Mumbai,Delhi,3,Active
O07150,Organization_7150,Business,Bengaluru,Uttar Pradesh,61,Active
O07151,Organization_7151,NGO,Indore,Madhya Pradesh,17,Active
O07152,Organization_7152,Company,Indore,Rajasthan,64,Active
O07153,Organization_7153,Criminal_Group,Kolkata,Gujarat,66,Active
O07154,Organization_7154,Criminal_Group,Chennai,Karnataka,92,Active
O07155,Organization_7155,Company,Bhopal,Delhi,31,Active
O07156,Organization_7156,Company,Ahmedabad,Gujarat,65,Inactive
O07157,Organization_7157,Business,Chennai,Maharashtra,65,Active
O07158,Organization_7158,NGO,Rajkot,Delhi,79,Active
O07159,Organization_7159,NGO,Ahmedabad,Uttar Pradesh,13,Active
O07160,Organization_7160,Company,Pune,Gujarat,44,Active
O07161,Organization_7161,Criminal_Group,Hyderabad,Maharashtra,13,Under_Investigation
O07162,Organization_7162,Criminal_Group,Chennai,Tamil Nadu,23,Under_Investigation
O07163,Organization_7163,NGO,Bengaluru,Telangana,76,Active
O07164,Organization_7164,Business,Ahmedabad,Maharashtra,89,Active
O07165,Organization_7165,NGO,Indore,Gujarat,93,Active
O07166,Organization_7166,Company,Nagpur,Uttar Pradesh,86,Active
O07167,Organization_7167,Company,Surat,Delhi,68,Active
O07168,Organization_7168,Company,Vadodara,Rajasthan,100,Active
O07169,Organization_7169,Business,Pune,West Bengal,83,Active
O07170,Organization_7170,Company,Rajkot,Uttar Pradesh,27,Active
O07171,Organization_7171,Criminal_Group,Pune,Tamil Nadu,46,Active
O07172,Organization_7172,Criminal_Group,Pune,West Bengal,35,Under_Investigation
O07173,Organization_7173,NGO,Chennai,Gujarat,64,Inactive
O07174,Organization_7174,Criminal_Group,Hyderabad,Uttar Pradesh,8,Active
O07175,Organization_7175,Company,Bhopal,Maharashtra,43,Active
O07176,Organization_7176,NGO,Bhopal,Uttar Pradesh,45,Active
O07177,Organization_7177,Company,Rajkot,Rajasthan,69,Inactive
O07178,Organization_7178,Company,Mumbai,Karnataka,14,Active
O07179,Organization_7179,Criminal_Group,Chennai,Delhi,84,Active
O07180,Organization_7180,Association,Indore,Madhya Pradesh,72,Active
O07181,Organization_7181,Business,Delhi,Madhya Pradesh,34,Active
O07182,Organization_7182,Company,Kolkata,Gujarat,37,Active
O07183,Organization_7183,Company,Kolkata,Karnataka,100,Active
O07184,Organization_7184,Business,Kolkata,Madhya Pradesh,99,Active
O07185,Organization_7185,Company,Bhopal,Gujarat,82,Active
O07186,Organization_7186,NGO,Bhopal,Delhi,34,Active
O07187,Organization_7187,Business,Indore,Madhya Pradesh,19,Active
O07188,Organization_7188,Association,Jaipur,Gujarat,75,Under_Investigation
O07189,Organization_7189,Business,Surat,West Bengal,29,Active
O07190,Organization_7190,NGO,Surat,Rajasthan,12,Under_Investigation
O07191,Organization_7191,Company,Kolkata,Tamil Nadu,69,Active
O07192,Organization_7192,Criminal_Group,Pune,West Bengal,79,Under_Investigation
O07193,Organization_7193,Business,Rajkot,Uttar Pradesh,23,Active
O07194,Organization_7194,Criminal_Group,Nagpur,Rajasthan,55,Under_Investigation
O07195,Organization_7195,Criminal_Group,Bhopal,Rajasthan,98,Active
O07196,Organization_7196,Company,Ahmedabad,Karnataka,47,Active
O07197,Organization_7197,Association,Rajkot,Rajasthan,52,Active
O07198,Organization_7198,Business,Rajkot,Karnataka,76,Inactive
O07199,Organization_7199,Criminal_Group,Hyderabad,Rajasthan,52,Inactive
O07200,Organization_7200,Company,Chennai,Karnataka,6,Active
O07201,Organization_7201,Business,Pune,Tamil Nadu,86,Active
O07202,Organization_7202,Business,Rajkot,Gujarat,58,Inactive
O07203,Organization_7203,Criminal_Group,Bengaluru,Madhya Pradesh,54,Inactive
O07204,Organization_7204,Criminal_Group,Hyderabad,Delhi,61,Active
O07205,Organization_7205,Criminal_Group,Nagpur,Karnataka,94,Active
O07206,Organization_7206,Association,Surat,Telangana,25,Active
O07207,Organization_7207,Business,Lucknow,Telangana,5,Active
O07208,Organization_7208,Business,Bhopal,Karnataka,44,Active
O07209,Organization_7209,NGO,Indore,Madhya Pradesh,13,Active
O07210,Organization_7210,Criminal_Group,Mumbai,Maharashtra,19,Active
O07211,Organization_7211,Association,Pune,West Bengal,68,Active
O07212,Organization_7212,Association,Lucknow,Madhya Pradesh,66,Active
O07213,Organization_7213,Criminal_Group,Mumbai,Uttar Pradesh,94,Inactive
O07214,Organization_7214,NGO,Rajkot,Maharashtra,100,Inactive
O07215,Organization_7215,Criminal_Group,Bhopal,Karnataka,67,Active
O07216,Organization_7216,NGO,Bhopal,Telangana,7,Under_Investigation
O07217,Organization_7217,NGO,Pune,Maharashtra,80,Active
O07218,Organization_7218,Company,Kolkata,Karnataka,86,Active
O07219,Organization_7219,NGO,Rajkot,Rajasthan,57,Active
O07220,Organization_7220,Criminal_Group,Indore,Uttar Pradesh,62,Active
O07221,Organization_7221,Company,Bhopal,West Bengal,67,Under_Investigation
O07222,Organization_7222,Criminal_Group,Ahmedabad,Uttar Pradesh,82,Active
O07223,Organization_7223,Association,Hyderabad,Maharashtra,88,Active
O07224,Organization_7224,Company,Kolkata,Madhya Pradesh,7,Inactive
O07225,Organization_7225,Criminal_Group,Bhopal,West Bengal,5,Active
O07226,Organization_7226,Company,Kolkata,Tamil Nadu,81,Active
O07227,Organization_7227,Criminal_Group,Delhi,Uttar Pradesh,28,Active
O07228,Organization_7228,NGO,Rajkot,Uttar Pradesh,33,Active
O07229,Organization_7229,Company,Vadodara,Gujarat,69,Active
O07230,Organization_7230,NGO,Kolkata,Rajasthan,49,Active
O07231,Organization_7231,Company,Bhopal,Rajasthan,38,Active
O07232,Organization_7232,Criminal_Group,Ahmedabad,Tamil Nadu,93,Inactive
O07233,Organization_7233,Criminal_Group,Kolkata,Rajasthan,26,Active
O07234,Organization_7234,Company,Surat,Tamil Nadu,19,Active
O07235,Organization_7235,Criminal_Group,Jaipur,Maharashtra,57,Active
O07236,Organization_7236,Business,Lucknow,Telangana,30,Active
O07237,Organization_7237,NGO,Chennai,Maharashtra,95,Active
O07238,Organization_7238,Association,Indore,West Bengal,32,Active
O07239,Organization_7239,Association,Vadodara,Maharashtra,41,Active
O07240,Organization_7240,Company,Pune,Rajasthan,61,Active
O07241,Organization_7241,Association,Vadodara,Maharashtra,78,Active
O07242,Organization_7242,Company,Rajkot,Gujarat,91,Active
O07243,Organization_7243,Company,Mumbai,West Bengal,54,Active
O07244,Organization_7244,NGO,Chennai,Uttar Pradesh,77,Active
O07245,Organization_7245,Business,Jaipur,Uttar Pradesh,39,Active
O07246,Organization_7246,NGO,Vadodara,Gujarat,89,Active
O07247,Organization_7247,NGO,Vadodara,Delhi,98,Active
O07248,Organization_7248,Association,Indore,Maharashtra,88,Active
O07249,Organization_7249,Criminal_Group,Chennai,Madhya Pradesh,14,Active
O07250,Organization_7250,Business,Kolkata,Telangana,33,Active
O07251,Organization_7251,Business,Surat,Madhya Pradesh,60,Inactive
O07252,Organization_7252,Business,Surat,Tamil Nadu,38,Under_Investigation
O07253,Organization_7253,Criminal_Group,Surat,Madhya Pradesh,97,Inactive
O07254,Organization_7254,Association,Lucknow,Maharashtra,98,Under_Investigation
O07255,Organization_7255,Criminal_Group,Chennai,Tamil Nadu,1,Active
O07256,Organization_7256,NGO,Hyderabad,Telangana,44,Active
O07257,Organization_7257,Company,Kolkata,Karnataka,90,Active
O07258,Organization_7258,Business,Rajkot,Tamil Nadu,20,Inactive
O07259,Organization_7259,Criminal_Group,Pune,Tamil Nadu,65,Active
O07260,Organization_7260,Criminal_Group,Vadodara,Tamil Nadu,20,Active
O07261,Organization_7261,Criminal_Group,Bengaluru,West Bengal,51,Inactive
O07262,Organization_7262,Company,Delhi,Rajasthan,85,Under_Investigation
O07263,Organization_7263,Criminal_Group,Pune,Karnataka,89,Active
O07264,Organization_7264,Association,Vadodara,Uttar Pradesh,89,Active
O07265,Organization_7265,Company,Pune,Karnataka,92,Active
O07266,Organization_7266,Company,Ahmedabad,Karnataka,36,Under_Investigation
O07267,Organization_7267,Business,Hyderabad,Maharashtra,26,Active
O07268,Organization_7268,Criminal_Group,Nagpur,Delhi,3,Inactive
O07269,Organization_7269,Association,Mumbai,Delhi,4,Active
O07270,Organization_7270,Criminal_Group,Mumbai,Maharashtra,88,Active
O07271,Organization_7271,Criminal_Group,Bhopal,Telangana,75,Active
O07272,Organization_7272,Company,Lucknow,West Bengal,48,Active
O07273,Organization_7273,Association,Jaipur,Madhya Pradesh,98,Under_Investigation
O07274,Organization_7274,Business,Delhi,West Bengal,50,Inactive
O07275,Organization_7275,Business,Chennai,Delhi,15,Inactive
O07276,Organization_7276,Company,Chennai,Delhi,95,Active
O07277,Organization_7277,Association,Kolkata,Rajasthan,73,Active
O07278,Organization_7278,NGO,Kolkata,Tamil Nadu,4,Under_Investigation
O07279,Organization_7279,Business,Nagpur,West Bengal,2,Active
O07280,Organization_7280,Company,Hyderabad,Madhya Pradesh,96,Under_Investigation
O07281,Organization_7281,Criminal_Group,Lucknow,West Bengal,43,Inactive
O07282,Organization_7282,Company,Jaipur,Madhya Pradesh,67,Under_Investigation
O07283,Organization_7283,Business,Chennai,Delhi,63,Active
O07284,Organization_7284,Business,Ahmedabad,Uttar Pradesh,3,Active
O07285,Organization_7285,NGO,Lucknow,Madhya Pradesh,19,Inactive
O07286,Organization_7286,Criminal_Group,Bhopal,Maharashtra,26,Active
O07287,Organization_7287,NGO,Bengaluru,Maharashtra,79,Active
O07288,Organization_7288,Company,Rajkot,Tamil Nadu,11,Under_Investigation
O07289,Organization_7289,Company,Rajkot,Tamil Nadu,64,Active
O07290,Organization_7290,Business,Surat,West Bengal,12,Inactive
O07291,Organization_7291,Company,Rajkot,Maharashtra,43,Active
O07292,Organization_7292,NGO,Surat,Delhi,5,Active
O07293,Organization_7293,Criminal_Group,Bhopal,Rajasthan,68,Under_Investigation
O07294,Organization_7294,Business,Rajkot,Maharashtra,65,Inactive
O07295,Organization_7295,Association,Vadodara,Maharashtra,63,Active
O07296,Organization_7296,Criminal_Group,Lucknow,Delhi,5,Active
O07297,Organization_7297,Company,Indore,West Bengal,82,Active
O07298,Organization_7298,Criminal_Group,Hyderabad,Tamil Nadu,24,Active
O07299,Organization_7299,Association,Chennai,West Bengal,68,Active
O07300,Organization_7300,NGO,Ahmedabad,West Bengal,91,Under_Investigation
O07301,Organization_7301,Business,Delhi,Gujarat,25,Active
O07302,Organization_7302,Criminal_Group,Jaipur,Tamil Nadu,53,Under_Investigation
O07303,Organization_7303,Criminal_Group,Ahmedabad,Rajasthan,87,Under_Investigation
O07304,Organization_7304,Association,Lucknow,Tamil Nadu,12,Under_Investigation
O07305,Organization_7305,Criminal_Group,Bengaluru,Delhi,23,Active
O07306,Organization_7306,Criminal_Group,Mumbai,Telangana,76,Under_Investigation
O07307,Organization_7307,NGO,Hyderabad,Rajasthan,16,Inactive
O07308,Organization_7308,NGO,Bengaluru,West Bengal,50,Under_Investigation
O07309,Organization_7309,Company,Vadodara,Tamil Nadu,88,Active
O07310,Organization_7310,Criminal_Group,Delhi,Uttar Pradesh,17,Active
O07311,Organization_7311,Business,Ahmedabad,Uttar Pradesh,67,Inactive
O07312,Organization_7312,Business,Bhopal,Uttar Pradesh,19,Under_Investigation
O07313,Organization_7313,Company,Bhopal,Madhya Pradesh,84,Active
O07314,Organization_7314,Criminal_Group,Lucknow,Maharashtra,46,Active
O07315,Organization_7315,Business,Mumbai,Rajasthan,8,Under_Investigation
O07316,Organization_7316,NGO,Jaipur,Rajasthan,68,Active
O07317,Organization_7317,Criminal_Group,Mumbai,Delhi,76,Active
O07318,Organization_7318,NGO,Mumbai,Rajasthan,19,Inactive
O07319,Organization_7319,Association,Bengaluru,Maharashtra,34,Active
O07320,Organization_7320,NGO,Nagpur,Telangana,18,Active
O07321,Organization_7321,Company,Hyderabad,Telangana,22,Active
O07322,Organization_7322,NGO,Vadodara,Maharashtra,69,Under_Investigation
O07323,Organization_7323,Company,Vadodara,Maharashtra,90,Active
O07324,Organization_7324,NGO,Delhi,West Bengal,68,Inactive
O07325,Organization_7325,Association,Indore,Madhya Pradesh,27,Active
O07326,Organization_7326,Company,Delhi,Tamil Nadu,33,Active
O07327,Organization_7327,Criminal_Group,Rajkot,Delhi,95,Active
O07328,Organization_7328,Business,Hyderabad,Rajasthan,100,Active
O07329,Organization_7329,Company,Bengaluru,Maharashtra,57,Active
O07330,Organization_7330,Company,Nagpur,West Bengal,21,Inactive
O07331,Organization_7331,Company,Surat,Gujarat,72,Under_Investigation
O07332,Organization_7332,Company,Lucknow,Madhya Pradesh,57,Active
O07333,Organization_7333,Company,Hyderabad,Maharashtra,71,Active
O07334,Organization_7334,Criminal_Group,Indore,Tamil Nadu,7,Active
O07335,Organization_7335,Company,Indore,Delhi,28,Inactive
O07336,Organization_7336,Criminal_Group,Indore,Karnataka,78,Active
O07337,Organization_7337,Business,Jaipur,Delhi,68,Active
O07338,Organization_7338,Company,Rajkot,Tamil Nadu,84,Under_Investigation
O07339,Organization_7339,Business,Ahmedabad,Delhi,68,Under_Investigation
O07340,Organization_7340,Criminal_Group,Lucknow,Karnataka,8,Active
O07341,Organization_7341,Association,Ahmedabad,Maharashtra,64,Active
O07342,Organization_7342,Criminal_Group,Pune,Telangana,5,Active
O07343,Organization_7343,Criminal_Group,Vadodara,Telangana,95,Active
O07344,Organization_7344,Association,Kolkata,Gujarat,5,Active
O07345,Organization_7345,Criminal_Group,Hyderabad,Delhi,21,Active
O07346,Organization_7346,NGO,Delhi,Delhi,28,Under_Investigation
O07347,Organization_7347,Criminal_Group,Bhopal,Gujarat,25,Active
O07348,Organization_7348,Business,Delhi,Tamil Nadu,53,Active
O07349,Organization_7349,Business,Pune,Telangana,59,Active
O07350,Organization_7350,Association,Kolkata,Maharashtra,6,Active
O07351,Organization_7351,Criminal_Group,Bhopal,Uttar Pradesh,39,Inactive
O07352,Organization_7352,Company,Surat,Karnataka,37,Active
O07353,Organization_7353,Company,Rajkot,Karnataka,60,Active
O07354,Organization_7354,Company,Rajkot,Madhya Pradesh,84,Active
O07355,Organization_7355,Company,Nagpur,Delhi,96,Active
O07356,Organization_7356,NGO,Chennai,Gujarat,80,Active
O07357,Organization_7357,Criminal_Group,Bengaluru,Delhi,81,Under_Investigation
O07358,Organization_7358,Company,Chennai,Gujarat,26,Active
O07359,Organization_7359,NGO,Surat,Rajasthan,84,Inactive
O07360,Organization_7360,Association,Bhopal,Delhi,35,Active
O07361,Organization_7361,NGO,Indore,Telangana,97,Active
O07362,Organization_7362,Business,Ahmedabad,Rajasthan,94,Active
O07363,Organization_7363,Criminal_Group,Bengaluru,Telangana,68,Active
O07364,Organization_7364,Company,Surat,Uttar Pradesh,26,Active
O07365,Organization_7365,Company,Mumbai,Madhya Pradesh,4,Active
O07366,Organization_7366,Association,Chennai,Tamil Nadu,37,Under_Investigation
O07367,Organization_7367,Criminal_Group,Mumbai,West Bengal,88,Active
O07368,Organization_7368,Criminal_Group,Rajkot,Uttar Pradesh,35,Active
O07369,Organization_7369,Criminal_Group,Mumbai,Delhi,47,Active
O07370,Organization_7370,NGO,Chennai,Maharashtra,99,Active
O07371,Organization_7371,Criminal_Group,Jaipur,Rajasthan,6,Active
O07372,Organization_7372,Criminal_Group,Ahmedabad,Tamil Nadu,98,Under_Investigation
O07373,Organization_7373,Business,Indore,Madhya Pradesh,41,Inactive
O07374,Organization_7374,Company,Delhi,Gujarat,70,Inactive
O07375,Organization_7375,Company,Vadodara,Karnataka,42,Active
O07376,Organization_7376,Company,Lucknow,Gujarat,97,Active
O07377,Organization_7377,Company,Delhi,Madhya Pradesh,31,Active
O07378,Organization_7378,Criminal_Group,Hyderabad,Tamil Nadu,40,Active
O07379,Organization_7379,Company,Rajkot,Delhi,81,Active
O07380,Organization_7380,Criminal_Group,Hyderabad,Uttar Pradesh,95,Active
O07381,Organization_7381,NGO,Jaipur,Tamil Nadu,62,Active
O07382,Organization_7382,Association,Bengaluru,Karnataka,37,Active
O07383,Organization_7383,Criminal_Group,Indore,Tamil Nadu,58,Active
O07384,Organization_7384,Criminal_Group,Indore,Madhya Pradesh,40,Active
O07385,Organization_7385,Company,Vadodara,Delhi,1,Under_Investigation
O07386,Organization_7386,Company,Jaipur,West Bengal,86,Active
O07387,Organization_7387,Criminal_Group,Lucknow,Delhi,57,Active
O07388,Organization_7388,Company,Lucknow,Rajasthan,7,Active
O07389,Organization_7389,Criminal_Group,Ahmedabad,Madhya Pradesh,56,Active
O07390,Organization_7390,NGO,Hyderabad,Karnataka,10,Active
O07391,Organization_7391,Criminal_Group,Pune,Madhya Pradesh,85,Inactive
O07392,Organization_7392,Association,Pune,Gujarat,42,Active
O07393,Organization_7393,NGO,Pune,Maharashtra,92,Inactive
O07394,Organization_7394,Business,Pune,Madhya Pradesh,58,Inactive
O07395,Organization_7395,Business,Bengaluru,Tamil Nadu,40,Active
O07396,Organization_7396,Company,Indore,Tamil Nadu,81,Active
O07397,Organization_7397,Association,Pune,Delhi,64,Active
O07398,Organization_7398,Business,Nagpur,Tamil Nadu,60,Active
O07399,Organization_7399,Criminal_Group,Bhopal,Tamil Nadu,8,Under_Investigation
O07400,Organization_7400,Criminal_Group,Delhi,Karnataka,43,Active
O07401,Organization_7401,NGO,Chennai,Gujarat,85,Active
O07402,Organization_7402,Company,Rajkot,Tamil Nadu,18,Active
O07403,Organization_7403,Company,Jaipur,Karnataka,83,Active
O07404,Organization_7404,Criminal_Group,Hyderabad,West Bengal,39,Active
O07405,Organization_7405,Business,Surat,Gujarat,16,Active
O07406,Organization_7406,NGO,Surat,Rajasthan,78,Under_Investigation
O07407,Organization_7407,Criminal_Group,Indore,Gujarat,13,Active
O07408,Organization_7408,Criminal_Group,Jaipur,Rajasthan,73,Under_Investigation
O07409,Organization_7409,Association,Kolkata,Karnataka,42,Active
O07410,Organization_7410,Criminal_Group,Rajkot,Gujarat,52,Active
O07411,Organization_7411,Business,Vadodara,Uttar Pradesh,25,Active
O07412,Organization_7412,NGO,Mumbai,Gujarat,34,Active
O07413,Organization_7413,Business,Bhopal,Uttar Pradesh,83,Active
O07414,Organization_7414,NGO,Lucknow,Telangana,46,Active
O07415,Organization_7415,Company,Surat,Uttar Pradesh,30,Active
O07416,Organization_7416,NGO,Jaipur,Madhya Pradesh,51,Under_Investigation
O07417,Organization_7417,Criminal_Group,Chennai,Uttar Pradesh,39,Active
O07418,Organization_7418,Criminal_Group,Delhi,Karnataka,75,Active
O07419,Organization_7419,Criminal_Group,Indore,West Bengal,70,Active
O07420,Organization_7420,Criminal_Group,Pune,Gujarat,9,Inactive
O07421,Organization_7421,Business,Nagpur,Tamil Nadu,22,Inactive
O07422,Organization_7422,Business,Lucknow,Maharashtra,23,Inactive
O07423,Organization_7423,Company,Pune,Gujarat,1,Active
O07424,Organization_7424,Association,Chennai,Karnataka,60,Active
O07425,Organization_7425,Association,Jaipur,Delhi,90,Inactive
O07426,Organization_7426,Company,Mumbai,West Bengal,85,Active
O07427,Organization_7427,NGO,Delhi,Uttar Pradesh,87,Under_Investigation
O07428,Organization_7428,Criminal_Group,Bhopal,Tamil Nadu,31,Active
O07429,Organization_7429,Criminal_Group,Vadodara,West Bengal,54,Active
O07430,Organization_7430,Company,Jaipur,Tamil Nadu,48,Active
O07431,Organization_7431,NGO,Mumbai,Telangana,1,Active
O07432,Organization_7432,Company,Chennai,Tamil Nadu,57,Active
O07433,Organization_7433,Company,Bhopal,Maharashtra,25,Inactive
O07434,Organization_7434,Criminal_Group,Rajkot,Gujarat,8,Active
O07435,Organization_7435,Criminal_Group,Chennai,Maharashtra,33,Active
O07436,Organization_7436,Association,Ahmedabad,Delhi,85,Active
O07437,Organization_7437,Business,Bhopal,Maharashtra,55,Active
O07438,Organization_7438,Criminal_Group,Hyderabad,Karnataka,82,Under_Investigation
O07439,Organization_7439,Criminal_Group,Bengaluru,Delhi,35,Active
O07440,Organization_7440,NGO,Bengaluru,Telangana,67,Active
O07441,Organization_7441,Business,Chennai,Rajasthan,27,Under_Investigation
O07442,Organization_7442,Criminal_Group,Indore,Delhi,82,Inactive
O07443,Organization_7443,Association,Delhi,Uttar Pradesh,84,Active
O07444,Organization_7444,Business,Chennai,Uttar Pradesh,6,Inactive
O07445,Organization_7445,Company,Mumbai,Rajasthan,13,Active
O07446,Organization_7446,Business,Delhi,Karnataka,81,Active
O07447,Organization_7447,Criminal_Group,Rajkot,Madhya Pradesh,83,Active
O07448,Organization_7448,Criminal_Group,Chennai,Uttar Pradesh,4,Active
O07449,Organization_7449,Association,Bhopal,Telangana,50,Active
O07450,Organization_7450,Criminal_Group,Indore,West Bengal,65,Inactive
O07451,Organization_7451,Business,Mumbai,Rajasthan,42,Active
O07452,Organization_7452,Criminal_Group,Ahmedabad,Delhi,36,Under_Investigation
O07453,Organization_7453,Criminal_Group,Bengaluru,Maharashtra,4,Active
O07454,Organization_7454,NGO,Indore,Uttar Pradesh,49,Inactive
O07455,Organization_7455,Criminal_Group,Hyderabad,Madhya Pradesh,51,Active
O07456,Organization_7456,Business,Rajkot,West Bengal,68,Active
O07457,Organization_7457,NGO,Ahmedabad,Madhya Pradesh,95,Under_Investigation
O07458,Organization_7458,Criminal_Group,Surat,Karnataka,58,Active
O07459,Organization_7459,Criminal_Group,Kolkata,Gujarat,96,Active
O07460,Organization_7460,Company,Nagpur,Madhya Pradesh,36,Active
O07461,Organization_7461,Business,Pune,Maharashtra,70,Active
O07462,Organization_7462,Company,Surat,Karnataka,1,Inactive
O07463,Organization_7463,Association,Jaipur,Maharashtra,3,Active
O07464,Organization_7464,Business,Delhi,Uttar Pradesh,8,Active
O07465,Organization_7465,Company,Chennai,Madhya Pradesh,59,Active
O07466,Organization_7466,Company,Bhopal,Gujarat,74,Inactive
O07467,Organization_7467,Criminal_Group,Chennai,Tamil Nadu,59,Active
O07468,Organization_7468,Company,Surat,Delhi,4,Active
O07469,Organization_7469,Company,Nagpur,Delhi,74,Active
O07470,Organization_7470,Company,Indore,Rajasthan,6,Active
O07471,Organization_7471,Criminal_Group,Vadodara,Uttar Pradesh,43,Inactive
O07472,Organization_7472,Criminal_Group,Indore,Gujarat,3,Active
O07473,Organization_7473,Criminal_Group,Lucknow,Maharashtra,1,Active
O07474,Organization_7474,Criminal_Group,Bhopal,Uttar Pradesh,27,Active
O07475,Organization_7475,NGO,Hyderabad,Rajasthan,44,Inactive
O07476,Organization_7476,Criminal_Group,Rajkot,Rajasthan,48,Active
O07477,Organization_7477,Criminal_Group,Mumbai,West Bengal,9,Active
O07478,Organization_7478,NGO,Bhopal,Rajasthan,26,Under_Investigation
O07479,Organization_7479,NGO,Ahmedabad,Telangana,95,Active
O07480,Organization_7480,Criminal_Group,Hyderabad,Karnataka,11,Active
O07481,Organization_7481,Company,Nagpur,Uttar Pradesh,35,Active
O07482,Organization_7482,NGO,Bhopal,Telangana,80,Active
O07483,Organization_7483,Company,Kolkata,Gujarat,65,Active
O07484,Organization_7484,Company,Nagpur,Karnataka,71,Active
O07485,Organization_7485,Association,Chennai,Karnataka,7,Under_Investigation
O07486,Organization_7486,Association,Pune,Delhi,39,Active
O07487,Organization_7487,Criminal_Group,Jaipur,Delhi,37,Active
O07488,Organization_7488,NGO,Hyderabad,West Bengal,9,Under_Investigation
O07489,Organization_7489,Company,Ahmedabad,Uttar Pradesh,98,Active
O07490,Organization_7490,Company,Rajkot,Maharashtra,41,Active
O07491,Organization_7491,Criminal_Group,Chennai,Gujarat,54,Active
O07492,Organization_7492,Criminal_Group,Chennai,Uttar Pradesh,69,Under_Investigation
O07493,Organization_7493,Company,Hyderabad,Karnataka,53,Active
O07494,Organization_7494,Association,Bhopal,Karnataka,9,Active
O07495,Organization_7495,Company,Nagpur,Tamil Nadu,63,Active
O07496,Organization_7496,Business,Pune,Rajasthan,62,Active
O07497,Organization_7497,Company,Vadodara,Uttar Pradesh,8,Active
O07498,Organization_7498,Company,Surat,Karnataka,7,Active
O07499,Organization_7499,Association,Surat,Maharashtra,64,Inactive
O07500,Organization_7500,Company,Indore,Maharashtra,45,Active
O07501,Organization_7501,Business,Lucknow,Maharashtra,24,Inactive
O07502,Organization_7502,NGO,Delhi,Delhi,30,Active
O07503,Organization_7503,Association,Vadodara,Delhi,34,Under_Investigation
O07504,Organization_7504,Criminal_Group,Jaipur,Telangana,90,Active
O07505,Organization_7505,Company,Ahmedabad,Gujarat,62,Inactive
O07506,Organization_7506,Business,Rajkot,Delhi,39,Active
O07507,Organization_7507,Business,Bengaluru,Uttar Pradesh,25,Inactive
O07508,Organization_7508,Business,Surat,Karnataka,70,Inactive
O07509,Organization_7509,Business,Ahmedabad,Rajasthan,48,Inactive
O07510,Organization_7510,Criminal_Group,Bengaluru,Gujarat,11,Active
O07511,Organization_7511,Company,Indore,Telangana,76,Active
O07512,Organization_7512,Company,Surat,Delhi,29,Active
O07513,Organization_7513,Company,Vadodara,Gujarat,56,Active
O07514,Organization_7514,Business,Lucknow,Gujarat,63,Inactive
O07515,Organization_7515,NGO,Lucknow,Telangana,28,Active
O07516,Organization_7516,Criminal_Group,Delhi,Madhya Pradesh,42,Inactive
O07517,Organization_7517,Business,Hyderabad,Delhi,98,Active
O07518,Organization_7518,Business,Chennai,Gujarat,54,Active
O07519,Organization_7519,Business,Bhopal,Tamil Nadu,49,Under_Investigation
O07520,Organization_7520,Business,Vadodara,West Bengal,22,Under_Investigation
O07521,Organization_7521,Business,Hyderabad,Uttar Pradesh,55,Under_Investigation
O07522,Organization_7522,Company,Surat,Gujarat,42,Under_Investigation
O07523,Organization_7523,NGO,Surat,Maharashtra,31,Active
O07524,Organization_7524,Company,Mumbai,West Bengal,83,Inactive
O07525,Organization_7525,Company,Delhi,Maharashtra,63,Under_Investigation
O07526,Organization_7526,Company,Jaipur,Uttar Pradesh,39,Active
O07527,Organization_7527,Criminal_Group,Jaipur,Tamil Nadu,93,Inactive
O07528,Organization_7528,Company,Kolkata,Tamil Nadu,39,Active
O07529,Organization_7529,Business,Indore,Gujarat,50,Under_Investigation
O07530,Organization_7530,Criminal_Group,Indore,West Bengal,3,Under_Investigation
O07531,Organization_7531,Criminal_Group,Ahmedabad,Karnataka,61,Inactive
O07532,Organization_7532,Company,Chennai,West Bengal,60,Active
O07533,Organization_7533,NGO,Rajkot,Madhya Pradesh,99,Active
O07534,Organization_7534,Company,Mumbai,Madhya Pradesh,88,Active
O07535,Organization_7535,Company,Ahmedabad,Delhi,21,Active
O07536,Organization_7536,Business,Pune,Karnataka,66,Active
O07537,Organization_7537,Business,Delhi,Madhya Pradesh,82,Inactive
O07538,Organization_7538,Company,Pune,Gujarat,32,Active
O07539,Organization_7539,Business,Rajkot,Delhi,44,Active
O07540,Organization_7540,Criminal_Group,Vadodara,Gujarat,30,Active
O07541,Organization_7541,NGO,Kolkata,Gujarat,62,Active
O07542,Organization_7542,Criminal_Group,Vadodara,Delhi,6,Inactive
O07543,Organization_7543,Criminal_Group,Rajkot,Rajasthan,11,Inactive
O07544,Organization_7544,Criminal_Group,Rajkot,Telangana,75,Under_Investigation
O07545,Organization_7545,Company,Nagpur,Tamil Nadu,43,Active
O07546,Organization_7546,Company,Vadodara,Karnataka,10,Active
O07547,Organization_7547,Criminal_Group,Bengaluru,Delhi,42,Active
O07548,Organization_7548,Criminal_Group,Ahmedabad,Rajasthan,45,Active
O07549,Organization_7549,Association,Delhi,Tamil Nadu,93,Active
O07550,Organization_7550,NGO,Vadodara,Karnataka,77,Active
O07551,Organization_7551,Criminal_Group,Rajkot,Rajasthan,75,Active
O07552,Organization_7552,NGO,Rajkot,Delhi,41,Active
O07553,Organization_7553,NGO,Hyderabad,Telangana,46,Active
O07554,Organization_7554,Company,Pune,Rajasthan,36,Active
O07555,Organization_7555,NGO,Delhi,Rajasthan,33,Active
O07556,Organization_7556,Criminal_Group,Jaipur,Delhi,30,Active
O07557,Organization_7557,Criminal_Group,Rajkot,Madhya Pradesh,4,Active
O07558,Organization_7558,Company,Nagpur,Telangana,90,Active
O07559,Organization_7559,Criminal_Group,Delhi,Madhya Pradesh,98,Active
O07560,Organization_7560,Criminal_Group,Nagpur,Maharashtra,84,Active
O07561,Organization_7561,Business,Delhi,Delhi,100,Active
O07562,Organization_7562,NGO,Rajkot,Delhi,78,Active
O07563,Organization_7563,Business,Rajkot,Delhi,78,Inactive
O07564,Organization_7564,Company,Bengaluru,Rajasthan,99,Active
O07565,Organization_7565,NGO,Jaipur,Maharashtra,74,Under_Investigation
O07566,Organization_7566,Company,Bhopal,Madhya Pradesh,21,Active
O07567,Organization_7567,Criminal_Group,Ahmedabad,Tamil Nadu,50,Active
O07568,Organization_7568,Criminal_Group,Delhi,Karnataka,86,Active
O07569,Organization_7569,Company,Mumbai,Uttar Pradesh,80,Active
O07570,Organization_7570,NGO,Pune,Delhi,14,Inactive
O07571,Organization_7571,Criminal_Group,Vadodara,West Bengal,17,Inactive
O07572,Organization_7572,Criminal_Group,Ahmedabad,Telangana,78,Under_Investigation
O07573,Organization_7573,Company,Surat,Gujarat,52,Under_Investigation
O07574,Organization_7574,Association,Ahmedabad,Maharashtra,67,Under_Investigation
O07575,Organization_7575,Company,Lucknow,Tamil Nadu,96,Active
O07576,Organization_7576,Company,Jaipur,Karnataka,92,Under_Investigation
O07577,Organization_7577,Association,Vadodara,Gujarat,88,Active
O07578,Organization_7578,NGO,Jaipur,Uttar Pradesh,31,Active
O07579,Organization_7579,Business,Nagpur,West Bengal,37,Inactive
O07580,Organization_7580,Association,Vadodara,Gujarat,56,Under_Investigation
O07581,Organization_7581,Association,Rajkot,Rajasthan,50,Active
O07582,Organization_7582,Criminal_Group,Chennai,Delhi,56,Inactive
O07583,Organization_7583,Company,Jaipur,Gujarat,70,Active
O07584,Organization_7584,Business,Vadodara,Karnataka,8,Active
O07585,Organization_7585,Criminal_Group,Indore,Rajasthan,74,Under_Investigation
O07586,Organization_7586,Company,Ahmedabad,Uttar Pradesh,66,Under_Investigation
O07587,Organization_7587,Criminal_Group,Lucknow,Telangana,71,Inactive
O07588,Organization_7588,NGO,Ahmedabad,Tamil Nadu,66,Under_Investigation
O07589,Organization_7589,Company,Hyderabad,Gujarat,50,Active
O07590,Organization_7590,Criminal_Group,Chennai,Telangana,3,Inactive
O07591,Organization_7591,Company,Delhi,Madhya Pradesh,56,Inactive
O07592,Organization_7592,Criminal_Group,Hyderabad,Gujarat,83,Active
O07593,Organization_7593,Business,Hyderabad,West Bengal,62,Active
O07594,Organization_7594,NGO,Hyderabad,Gujarat,67,Active
O07595,Organization_7595,Business,Bengaluru,Madhya Pradesh,73,Active
O07596,Organization_7596,Company,Bhopal,Telangana,69,Active
O07597,Organization_7597,NGO,Lucknow,Karnataka,74,Active
O07598,Organization_7598,Business,Nagpur,Tamil Nadu,44,Active
O07599,Organization_7599,Criminal_Group,Bengaluru,Karnataka,17,Active
O07600,Organization_7600,Criminal_Group,Hyderabad,Maharashtra,87,Active
O07601,Organization_7601,Business,Rajkot,Karnataka,50,Active
O07602,Organization_7602,Company,Pune,Gujarat,65,Inactive
O07603,Organization_7603,Company,Jaipur,Telangana,97,Active
O07604,Organization_7604,NGO,Vadodara,Telangana,91,Active
O07605,Organization_7605,Company,Lucknow,Gujarat,81,Active
O07606,Organization_7606,Business,Vadodara,Delhi,99,Active
O07607,Organization_7607,Business,Mumbai,West Bengal,87,Under_Investigation
O07608,Organization_7608,Association,Pune,Delhi,34,Active
O07609,Organization_7609,Criminal_Group,Kolkata,Gujarat,30,Under_Investigation
O07610,Organization_7610,Business,Indore,Madhya Pradesh,14,Active
O07611,Organization_7611,Criminal_Group,Lucknow,West Bengal,98,Active
O07612,Organization_7612,Company,Bengaluru,Tamil Nadu,78,Active
O07613,Organization_7613,NGO,Mumbai,West Bengal,80,Active
O07614,Organization_7614,Business,Delhi,Tamil Nadu,6,Active
O07615,Organization_7615,Association,Jaipur,Maharashtra,47,Inactive
O07616,Organization_7616,NGO,Hyderabad,Gujarat,93,Active
O07617,Organization_7617,Criminal_Group,Indore,Gujarat,7,Active
O07618,Organization_7618,Criminal_Group,Bengaluru,Karnataka,96,Active
O07619,Organization_7619,NGO,Bengaluru,Madhya Pradesh,67,Active
O07620,Organization_7620,Criminal_Group,Chennai,Madhya Pradesh,11,Inactive
O07621,Organization_7621,Company,Vadodara,Gujarat,92,Active
O07622,Organization_7622,Criminal_Group,Indore,Tamil Nadu,69,Active
O07623,Organization_7623,Association,Hyderabad,Tamil Nadu,96,Inactive
O07624,Organization_7624,Criminal_Group,Surat,Gujarat,84,Active
O07625,Organization_7625,Association,Hyderabad,Rajasthan,20,Active
O07626,Organization_7626,NGO,Indore,Madhya Pradesh,38,Active
O07627,Organization_7627,Criminal_Group,Pune,Telangana,44,Active
O07628,Organization_7628,Criminal_Group,Delhi,Telangana,22,Under_Investigation
O07629,Organization_7629,Company,Bengaluru,Tamil Nadu,58,Active
O07630,Organization_7630,Company,Ahmedabad,Uttar Pradesh,67,Inactive
O07631,Organization_7631,NGO,Vadodara,Uttar Pradesh,31,Under_Investigation
O07632,Organization_7632,Business,Hyderabad,West Bengal,68,Inactive
O07633,Organization_7633,Company,Indore,West Bengal,36,Active
O07634,Organization_7634,Company,Chennai,Madhya Pradesh,24,Under_Investigation
O07635,Organization_7635,Company,Chennai,Madhya Pradesh,33,Under_Investigation
O07636,Organization_7636,Criminal_Group,Delhi,Tamil Nadu,80,Inactive
O07637,Organization_7637,NGO,Delhi,Madhya Pradesh,24,Active
O07638,Organization_7638,Business,Surat,Gujarat,46,Under_Investigation
O07639,Organization_7639,Association,Nagpur,Rajasthan,83,Active
O07640,Organization_7640,Criminal_Group,Lucknow,Telangana,67,Active
O07641,Organization_7641,Company,Rajkot,Uttar Pradesh,82,Under_Investigation
O07642,Organization_7642,Business,Hyderabad,Tamil Nadu,32,Inactive
O07643,Organization_7643,Company,Bengaluru,Telangana,32,Inactive
O07644,Organization_7644,Business,Ahmedabad,Karnataka,68,Active
O07645,Organization_7645,Association,Lucknow,Delhi,43,Active
O07646,Organization_7646,Criminal_Group,Vadodara,Madhya Pradesh,89,Inactive
O07647,Organization_7647,Company,Rajkot,Gujarat,32,Active
O07648,Organization_7648,NGO,Lucknow,Madhya Pradesh,97,Active
O07649,Organization_7649,Company,Nagpur,Madhya Pradesh,16,Under_Investigation
O07650,Organization_7650,Criminal_Group,Rajkot,Telangana,30,Active
O07651,Organization_7651,Company,Delhi,West Bengal,74,Active
O07652,Organization_7652,Business,Bengaluru,Uttar Pradesh,77,Active
O07653,Organization_7653,Business,Mumbai,Madhya Pradesh,25,Active
O07654,Organization_7654,Association,Jaipur,West Bengal,35,Active
O07655,Organization_7655,Criminal_Group,Delhi,Tamil Nadu,75,Active
O07656,Organization_7656,Business,Chennai,Madhya Pradesh,7,Inactive
O07657,Organization_7657,Association,Delhi,Delhi,61,Active
O07658,Organization_7658,NGO,Delhi,Maharashtra,98,Inactive
O07659,Organization_7659,Association,Delhi,Madhya Pradesh,95,Inactive
O07660,Organization_7660,Criminal_Group,Hyderabad,Maharashtra,52,Active
O07661,Organization_7661,Criminal_Group,Bengaluru,Delhi,97,Active
O07662,Organization_7662,Business,Mumbai,Telangana,9,Inactive
O07663,Organization_7663,Association,Bhopal,Telangana,9,Under_Investigation
O07664,Organization_7664,NGO,Delhi,Maharashtra,68,Active
O07665,Organization_7665,Company,Mumbai,West Bengal,7,Inactive
O07666,Organization_7666,NGO,Chennai,Telangana,44,Inactive
O07667,Organization_7667,Company,Vadodara,Rajasthan,75,Inactive
O07668,Organization_7668,Company,Ahmedabad,Rajasthan,21,Inactive
O07669,Organization_7669,Company,Indore,Delhi,12,Under_Investigation
O07670,Organization_7670,Company,Hyderabad,Maharashtra,59,Inactive
O07671,Organization_7671,Business,Pune,Gujarat,94,Active
O07672,Organization_7672,Business,Jaipur,West Bengal,15,Active
O07673,Organization_7673,Association,Indore,Rajasthan,74,Inactive
O07674,Organization_7674,NGO,Chennai,Madhya Pradesh,67,Active
O07675,Organization_7675,Business,Indore,Uttar Pradesh,96,Active
O07676,Organization_7676,Company,Vadodara,Tamil Nadu,81,Active
O07677,Organization_7677,NGO,Bhopal,Madhya Pradesh,42,Active
O07678,Organization_7678,Company,Jaipur,Gujarat,88,Active
O07679,Organization_7679,Company,Pune,Uttar Pradesh,5,Active
O07680,Organization_7680,Company,Delhi,Delhi,50,Active
O07681,Organization_7681,Business,Rajkot,Gujarat,19,Active
O07682,Organization_7682,Criminal_Group,Rajkot,Madhya Pradesh,97,Active
O07683,Organization_7683,Business,Nagpur,Gujarat,90,Inactive
O07684,Organization_7684,Criminal_Group,Hyderabad,Tamil Nadu,35,Active
O07685,Organization_7685,Association,Pune,Tamil Nadu,77,Active
O07686,Organization_7686,Company,Vadodara,West Bengal,100,Inactive
O07687,Organization_7687,Business,Nagpur,Madhya Pradesh,59,Active
O07688,Organization_7688,Business,Vadodara,Maharashtra,12,Active
O07689,Organization_7689,Business,Jaipur,Delhi,39,Active
O07690,Organization_7690,Criminal_Group,Chennai,West Bengal,44,Active
O07691,Organization_7691,Company,Ahmedabad,Telangana,7,Active
O07692,Organization_7692,Company,Nagpur,Maharashtra,15,Active
O07693,Organization_7693,Criminal_Group,Jaipur,Maharashtra,76,Active
O07694,Organization_7694,Business,Nagpur,Rajasthan,60,Active
O07695,Organization_7695,Criminal_Group,Bhopal,Maharashtra,90,Active
O07696,Organization_7696,Company,Chennai,Tamil Nadu,3,Under_Investigation
O07697,Organization_7697,NGO,Hyderabad,Rajasthan,3,Under_Investigation
O07698,Organization_7698,Business,Ahmedabad,Madhya Pradesh,9,Inactive
O07699,Organization_7699,Criminal_Group,Hyderabad,Delhi,74,Active
O07700,Organization_7700,NGO,Bengaluru,Madhya Pradesh,93,Active
O07701,Organization_7701,Criminal_Group,Delhi,Delhi,94,Active
O07702,Organization_7702,Association,Delhi,Maharashtra,35,Active
O07703,Organization_7703,NGO,Jaipur,Maharashtra,11,Active
O07704,Organization_7704,Company,Nagpur,Uttar Pradesh,70,Active
O07705,Organization_7705,NGO,Kolkata,Tamil Nadu,38,Active
O07706,Organization_7706,NGO,Delhi,Tamil Nadu,32,Active
O07707,Organization_7707,Criminal_Group,Bengaluru,Karnataka,65,Inactive
O07708,Organization_7708,Criminal_Group,Pune,Gujarat,77,Inactive
O07709,Organization_7709,NGO,Rajkot,Tamil Nadu,42,Active
O07710,Organization_7710,Criminal_Group,Chennai,Tamil Nadu,54,Active
O07711,Organization_7711,Criminal_Group,Bhopal,Maharashtra,84,Inactive
O07712,Organization_7712,Criminal_Group,Delhi,Gujarat,52,Active
O07713,Organization_7713,NGO,Bengaluru,Maharashtra,26,Active
O07714,Organization_7714,Association,Chennai,Madhya Pradesh,48,Active
O07715,Organization_7715,Company,Surat,Telangana,1,Active
O07716,Organization_7716,Company,Surat,Telangana,3,Active
O07717,Organization_7717,Business,Rajkot,Delhi,81,Active
O07718,Organization_7718,Criminal_Group,Vadodara,West Bengal,46,Active
O07719,Organization_7719,Criminal_Group,Hyderabad,Rajasthan,59,Active
O07720,Organization_7720,Association,Surat,Maharashtra,22,Active
O07721,Organization_7721,Association,Jaipur,Gujarat,63,Active
O07722,Organization_7722,NGO,Nagpur,Delhi,4,Active
O07723,Organization_7723,Business,Delhi,Gujarat,4,Inactive
O07724,Organization_7724,Company,Ahmedabad,Uttar Pradesh,96,Active
O07725,Organization_7725,Criminal_Group,Jaipur,Delhi,79,Active
O07726,Organization_7726,Association,Bhopal,Delhi,63,Active
O07727,Organization_7727,Criminal_Group,Chennai,Delhi,1,Active
O07728,Organization_7728,NGO,Lucknow,Tamil Nadu,94,Active
O07729,Organization_7729,Criminal_Group,Lucknow,West Bengal,61,Inactive
O07730,Organization_7730,Business,Mumbai,West Bengal,7,Inactive
O07731,Organization_7731,Criminal_Group,Vadodara,Uttar Pradesh,27,Inactive
O07732,Organization_7732,Company,Bengaluru,Telangana,99,Active
O07733,Organization_7733,Criminal_Group,Delhi,Delhi,90,Active
O07734,Organization_7734,Business,Bengaluru,Maharashtra,26,Active
O07735,Organization_7735,Business,Rajkot,Uttar Pradesh,16,Inactive
O07736,Organization_7736,Criminal_Group,Jaipur,Delhi,74,Inactive
O07737,Organization_7737,Criminal_Group,Surat,West Bengal,37,Under_Investigation
O07738,Organization_7738,Criminal_Group,Hyderabad,Madhya Pradesh,65,Active
O07739,Organization_7739,Company,Surat,Maharashtra,81,Active
O07740,Organization_7740,NGO,Bengaluru,West Bengal,9,Active
O07741,Organization_7741,Business,Ahmedabad,Delhi,38,Active
O07742,Organization_7742,Business,Surat,Madhya Pradesh,41,Active
O07743,Organization_7743,Company,Bengaluru,Uttar Pradesh,5,Active
O07744,Organization_7744,Criminal_Group,Kolkata,Gujarat,42,Active
O07745,Organization_7745,NGO,Chennai,Maharashtra,22,Under_Investigation
O07746,Organization_7746,Criminal_Group,Chennai,Gujarat,4,Active
O07747,Organization_7747,Criminal_Group,Jaipur,Uttar Pradesh,33,Inactive
O07748,Organization_7748,Criminal_Group,Bengaluru,Delhi,56,Inactive
O07749,Organization_7749,Company,Lucknow,Uttar Pradesh,12,Active
O07750,Organization_7750,Criminal_Group,Ahmedabad,Delhi,48,Inactive
O07751,Organization_7751,Business,Vadodara,Rajasthan,57,Active
O07752,Organization_7752,Criminal_Group,Surat,West Bengal,53,Active
O07753,Organization_7753,NGO,Lucknow,Delhi,59,Active
O07754,Organization_7754,Company,Pune,Gujarat,90,Active
O07755,Organization_7755,Company,Jaipur,Telangana,90,Active
O07756,Organization_7756,Criminal_Group,Hyderabad,Rajasthan,96,Active
O07757,Organization_7757,Company,Lucknow,Maharashtra,3,Active
O07758,Organization_7758,Criminal_Group,Rajkot,Madhya Pradesh,70,Active
O07759,Organization_7759,NGO,Kolkata,Delhi,13,Inactive
O07760,Organization_7760,Criminal_Group,Chennai,Delhi,83,Active
O07761,Organization_7761,Company,Lucknow,Tamil Nadu,7,Active
O07762,Organization_7762,Company,Vadodara,Gujarat,81,Under_Investigation
O07763,Organization_7763,Company,Mumbai,Maharashtra,83,Active
O07764,Organization_7764,Criminal_Group,Kolkata,Uttar Pradesh,53,Active
O07765,Organization_7765,Criminal_Group,Ahmedabad,Delhi,48,Active
O07766,Organization_7766,Criminal_Group,Lucknow,Gujarat,15,Active
O07767,Organization_7767,Association,Hyderabad,Maharashtra,3,Active
O07768,Organization_7768,NGO,Ahmedabad,Maharashtra,44,Under_Investigation
O07769,Organization_7769,Company,Mumbai,West Bengal,26,Active
O07770,Organization_7770,NGO,Delhi,Maharashtra,42,Active
O07771,Organization_7771,Company,Indore,Tamil Nadu,48,Active
O07772,Organization_7772,Business,Mumbai,Uttar Pradesh,8,Active
O07773,Organization_7773,Criminal_Group,Delhi,Tamil Nadu,74,Active
O07774,Organization_7774,Criminal_Group,Bengaluru,Karnataka,7,Inactive
O07775,Organization_7775,Business,Lucknow,Rajasthan,29,Active
O07776,Organization_7776,Company,Delhi,Uttar Pradesh,65,Active
O07777,Organization_7777,Criminal_Group,Chennai,Madhya Pradesh,28,Active
O07778,Organization_7778,Business,Hyderabad,Rajasthan,52,Active
O07779,Organization_7779,Company,Indore,West Bengal,29,Under_Investigation
O07780,Organization_7780,Criminal_Group,Nagpur,Gujarat,62,Active
O07781,Organization_7781,Company,Mumbai,Tamil Nadu,14,Active
O07782,Organization_7782,Company,Chennai,West Bengal,64,Active
O07783,Organization_7783,Business,Jaipur,Rajasthan,10,Under_Investigation
O07784,Organization_7784,Criminal_Group,Rajkot,Rajasthan,2,Under_Investigation
O07785,Organization_7785,Criminal_Group,Nagpur,Telangana,46,Active
O07786,Organization_7786,Company,Chennai,West Bengal,80,Active
O07787,Organization_7787,Association,Surat,Uttar Pradesh,34,Active
O07788,Organization_7788,Criminal_Group,Delhi,Rajasthan,39,Active
O07789,Organization_7789,Company,Indore,Uttar Pradesh,22,Active
O07790,Organization_7790,Company,Nagpur,Delhi,94,Active
O07791,Organization_7791,Business,Bhopal,Madhya Pradesh,86,Active
O07792,Organization_7792,NGO,Kolkata,Gujarat,78,Active
O07793,Organization_7793,Company,Bhopal,Rajasthan,44,Active
O07794,Organization_7794,Business,Rajkot,West Bengal,70,Active
O07795,Organization_7795,Business,Lucknow,Karnataka,3,Active
O07796,Organization_7796,Business,Indore,Maharashtra,14,Inactive
O07797,Organization_7797,NGO,Delhi,Tamil Nadu,36,Active
O07798,Organization_7798,NGO,Lucknow,Maharashtra,39,Active
O07799,Organization_7799,Business,Mumbai,Gujarat,89,Active
O07800,Organization_7800,Company,Nagpur,Gujarat,23,Active
O07801,Organization_7801,Business,Rajkot,Telangana,96,Inactive
O07802,Organization_7802,Criminal_Group,Surat,Maharashtra,40,Active
O07803,Organization_7803,Company,Nagpur,Uttar Pradesh,95,Active
O07804,Organization_7804,Company,Hyderabad,Madhya Pradesh,94,Active
O07805,Organization_7805,Company,Surat,Gujarat,74,Active
O07806,Organization_7806,Criminal_Group,Bengaluru,West Bengal,39,Active
O07807,Organization_7807,Criminal_Group,Nagpur,West Bengal,88,Under_Investigation
O07808,Organization_7808,Business,Hyderabad,Telangana,59,Active
O07809,Organization_7809,Business,Kolkata,Telangana,31,Active
O07810,Organization_7810,Business,Jaipur,Uttar Pradesh,87,Active
O07811,Organization_7811,Company,Pune,Delhi,26,Active
O07812,Organization_7812,Business,Rajkot,Delhi,63,Under_Investigation
O07813,Organization_7813,NGO,Lucknow,Telangana,65,Active
O07814,Organization_7814,NGO,Surat,Delhi,28,Under_Investigation
O07815,Organization_7815,NGO,Vadodara,Gujarat,30,Active
O07816,Organization_7816,Company,Bengaluru,Uttar Pradesh,3,Active
O07817,Organization_7817,Criminal_Group,Nagpur,Telangana,45,Active
O07818,Organization_7818,Criminal_Group,Vadodara,Maharashtra,69,Active
O07819,Organization_7819,Company,Surat,Gujarat,52,Active
O07820,Organization_7820,Business,Bhopal,Gujarat,46,Under_Investigation
O07821,Organization_7821,NGO,Rajkot,Karnataka,77,Under_Investigation
O07822,Organization_7822,Business,Rajkot,Madhya Pradesh,20,Active
O07823,Organization_7823,Criminal_Group,Delhi,Tamil Nadu,38,Active
O07824,Organization_7824,Business,Kolkata,Uttar Pradesh,16,Active
O07825,Organization_7825,Company,Bhopal,West Bengal,23,Under_Investigation
O07826,Organization_7826,Criminal_Group,Mumbai,Maharashtra,51,Active
O07827,Organization_7827,Company,Vadodara,Uttar Pradesh,8,Active
O07828,Organization_7828,Criminal_Group,Chennai,Rajasthan,48,Active
O07829,Organization_7829,Company,Nagpur,Telangana,39,Active
O07830,Organization_7830,Company,Kolkata,Tamil Nadu,14,Active
O07831,Organization_7831,NGO,Rajkot,Delhi,40,Active
O07832,Organization_7832,Company,Rajkot,Rajasthan,28,Active
O07833,Organization_7833,Business,Surat,Gujarat,81,Under_Investigation
O07834,Organization_7834,Company,Rajkot,Uttar Pradesh,15,Active
O07835,Organization_7835,NGO,Hyderabad,Uttar Pradesh,78,Inactive
O07836,Organization_7836,Company,Surat,Telangana,51,Active
O07837,Organization_7837,Company,Nagpur,West Bengal,79,Under_Investigation
O07838,Organization_7838,Company,Hyderabad,Madhya Pradesh,10,Active
O07839,Organization_7839,Company,Indore,Delhi,30,Under_Investigation
O07840,Organization_7840,Company,Rajkot,Delhi,71,Inactive
O07841,Organization_7841,Company,Pune,Delhi,83,Under_Investigation
O07842,Organization_7842,Company,Chennai,Rajasthan,43,Inactive
O07843,Organization_7843,Company,Pune,Delhi,93,Active
O07844,Organization_7844,Association,Nagpur,Madhya Pradesh,15,Under_Investigation
O07845,Organization_7845,Company,Rajkot,Karnataka,12,Active
O07846,Organization_7846,NGO,Kolkata,Uttar Pradesh,7,Under_Investigation
O07847,Organization_7847,Company,Bengaluru,West Bengal,40,Active
O07848,Organization_7848,Company,Bhopal,Gujarat,53,Active
O07849,Organization_7849,Company,Ahmedabad,Maharashtra,43,Under_Investigation
O07850,Organization_7850,Criminal_Group,Lucknow,Madhya Pradesh,81,Active
O07851,Organization_7851,Company,Vadodara,Rajasthan,23,Active
O07852,Organization_7852,Association,Chennai,Madhya Pradesh,33,Active
O07853,Organization_7853,Business,Lucknow,Tamil Nadu,14,Active
O07854,Organization_7854,Criminal_Group,Chennai,West Bengal,38,Active
O07855,Organization_7855,Association,Chennai,Telangana,45,Active
O07856,Organization_7856,Association,Ahmedabad,Karnataka,99,Active
O07857,Organization_7857,Company,Surat,Madhya Pradesh,55,Active
O07858,Organization_7858,Company,Rajkot,Gujarat,36,Active
O07859,Organization_7859,Company,Bhopal,Tamil Nadu,99,Active
O07860,Organization_7860,Business,Bengaluru,West Bengal,62,Active
O07861,Organization_7861,Company,Lucknow,Uttar Pradesh,25,Active
O07862,Organization_7862,Business,Ahmedabad,Madhya Pradesh,81,Active
O07863,Organization_7863,Company,Pune,Tamil Nadu,76,Active
O07864,Organization_7864,Criminal_Group,Mumbai,Delhi,30,Active
O07865,Organization_7865,Criminal_Group,Ahmedabad,Delhi,46,Active
O07866,Organization_7866,Business,Indore,Tamil Nadu,25,Active
O07867,Organization_7867,Business,Delhi,Delhi,10,Active
O07868,Organization_7868,Company,Hyderabad,Madhya Pradesh,33,Under_Investigation
O07869,Organization_7869,NGO,Vadodara,Tamil Nadu,92,Active
O07870,Organization_7870,Company,Ahmedabad,Karnataka,87,Active
O07871,Organization_7871,Association,Bhopal,West Bengal,31,Active
O07872,Organization_7872,Association,Mumbai,Karnataka,16,Inactive
O07873,Organization_7873,NGO,Lucknow,Karnataka,53,Active
O07874,Organization_7874,Business,Rajkot,Telangana,38,Active
O07875,Organization_7875,Company,Bhopal,Tamil Nadu,9,Active
O07876,Organization_7876,Business,Bengaluru,West Bengal,48,Inactive
O07877,Organization_7877,NGO,Ahmedabad,Telangana,50,Inactive
O07878,Organization_7878,Business,Bhopal,Tamil Nadu,49,Active
O07879,Organization_7879,NGO,Hyderabad,West Bengal,54,Active
O07880,Organization_7880,NGO,Hyderabad,Uttar Pradesh,39,Active
O07881,Organization_7881,Criminal_Group,Bengaluru,West Bengal,17,Active
O07882,Organization_7882,Criminal_Group,Pune,Uttar Pradesh,79,Under_Investigation
O07883,Organization_7883,NGO,Ahmedabad,Delhi,90,Active
O07884,Organization_7884,Association,Ahmedabad,Madhya Pradesh,99,Under_Investigation
O07885,Organization_7885,Business,Ahmedabad,Gujarat,36,Active
O07886,Organization_7886,Business,Nagpur,Maharashtra,75,Under_Investigation
O07887,Organization_7887,Criminal_Group,Bhopal,Tamil Nadu,92,Active
O07888,Organization_7888,Business,Kolkata,Telangana,47,Under_Investigation
O07889,Organization_7889,NGO,Bhopal,Telangana,21,Active
O07890,Organization_7890,NGO,Indore,West Bengal,98,Active
O07891,Organization_7891,NGO,Nagpur,Uttar Pradesh,78,Active
O07892,Organization_7892,Company,Mumbai,West Bengal,2,Active
O07893,Organization_7893,Criminal_Group,Jaipur,Tamil Nadu,6,Active
O07894,Organization_7894,Criminal_Group,Rajkot,Tamil Nadu,94,Active
O07895,Organization_7895,Business,Hyderabad,Uttar Pradesh,84,Active
O07896,Organization_7896,Criminal_Group,Surat,Gujarat,94,Inactive
O07897,Organization_7897,NGO,Delhi,Madhya Pradesh,70,Active
O07898,Organization_7898,Company,Bengaluru,Maharashtra,45,Inactive
O07899,Organization_7899,NGO,Indore,Delhi,39,Active
O07900,Organization_7900,Criminal_Group,Bhopal,West Bengal,67,Active
O07901,Organization_7901,Criminal_Group,Lucknow,Delhi,79,Under_Investigation
O07902,Organization_7902,Criminal_Group,Lucknow,Maharashtra,99,Active
O07903,Organization_7903,Association,Mumbai,Karnataka,87,Active
O07904,Organization_7904,Business,Nagpur,Gujarat,27,Active
O07905,Organization_7905,Company,Vadodara,Telangana,57,Active
O07906,Organization_7906,Company,Nagpur,West Bengal,100,Active
O07907,Organization_7907,Criminal_Group,Mumbai,Tamil Nadu,99,Active
O07908,Organization_7908,Association,Ahmedabad,Delhi,38,Inactive
O07909,Organization_7909,Company,Vadodara,Tamil Nadu,72,Active
O07910,Organization_7910,Criminal_Group,Lucknow,Rajasthan,91,Active
O07911,Organization_7911,Company,Rajkot,Rajasthan,78,Inactive
O07912,Organization_7912,NGO,Bhopal,Rajasthan,28,Under_Investigation
O07913,Organization_7913,Association,Mumbai,Telangana,90,Active
O07914,Organization_7914,Company,Ahmedabad,Telangana,45,Active
O07915,Organization_7915,Association,Kolkata,Maharashtra,56,Active
O07916,Organization_7916,Company,Ahmedabad,Telangana,4,Active
O07917,Organization_7917,Business,Mumbai,Maharashtra,36,Active
O07918,Organization_7918,Association,Chennai,Rajasthan,3,Active
O07919,Organization_7919,Criminal_Group,Bhopal,Gujarat,17,Active
O07920,Organization_7920,Criminal_Group,Bhopal,Gujarat,12,Active
O07921,Organization_7921,Association,Indore,Telangana,64,Under_Investigation
O07922,Organization_7922,Business,Lucknow,Telangana,11,Active
O07923,Organization_7923,Company,Bhopal,Gujarat,32,Active
O07924,Organization_7924,Company,Hyderabad,Madhya Pradesh,76,Active
O07925,Organization_7925,Company,Rajkot,Gujarat,46,Active
O07926,Organization_7926,Company,Kolkata,West Bengal,8,Active
O07927,Organization_7927,NGO,Nagpur,West Bengal,70,Active
O07928,Organization_7928,Business,Hyderabad,Tamil Nadu,69,Active
O07929,Organization_7929,Company,Kolkata,Uttar Pradesh,36,Active
O07930,Organization_7930,Company,Hyderabad,Madhya Pradesh,92,Active
O07931,Organization_7931,Company,Mumbai,Uttar Pradesh,20,Active
O07932,Organization_7932,Company,Indore,Maharashtra,14,Active
O07933,Organization_7933,Criminal_Group,Jaipur,Madhya Pradesh,30,Inactive
O07934,Organization_7934,NGO,Pune,Tamil Nadu,6,Inactive
O07935,Organization_7935,Business,Surat,West Bengal,40,Active
O07936,Organization_7936,Criminal_Group,Pune,Delhi,57,Inactive
O07937,Organization_7937,Company,Nagpur,Rajasthan,6,Active
O07938,Organization_7938,Company,Jaipur,Gujarat,31,Active
O07939,Organization_7939,Company,Indore,Delhi,61,Inactive
O07940,Organization_7940,Association,Chennai,Gujarat,12,Under_Investigation
O07941,Organization_7941,Criminal_Group,Bhopal,Karnataka,93,Active
O07942,Organization_7942,Criminal_Group,Lucknow,Delhi,70,Active
O07943,Organization_7943,NGO,Pune,Gujarat,15,Under_Investigation
O07944,Organization_7944,Criminal_Group,Hyderabad,Gujarat,93,Active
O07945,Organization_7945,Business,Mumbai,Karnataka,42,Active
O07946,Organization_7946,Company,Ahmedabad,Karnataka,38,Active
O07947,Organization_7947,Criminal_Group,Hyderabad,Karnataka,82,Active
O07948,Organization_7948,NGO,Chennai,Rajasthan,38,Active
O07949,Organization_7949,Company,Lucknow,Telangana,71,Active
O07950,Organization_7950,Association,Jaipur,Madhya Pradesh,79,Active
O07951,Organization_7951,Company,Pune,Gujarat,6,Active
O07952,Organization_7952,Business,Chennai,Tamil Nadu,73,Active
O07953,Organization_7953,Association,Ahmedabad,Maharashtra,88,Under_Investigation
O07954,Organization_7954,NGO,Pune,Karnataka,74,Active
O07955,Organization_7955,Association,Ahmedabad,Karnataka,6,Active
O07956,Organization_7956,Association,Mumbai,Karnataka,98,Under_Investigation
O07957,Organization_7957,Criminal_Group,Ahmedabad,Karnataka,86,Active
O07958,Organization_7958,Business,Nagpur,Rajasthan,32,Active
O07959,Organization_7959,Company,Ahmedabad,Maharashtra,57,Active
O07960,Organization_7960,Criminal_Group,Rajkot,Telangana,64,Under_Investigation
O07961,Organization_7961,Business,Nagpur,Rajasthan,53,Inactive
O07962,Organization_7962,Association,Lucknow,Tamil Nadu,3,Inactive
O07963,Organization_7963,Business,Bhopal,Maharashtra,73,Active
O07964,Organization_7964,Association,Rajkot,Karnataka,61,Active
O07965,Organization_7965,Business,Rajkot,West Bengal,84,Active
O07966,Organization_7966,Business,Vadodara,Uttar Pradesh,41,Active
O07967,Organization_7967,Business,Kolkata,Maharashtra,19,Active
O07968,Organization_7968,Business,Rajkot,Telangana,68,Active
O07969,Organization_7969,Criminal_Group,Bhopal,Madhya Pradesh,33,Under_Investigation
O07970,Organization_7970,Criminal_Group,Surat,Madhya Pradesh,49,Active
O07971,Organization_7971,Company,Hyderabad,Tamil Nadu,39,Under_Investigation
O07972,Organization_7972,Company,Ahmedabad,West Bengal,45,Under_Investigation
O07973,Organization_7973,Company,Indore,West Bengal,14,Active
O07974,Organization_7974,Criminal_Group,Pune,Uttar Pradesh,8,Inactive
O07975,Organization_7975,Company,Mumbai,Maharashtra,87,Active
O07976,Organization_7976,Company,Kolkata,Uttar Pradesh,71,Active
O07977,Organization_7977,NGO,Bengaluru,Uttar Pradesh,48,Active
O07978,Organization_7978,Association,Vadodara,Delhi,97,Active
O07979,Organization_7979,Company,Indore,Uttar Pradesh,35,Active
O07980,Organization_7980,Criminal_Group,Mumbai,Telangana,74,Inactive
O07981,Organization_7981,Company,Surat,Madhya Pradesh,46,Under_Investigation
O07982,Organization_7982,Criminal_Group,Indore,Delhi,18,Under_Investigation
O07983,Organization_7983,Company,Ahmedabad,Gujarat,90,Under_Investigation
O07984,Organization_7984,Company,Bhopal,Rajasthan,20,Active
O07985,Organization_7985,Company,Lucknow,Karnataka,90,Inactive
O07986,Organization_7986,Company,Hyderabad,Karnataka,69,Active
O07987,Organization_7987,Company,Pune,Rajasthan,38,Active
O07988,Organization_7988,Criminal_Group,Indore,Tamil Nadu,66,Active
O07989,Organization_7989,Association,Vadodara,Maharashtra,13,Active
O07990,Organization_7990,NGO,Chennai,Madhya Pradesh,23,Under_Investigation
O07991,Organization_7991,NGO,Kolkata,Gujarat,1,Inactive
O07992,Organization_7992,Association,Bhopal,Gujarat,73,Active
O07993,Organization_7993,Criminal_Group,Pune,West Bengal,90,Active
O07994,Organization_7994,Company,Hyderabad,Telangana,48,Active
O07995,Organization_7995,Criminal_Group,Ahmedabad,Rajasthan,39,Active
O07996,Organization_7996,NGO,Delhi,Telangana,9,Active
O07997,Organization_7997,Company,Surat,Madhya Pradesh,19,Inactive
O07998,Organization_7998,Criminal_Group,Indore,Karnataka,46,Active
O07999,Organization_7999,Company,Indore,Telangana,9,Active
O08000,Organization_8000,Company,Jaipur,Tamil Nadu,70,Active
O08001,Organization_8001,NGO,Vadodara,Karnataka,38,Active
O08002,Organization_8002,Business,Ahmedabad,Karnataka,95,Active
O08003,Organization_8003,Criminal_Group,Rajkot,Delhi,37,Active
O08004,Organization_8004,NGO,Vadodara,Rajasthan,87,Active
O08005,Organization_8005,Business,Bengaluru,Maharashtra,70,Active
O08006,Organization_8006,Criminal_Group,Chennai,Rajasthan,15,Active
O08007,Organization_8007,Criminal_Group,Ahmedabad,Gujarat,53,Active
O08008,Organization_8008,Association,Jaipur,West Bengal,77,Inactive
O08009,Organization_8009,Association,Kolkata,West Bengal,87,Active
O08010,Organization_8010,Association,Mumbai,Delhi,2,Active
O08011,Organization_8011,Criminal_Group,Mumbai,Delhi,93,Active
O08012,Organization_8012,Business,Bengaluru,Rajasthan,85,Active
O08013,Organization_8013,Business,Ahmedabad,Tamil Nadu,90,Inactive
O08014,Organization_8014,Business,Mumbai,Karnataka,64,Active
O08015,Organization_8015,Business,Delhi,Karnataka,84,Active
O08016,Organization_8016,Company,Delhi,Maharashtra,6,Active
O08017,Organization_8017,Association,Delhi,Tamil Nadu,74,Active
O08018,Organization_8018,Criminal_Group,Jaipur,Telangana,86,Active
O08019,Organization_8019,NGO,Surat,Telangana,100,Active
O08020,Organization_8020,Business,Indore,Madhya Pradesh,99,Active
O08021,Organization_8021,NGO,Indore,Tamil Nadu,9,Active
O08022,Organization_8022,Criminal_Group,Bhopal,West Bengal,39,Active
O08023,Organization_8023,Criminal_Group,Lucknow,Tamil Nadu,38,Active
O08024,Organization_8024,Criminal_Group,Indore,Karnataka,83,Active
O08025,Organization_8025,Company,Delhi,Madhya Pradesh,31,Active
O08026,Organization_8026,Association,Kolkata,West Bengal,81,Under_Investigation
O08027,Organization_8027,Business,Lucknow,Uttar Pradesh,10,Active
O08028,Organization_8028,Association,Nagpur,Telangana,94,Active
O08029,Organization_8029,NGO,Lucknow,Karnataka,83,Active
O08030,Organization_8030,Company,Bengaluru,Madhya Pradesh,68,Active
O08031,Organization_8031,NGO,Mumbai,Karnataka,20,Inactive
O08032,Organization_8032,Business,Jaipur,Tamil Nadu,17,Active
O08033,Organization_8033,Criminal_Group,Vadodara,Telangana,79,Under_Investigation
O08034,Organization_8034,Business,Vadodara,Gujarat,74,Active
O08035,Organization_8035,Company,Surat,Madhya Pradesh,10,Active
O08036,Organization_8036,NGO,Delhi,West Bengal,85,Active
O08037,Organization_8037,NGO,Nagpur,Rajasthan,91,Active
O08038,Organization_8038,NGO,Hyderabad,Telangana,78,Active
O08039,Organization_8039,Criminal_Group,Bengaluru,Rajasthan,100,Inactive
O08040,Organization_8040,Criminal_Group,Delhi,Karnataka,32,Under_Investigation
O08041,Organization_8041,NGO,Kolkata,Tamil Nadu,26,Active
O08042,Organization_8042,Criminal_Group,Bhopal,Rajasthan,71,Active
O08043,Organization_8043,Company,Mumbai,Rajasthan,25,Under_Investigation
O08044,Organization_8044,NGO,Hyderabad,Delhi,48,Active
O08045,Organization_8045,Association,Mumbai,Madhya Pradesh,47,Active
O08046,Organization_8046,Company,Kolkata,Madhya Pradesh,36,Active
O08047,Organization_8047,NGO,Delhi,Tamil Nadu,40,Inactive
O08048,Organization_8048,Association,Vadodara,Telangana,45,Under_Investigation
O08049,Organization_8049,Association,Vadodara,Uttar Pradesh,43,Under_Investigation
O08050,Organization_8050,Criminal_Group,Surat,Gujarat,53,Under_Investigation
O08051,Organization_8051,NGO,Ahmedabad,Telangana,46,Active
O08052,Organization_8052,Company,Kolkata,Delhi,15,Active
O08053,Organization_8053,Company,Ahmedabad,Telangana,74,Active
O08054,Organization_8054,Business,Surat,Madhya Pradesh,5,Active
O08055,Organization_8055,Company,Bengaluru,Tamil Nadu,4,Inactive
O08056,Organization_8056,Company,Bengaluru,Delhi,62,Active
O08057,Organization_8057,Company,Bengaluru,Maharashtra,26,Inactive
O08058,Organization_8058,Criminal_Group,Surat,Rajasthan,58,Active
O08059,Organization_8059,Company,Indore,Tamil Nadu,30,Active
O08060,Organization_8060,NGO,Pune,Karnataka,94,Active
O08061,Organization_8061,Company,Pune,Karnataka,51,Active
O08062,Organization_8062,Company,Nagpur,Delhi,84,Active
O08063,Organization_8063,Criminal_Group,Vadodara,West Bengal,41,Under_Investigation
O08064,Organization_8064,Company,Ahmedabad,Karnataka,70,Under_Investigation
O08065,Organization_8065,NGO,Ahmedabad,Delhi,79,Active
O08066,Organization_8066,Company,Kolkata,West Bengal,17,Active
O08067,Organization_8067,Business,Rajkot,Maharashtra,93,Active
O08068,Organization_8068,Company,Vadodara,Maharashtra,45,Active
O08069,Organization_8069,Criminal_Group,Rajkot,Gujarat,18,Active
O08070,Organization_8070,Criminal_Group,Rajkot,Tamil Nadu,69,Active
O08071,Organization_8071,Business,Chennai,Telangana,59,Active
O08072,Organization_8072,Business,Chennai,Delhi,16,Active
O08073,Organization_8073,Company,Bhopal,Rajasthan,83,Active
O08074,Organization_8074,Criminal_Group,Pune,Uttar Pradesh,74,Inactive
O08075,Organization_8075,Criminal_Group,Vadodara,Gujarat,9,Active
O08076,Organization_8076,Company,Vadodara,Telangana,63,Active
O08077,Organization_8077,Criminal_Group,Mumbai,Uttar Pradesh,39,Active
O08078,Organization_8078,Business,Bengaluru,Telangana,77,Active
O08079,Organization_8079,Criminal_Group,Rajkot,Karnataka,30,Active
O08080,Organization_8080,Business,Vadodara,Tamil Nadu,32,Active
O08081,Organization_8081,Association,Bhopal,Karnataka,61,Under_Investigation
O08082,Organization_8082,Company,Delhi,Rajasthan,62,Active
O08083,Organization_8083,Company,Bengaluru,Tamil Nadu,76,Active
O08084,Organization_8084,Business,Hyderabad,Gujarat,6,Active
O08085,Organization_8085,Business,Lucknow,West Bengal,3,Active
O08086,Organization_8086,Company,Rajkot,West Bengal,67,Under_Investigation
O08087,Organization_8087,Association,Kolkata,Delhi,2,Active
O08088,Organization_8088,Company,Nagpur,Uttar Pradesh,31,Active
O08089,Organization_8089,Business,Indore,Karnataka,90,Active
O08090,Organization_8090,Business,Ahmedabad,Gujarat,5,Inactive
O08091,Organization_8091,Criminal_Group,Surat,Telangana,80,Active
O08092,Organization_8092,Company,Bengaluru,Karnataka,21,Under_Investigation
O08093,Organization_8093,Business,Jaipur,Madhya Pradesh,93,Under_Investigation
O08094,Organization_8094,Business,Bhopal,Maharashtra,19,Active
O08095,Organization_8095,NGO,Vadodara,Madhya Pradesh,7,Active
O08096,Organization_8096,Business,Rajkot,Rajasthan,24,Active
O08097,Organization_8097,Association,Rajkot,Rajasthan,23,Active
O08098,Organization_8098,NGO,Vadodara,Rajasthan,77,Active
O08099,Organization_8099,NGO,Delhi,Uttar Pradesh,44,Inactive
O08100,Organization_8100,Company,Surat,Rajasthan,25,Active
O08101,Organization_8101,Association,Vadodara,Delhi,21,Under_Investigation
O08102,Organization_8102,Criminal_Group,Delhi,Karnataka,66,Active
O08103,Organization_8103,NGO,Delhi,Madhya Pradesh,91,Active
O08104,Organization_8104,Company,Surat,Gujarat,4,Active
O08105,Organization_8105,NGO,Rajkot,Uttar Pradesh,7,Inactive
O08106,Organization_8106,Business,Kolkata,Karnataka,78,Active
O08107,Organization_8107,Association,Pune,Telangana,61,Active
O08108,Organization_8108,Association,Lucknow,Tamil Nadu,86,Active
O08109,Organization_8109,Company,Bengaluru,Rajasthan,56,Active
O08110,Organization_8110,Company,Mumbai,Uttar Pradesh,25,Active
O08111,Organization_8111,Company,Nagpur,Delhi,24,Inactive
O08112,Organization_8112,Business,Kolkata,Maharashtra,75,Active
O08113,Organization_8113,Company,Jaipur,Rajasthan,16,Inactive
O08114,Organization_8114,Company,Ahmedabad,West Bengal,27,Active
O08115,Organization_8115,Company,Kolkata,Karnataka,54,Active
O08116,Organization_8116,Company,Chennai,Karnataka,26,Inactive
O08117,Organization_8117,NGO,Vadodara,Gujarat,83,Active
O08118,Organization_8118,Business,Lucknow,Delhi,23,Active
O08119,Organization_8119,Business,Rajkot,Tamil Nadu,66,Active
O08120,Organization_8120,Business,Bhopal,Delhi,92,Active
O08121,Organization_8121,Company,Mumbai,Madhya Pradesh,70,Inactive
O08122,Organization_8122,Business,Rajkot,Rajasthan,39,Under_Investigation
O08123,Organization_8123,Criminal_Group,Ahmedabad,Karnataka,30,Under_Investigation
O08124,Organization_8124,Business,Nagpur,Gujarat,13,Active
O08125,Organization_8125,Criminal_Group,Vadodara,Uttar Pradesh,79,Under_Investigation
O08126,Organization_8126,NGO,Bhopal,Madhya Pradesh,16,Active
O08127,Organization_8127,Company,Surat,Karnataka,7,Active
O08128,Organization_8128,Company,Indore,Gujarat,70,Inactive
O08129,Organization_8129,Business,Jaipur,Gujarat,56,Active
O08130,Organization_8130,NGO,Indore,Gujarat,35,Active
O08131,Organization_8131,Criminal_Group,Bhopal,Uttar Pradesh,68,Active
O08132,Organization_8132,Business,Rajkot,Madhya Pradesh,32,Under_Investigation
O08133,Organization_8133,Company,Pune,Maharashtra,51,Inactive
O08134,Organization_8134,Company,Hyderabad,Tamil Nadu,100,Active
O08135,Organization_8135,Criminal_Group,Pune,Maharashtra,41,Active
O08136,Organization_8136,Business,Indore,Rajasthan,19,Inactive
O08137,Organization_8137,Criminal_Group,Delhi,Tamil Nadu,33,Inactive
O08138,Organization_8138,NGO,Kolkata,Maharashtra,49,Active
O08139,Organization_8139,Business,Delhi,Karnataka,84,Inactive
O08140,Organization_8140,Business,Delhi,Uttar Pradesh,65,Under_Investigation
O08141,Organization_8141,Business,Jaipur,Gujarat,26,Active
O08142,Organization_8142,Company,Jaipur,Madhya Pradesh,39,Active
O08143,Organization_8143,Criminal_Group,Hyderabad,West Bengal,86,Under_Investigation
O08144,Organization_8144,Company,Lucknow,Gujarat,26,Active
O08145,Organization_8145,Criminal_Group,Rajkot,Rajasthan,96,Inactive
O08146,Organization_8146,Business,Kolkata,Madhya Pradesh,30,Active
O08147,Organization_8147,Business,Lucknow,Karnataka,31,Active
O08148,Organization_8148,Company,Mumbai,Rajasthan,98,Inactive
O08149,Organization_8149,Business,Rajkot,Karnataka,3,Active
O08150,Organization_8150,Criminal_Group,Kolkata,Karnataka,86,Inactive
O08151,Organization_8151,Business,Ahmedabad,Telangana,22,Active
O08152,Organization_8152,Company,Surat,Rajasthan,40,Active
O08153,Organization_8153,Association,Kolkata,Gujarat,38,Inactive
O08154,Organization_8154,NGO,Bengaluru,Tamil Nadu,32,Active
O08155,Organization_8155,Company,Bengaluru,Tamil Nadu,26,Inactive
O08156,Organization_8156,Company,Vadodara,Madhya Pradesh,27,Active
O08157,Organization_8157,Criminal_Group,Chennai,Maharashtra,24,Active
O08158,Organization_8158,Business,Bhopal,Madhya Pradesh,6,Active
O08159,Organization_8159,Business,Bhopal,Uttar Pradesh,73,Active
O08160,Organization_8160,Criminal_Group,Kolkata,Gujarat,61,Active
O08161,Organization_8161,Company,Indore,Gujarat,91,Under_Investigation
O08162,Organization_8162,Company,Rajkot,Uttar Pradesh,8,Active
O08163,Organization_8163,Association,Rajkot,Gujarat,94,Active
O08164,Organization_8164,Company,Mumbai,Madhya Pradesh,79,Active
O08165,Organization_8165,Criminal_Group,Ahmedabad,Maharashtra,59,Under_Investigation
O08166,Organization_8166,Company,Chennai,Maharashtra,74,Active
O08167,Organization_8167,Company,Vadodara,Uttar Pradesh,22,Under_Investigation
O08168,Organization_8168,NGO,Hyderabad,Maharashtra,74,Active
O08169,Organization_8169,Business,Chennai,Madhya Pradesh,6,Inactive
O08170,Organization_8170,Company,Surat,Karnataka,93,Active
O08171,Organization_8171,NGO,Kolkata,Rajasthan,81,Inactive
O08172,Organization_8172,Business,Bhopal,Gujarat,70,Active
O08173,Organization_8173,NGO,Bhopal,Karnataka,82,Active
O08174,Organization_8174,NGO,Hyderabad,Rajasthan,41,Under_Investigation
O08175,Organization_8175,Criminal_Group,Rajkot,Delhi,3,Active
O08176,Organization_8176,Association,Bengaluru,Rajasthan,94,Inactive
O08177,Organization_8177,NGO,Kolkata,Tamil Nadu,57,Active
O08178,Organization_8178,Company,Lucknow,West Bengal,25,Active
O08179,Organization_8179,Company,Mumbai,Rajasthan,42,Active
O08180,Organization_8180,Company,Indore,Tamil Nadu,24,Active
O08181,Organization_8181,Criminal_Group,Pune,Karnataka,25,Active
O08182,Organization_8182,NGO,Rajkot,Uttar Pradesh,99,Inactive
O08183,Organization_8183,NGO,Chennai,Uttar Pradesh,86,Under_Investigation
O08184,Organization_8184,Company,Hyderabad,Gujarat,6,Active
O08185,Organization_8185,Company,Hyderabad,Rajasthan,98,Inactive
O08186,Organization_8186,NGO,Vadodara,Rajasthan,82,Active
O08187,Organization_8187,Criminal_Group,Vadodara,Gujarat,29,Active
O08188,Organization_8188,Company,Bhopal,Uttar Pradesh,67,Under_Investigation
O08189,Organization_8189,Business,Ahmedabad,Madhya Pradesh,30,Under_Investigation
O08190,Organization_8190,Business,Vadodara,Madhya Pradesh,26,Active
O08191,Organization_8191,Company,Mumbai,Rajasthan,98,Active
O08192,Organization_8192,Company,Delhi,Maharashtra,95,Active
O08193,Organization_8193,Business,Surat,Maharashtra,32,Active
O08194,Organization_8194,Criminal_Group,Nagpur,Tamil Nadu,60,Active
O08195,Organization_8195,NGO,Bhopal,Rajasthan,93,Active
O08196,Organization_8196,Company,Bengaluru,Telangana,79,Active
O08197,Organization_8197,Company,Chennai,Gujarat,82,Active
O08198,Organization_8198,Criminal_Group,Vadodara,Maharashtra,33,Active
O08199,Organization_8199,Criminal_Group,Kolkata,Telangana,47,Under_Investigation
O08200,Organization_8200,Criminal_Group,Chennai,Madhya Pradesh,27,Active
O08201,Organization_8201,Criminal_Group,Surat,Tamil Nadu,30,Active
O08202,Organization_8202,NGO,Vadodara,Gujarat,11,Active
O08203,Organization_8203,NGO,Hyderabad,Madhya Pradesh,79,Active
O08204,Organization_8204,Company,Indore,Uttar Pradesh,14,Active
O08205,Organization_8205,Association,Rajkot,Maharashtra,92,Active
O08206,Organization_8206,Criminal_Group,Nagpur,Gujarat,27,Under_Investigation
O08207,Organization_8207,NGO,Rajkot,Rajasthan,39,Inactive
O08208,Organization_8208,Association,Bhopal,Madhya Pradesh,41,Active
O08209,Organization_8209,Business,Chennai,Delhi,38,Active
O08210,Organization_8210,Association,Bengaluru,Gujarat,85,Active
O08211,Organization_8211,Association,Jaipur,Uttar Pradesh,16,Under_Investigation
O08212,Organization_8212,Business,Surat,Karnataka,96,Active
O08213,Organization_8213,NGO,Lucknow,Rajasthan,9,Active
O08214,Organization_8214,Business,Indore,Maharashtra,28,Inactive
O08215,Organization_8215,NGO,Nagpur,Rajasthan,17,Inactive
O08216,Organization_8216,Company,Lucknow,Madhya Pradesh,72,Active
O08217,Organization_8217,Business,Chennai,West Bengal,11,Active
O08218,Organization_8218,NGO,Lucknow,Rajasthan,2,Active
O08219,Organization_8219,Association,Chennai,Delhi,87,Under_Investigation
O08220,Organization_8220,Company,Indore,Madhya Pradesh,21,Active
O08221,Organization_8221,Company,Ahmedabad,West Bengal,94,Active
O08222,Organization_8222,Business,Bengaluru,Delhi,40,Active
O08223,Organization_8223,Business,Pune,West Bengal,21,Under_Investigation
O08224,Organization_8224,NGO,Delhi,Rajasthan,82,Active
O08225,Organization_8225,Company,Vadodara,Telangana,34,Active
O08226,Organization_8226,Business,Delhi,Tamil Nadu,78,Active
O08227,Organization_8227,Company,Lucknow,Tamil Nadu,87,Under_Investigation
O08228,Organization_8228,NGO,Pune,Delhi,38,Active
O08229,Organization_8229,Criminal_Group,Indore,West Bengal,57,Active
O08230,Organization_8230,Company,Delhi,Maharashtra,34,Active
O08231,Organization_8231,Company,Delhi,Delhi,33,Active
O08232,Organization_8232,Company,Nagpur,Tamil Nadu,16,Active
O08233,Organization_8233,Business,Kolkata,Madhya Pradesh,55,Active
O08234,Organization_8234,Company,Chennai,Maharashtra,54,Active
O08235,Organization_8235,Criminal_Group,Surat,Rajasthan,92,Inactive
O08236,Organization_8236,Company,Nagpur,Gujarat,81,Under_Investigation
O08237,Organization_8237,Business,Vadodara,Gujarat,54,Active
O08238,Organization_8238,Business,Pune,Rajasthan,73,Active
O08239,Organization_8239,Company,Hyderabad,Rajasthan,67,Inactive
O08240,Organization_8240,Criminal_Group,Surat,Karnataka,65,Active
O08241,Organization_8241,Criminal_Group,Bhopal,Gujarat,65,Active
O08242,Organization_8242,Company,Ahmedabad,West Bengal,55,Active
O08243,Organization_8243,Company,Indore,Madhya Pradesh,96,Active
O08244,Organization_8244,NGO,Nagpur,West Bengal,89,Under_Investigation
O08245,Organization_8245,NGO,Rajkot,Maharashtra,25,Active
O08246,Organization_8246,Association,Nagpur,Karnataka,18,Active
O08247,Organization_8247,Criminal_Group,Bhopal,Karnataka,9,Active
O08248,Organization_8248,Criminal_Group,Vadodara,Rajasthan,45,Active
O08249,Organization_8249,NGO,Jaipur,Telangana,17,Active
O08250,Organization_8250,Company,Delhi,Rajasthan,95,Active
O08251,Organization_8251,Company,Jaipur,Tamil Nadu,49,Active
O08252,Organization_8252,Business,Indore,Tamil Nadu,68,Inactive
O08253,Organization_8253,Company,Nagpur,Rajasthan,30,Active
O08254,Organization_8254,Criminal_Group,Bengaluru,West Bengal,84,Inactive
O08255,Organization_8255,NGO,Pune,Delhi,6,Inactive
O08256,Organization_8256,Company,Nagpur,West Bengal,23,Active
O08257,Organization_8257,Criminal_Group,Indore,Gujarat,23,Active
O08258,Organization_8258,Association,Pune,Delhi,58,Active
O08259,Organization_8259,NGO,Pune,Telangana,17,Active
O08260,Organization_8260,Company,Nagpur,Delhi,10,Inactive
O08261,Organization_8261,Business,Rajkot,Tamil Nadu,94,Active
O08262,Organization_8262,Company,Kolkata,Telangana,37,Active
O08263,Organization_8263,Business,Surat,Tamil Nadu,1,Active
O08264,Organization_8264,Company,Ahmedabad,Telangana,91,Active
O08265,Organization_8265,Company,Surat,West Bengal,73,Under_Investigation
O08266,Organization_8266,Association,Pune,Uttar Pradesh,55,Active
O08267,Organization_8267,NGO,Hyderabad,Madhya Pradesh,75,Under_Investigation
O08268,Organization_8268,Association,Surat,Delhi,26,Active
O08269,Organization_8269,NGO,Vadodara,Rajasthan,55,Active
O08270,Organization_8270,Business,Indore,Uttar Pradesh,80,Active
O08271,Organization_8271,Criminal_Group,Hyderabad,Maharashtra,16,Active
O08272,Organization_8272,Criminal_Group,Bhopal,Karnataka,12,Active
O08273,Organization_8273,NGO,Lucknow,Rajasthan,79,Active
O08274,Organization_8274,Association,Surat,Karnataka,68,Under_Investigation
O08275,Organization_8275,Criminal_Group,Bengaluru,Telangana,62,Under_Investigation
O08276,Organization_8276,Business,Pune,Delhi,56,Inactive
O08277,Organization_8277,NGO,Indore,Uttar Pradesh,52,Active
O08278,Organization_8278,Criminal_Group,Lucknow,Delhi,82,Under_Investigation
O08279,Organization_8279,Company,Jaipur,West Bengal,98,Active
O08280,Organization_8280,Company,Bengaluru,Uttar Pradesh,32,Active
O08281,Organization_8281,NGO,Kolkata,Delhi,89,Under_Investigation
O08282,Organization_8282,Criminal_Group,Rajkot,Uttar Pradesh,61,Inactive
O08283,Organization_8283,NGO,Delhi,Rajasthan,99,Active
O08284,Organization_8284,NGO,Surat,Uttar Pradesh,98,Active
O08285,Organization_8285,Company,Nagpur,Karnataka,13,Active
O08286,Organization_8286,Business,Lucknow,Uttar Pradesh,46,Inactive
O08287,Organization_8287,Association,Kolkata,Madhya Pradesh,92,Under_Investigation
O08288,Organization_8288,NGO,Indore,Karnataka,63,Active
O08289,Organization_8289,NGO,Jaipur,Maharashtra,9,Active
O08290,Organization_8290,Company,Vadodara,Tamil Nadu,35,Inactive
O08291,Organization_8291,Criminal_Group,Surat,Delhi,11,Active
O08292,Organization_8292,Business,Vadodara,Delhi,71,Active
O08293,Organization_8293,Company,Hyderabad,Madhya Pradesh,45,Active
O08294,Organization_8294,Association,Rajkot,Delhi,84,Active
O08295,Organization_8295,Association,Indore,Rajasthan,97,Active
O08296,Organization_8296,Business,Ahmedabad,Delhi,21,Under_Investigation
O08297,Organization_8297,Company,Mumbai,Madhya Pradesh,92,Active
O08298,Organization_8298,NGO,Bengaluru,Telangana,76,Active
O08299,Organization_8299,Company,Rajkot,Rajasthan,63,Inactive
O08300,Organization_8300,Company,Mumbai,Maharashtra,55,Active
O08301,Organization_8301,Criminal_Group,Nagpur,Telangana,54,Active
O08302,Organization_8302,Company,Bhopal,Tamil Nadu,72,Active
O08303,Organization_8303,Company,Surat,Gujarat,96,Active
O08304,Organization_8304,Business,Surat,Maharashtra,36,Active
O08305,Organization_8305,Criminal_Group,Bengaluru,Gujarat,58,Active
O08306,Organization_8306,Criminal_Group,Ahmedabad,Tamil Nadu,76,Inactive
O08307,Organization_8307,Business,Hyderabad,Uttar Pradesh,64,Active
O08308,Organization_8308,Criminal_Group,Bhopal,Tamil Nadu,8,Active
O08309,Organization_8309,Business,Surat,Madhya Pradesh,92,Active
O08310,Organization_8310,NGO,Bhopal,Gujarat,63,Active
O08311,Organization_8311,NGO,Delhi,Telangana,35,Under_Investigation
O08312,Organization_8312,Company,Surat,Delhi,49,Active
O08313,Organization_8313,Criminal_Group,Rajkot,Telangana,97,Active
O08314,Organization_8314,Business,Chennai,Rajasthan,79,Active
O08315,Organization_8315,NGO,Surat,Madhya Pradesh,6,Under_Investigation
O08316,Organization_8316,Company,Vadodara,Delhi,28,Active
O08317,Organization_8317,Criminal_Group,Bhopal,Telangana,5,Under_Investigation
O08318,Organization_8318,Criminal_Group,Chennai,West Bengal,26,Active
O08319,Organization_8319,Association,Surat,Madhya Pradesh,81,Active
O08320,Organization_8320,Business,Ahmedabad,West Bengal,92,Active
O08321,Organization_8321,Criminal_Group,Lucknow,Telangana,1,Active
O08322,Organization_8322,Company,Jaipur,West Bengal,15,Under_Investigation
O08323,Organization_8323,Criminal_Group,Pune,Madhya Pradesh,27,Active
O08324,Organization_8324,Business,Kolkata,Tamil Nadu,100,Active
O08325,Organization_8325,Business,Vadodara,Uttar Pradesh,65,Inactive
O08326,Organization_8326,Criminal_Group,Kolkata,Rajasthan,74,Inactive
O08327,Organization_8327,Association,Jaipur,West Bengal,37,Active
O08328,Organization_8328,Criminal_Group,Hyderabad,Madhya Pradesh,63,Active
O08329,Organization_8329,Criminal_Group,Pune,Uttar Pradesh,67,Active
O08330,Organization_8330,Company,Kolkata,Tamil Nadu,89,Active
O08331,Organization_8331,Business,Hyderabad,Maharashtra,1,Under_Investigation
O08332,Organization_8332,Company,Bhopal,Rajasthan,100,Active
O08333,Organization_8333,Criminal_Group,Lucknow,Karnataka,95,Under_Investigation
O08334,Organization_8334,Company,Rajkot,Maharashtra,14,Active
O08335,Organization_8335,Business,Jaipur,Gujarat,48,Active
O08336,Organization_8336,NGO,Rajkot,Rajasthan,42,Inactive
O08337,Organization_8337,Association,Nagpur,Delhi,69,Active
O08338,Organization_8338,Business,Rajkot,Rajasthan,74,Under_Investigation
O08339,Organization_8339,Business,Kolkata,Rajasthan,4,Active
O08340,Organization_8340,Company,Pune,Madhya Pradesh,94,Inactive
O08341,Organization_8341,Company,Pune,Madhya Pradesh,36,Active
O08342,Organization_8342,Company,Bengaluru,Madhya Pradesh,14,Active
O08343,Organization_8343,NGO,Delhi,Maharashtra,27,Active
O08344,Organization_8344,Business,Mumbai,Uttar Pradesh,56,Active
O08345,Organization_8345,NGO,Chennai,Madhya Pradesh,32,Active
O08346,Organization_8346,Association,Bengaluru,Uttar Pradesh,83,Active
O08347,Organization_8347,NGO,Indore,Gujarat,79,Active
O08348,Organization_8348,NGO,Vadodara,Maharashtra,18,Active
O08349,Organization_8349,Company,Lucknow,West Bengal,28,Active
O08350,Organization_8350,Company,Surat,West Bengal,100,Under_Investigation
O08351,Organization_8351,Criminal_Group,Mumbai,Delhi,93,Active
O08352,Organization_8352,Company,Surat,Delhi,6,Active
O08353,Organization_8353,Criminal_Group,Surat,Madhya Pradesh,97,Active
O08354,Organization_8354,Criminal_Group,Pune,West Bengal,1,Active
O08355,Organization_8355,NGO,Indore,Delhi,39,Active
O08356,Organization_8356,Criminal_Group,Ahmedabad,Maharashtra,20,Active
O08357,Organization_8357,Business,Vadodara,Maharashtra,37,Inactive
O08358,Organization_8358,Criminal_Group,Surat,Uttar Pradesh,51,Active
O08359,Organization_8359,Business,Delhi,Gujarat,72,Active
O08360,Organization_8360,Business,Mumbai,West Bengal,76,Active
O08361,Organization_8361,Criminal_Group,Kolkata,Gujarat,62,Active
O08362,Organization_8362,NGO,Vadodara,Delhi,39,Active
O08363,Organization_8363,Association,Rajkot,Madhya Pradesh,48,Inactive
O08364,Organization_8364,Company,Nagpur,Rajasthan,24,Active
O08365,Organization_8365,Business,Kolkata,Rajasthan,83,Active
O08366,Organization_8366,Association,Hyderabad,Delhi,39,Active
O08367,Organization_8367,Business,Rajkot,Tamil Nadu,74,Active
O08368,Organization_8368,Criminal_Group,Delhi,Karnataka,76,Inactive
O08369,Organization_8369,Company,Ahmedabad,West Bengal,63,Active
O08370,Organization_8370,Company,Bengaluru,Madhya Pradesh,51,Active
O08371,Organization_8371,Company,Jaipur,Uttar Pradesh,48,Active
O08372,Organization_8372,Company,Hyderabad,Rajasthan,91,Active
O08373,Organization_8373,Association,Nagpur,Madhya Pradesh,57,Active
O08374,Organization_8374,NGO,Nagpur,Telangana,84,Active
O08375,Organization_8375,Company,Rajkot,Gujarat,30,Active
O08376,Organization_8376,Association,Mumbai,Maharashtra,29,Active
O08377,Organization_8377,Company,Indore,Uttar Pradesh,88,Active
O08378,Organization_8378,Business,Bhopal,Uttar Pradesh,61,Under_Investigation
O08379,Organization_8379,Company,Ahmedabad,West Bengal,95,Active
O08380,Organization_8380,Criminal_Group,Lucknow,Delhi,63,Under_Investigation
O08381,Organization_8381,Company,Chennai,Telangana,40,Inactive
O08382,Organization_8382,Company,Surat,Maharashtra,10,Active
O08383,Organization_8383,Business,Pune,West Bengal,93,Active
O08384,Organization_8384,Association,Vadodara,Telangana,32,Active
O08385,Organization_8385,NGO,Delhi,Karnataka,29,Active
O08386,Organization_8386,Criminal_Group,Bhopal,Telangana,36,Active
O08387,Organization_8387,Criminal_Group,Delhi,Maharashtra,57,Inactive
O08388,Organization_8388,Criminal_Group,Hyderabad,Gujarat,60,Inactive
O08389,Organization_8389,Criminal_Group,Delhi,Delhi,94,Under_Investigation
O08390,Organization_8390,Criminal_Group,Kolkata,Delhi,44,Active
O08391,Organization_8391,Company,Indore,Madhya Pradesh,51,Active
O08392,Organization_8392,Company,Lucknow,Delhi,7,Active
O08393,Organization_8393,Criminal_Group,Bhopal,Telangana,23,Active
O08394,Organization_8394,Company,Bengaluru,Delhi,2,Active
O08395,Organization_8395,Company,Chennai,Rajasthan,54,Active
O08396,Organization_8396,Criminal_Group,Bengaluru,Rajasthan,65,Active
O08397,Organization_8397,Business,Hyderabad,Tamil Nadu,6,Active
O08398,Organization_8398,Association,Pune,Delhi,52,Active
O08399,Organization_8399,Criminal_Group,Bhopal,Gujarat,82,Active
O08400,Organization_8400,Company,Chennai,Rajasthan,53,Inactive
O08401,Organization_8401,NGO,Nagpur,Karnataka,3,Active
O08402,Organization_8402,Company,Rajkot,Gujarat,33,Active
O08403,Organization_8403,Company,Delhi,Karnataka,39,Under_Investigation
O08404,Organization_8404,NGO,Jaipur,West Bengal,23,Active
O08405,Organization_8405,NGO,Hyderabad,Karnataka,19,Active
O08406,Organization_8406,Company,Lucknow,Madhya Pradesh,83,Active
O08407,Organization_8407,Criminal_Group,Mumbai,Karnataka,33,Active
O08408,Organization_8408,Association,Ahmedabad,Madhya Pradesh,96,Active
O08409,Organization_8409,Company,Chennai,Delhi,38,Active
O08410,Organization_8410,Association,Kolkata,Rajasthan,12,Active
O08411,Organization_8411,Business,Mumbai,Telangana,74,Inactive
O08412,Organization_8412,Business,Mumbai,Tamil Nadu,97,Under_Investigation
O08413,Organization_8413,Business,Bhopal,West Bengal,82,Active
O08414,Organization_8414,Criminal_Group,Nagpur,Uttar Pradesh,62,Active
O08415,Organization_8415,NGO,Bengaluru,Tamil Nadu,29,Under_Investigation
O08416,Organization_8416,Criminal_Group,Vadodara,Rajasthan,4,Active
O08417,Organization_8417,Company,Nagpur,Madhya Pradesh,93,Active
O08418,Organization_8418,NGO,Lucknow,Madhya Pradesh,61,Active
O08419,Organization_8419,NGO,Bengaluru,Karnataka,73,Active
O08420,Organization_8420,Business,Lucknow,Uttar Pradesh,70,Active
O08421,Organization_8421,Business,Jaipur,Madhya Pradesh,28,Active
O08422,Organization_8422,Company,Surat,Telangana,96,Under_Investigation
O08423,Organization_8423,Company,Bengaluru,Rajasthan,100,Under_Investigation
O08424,Organization_8424,Company,Mumbai,Maharashtra,38,Active
O08425,Organization_8425,Company,Chennai,Rajasthan,50,Active
O08426,Organization_8426,NGO,Kolkata,Telangana,59,Active
O08427,Organization_8427,Association,Bengaluru,Telangana,36,Active
O08428,Organization_8428,Company,Hyderabad,Maharashtra,59,Inactive
O08429,Organization_8429,Criminal_Group,Mumbai,Delhi,83,Active
O08430,Organization_8430,Company,Ahmedabad,Madhya Pradesh,58,Active
O08431,Organization_8431,Association,Chennai,West Bengal,92,Active
O08432,Organization_8432,Criminal_Group,Kolkata,Tamil Nadu,19,Inactive
O08433,Organization_8433,Criminal_Group,Indore,Maharashtra,95,Active
O08434,Organization_8434,Criminal_Group,Nagpur,Karnataka,22,Active
O08435,Organization_8435,Criminal_Group,Surat,Tamil Nadu,34,Inactive
O08436,Organization_8436,NGO,Chennai,Delhi,80,Active
O08437,Organization_8437,Criminal_Group,Delhi,Karnataka,7,Active
O08438,Organization_8438,Criminal_Group,Kolkata,Delhi,3,Inactive
O08439,Organization_8439,NGO,Vadodara,Gujarat,32,Active
O08440,Organization_8440,Company,Ahmedabad,Telangana,43,Active
O08441,Organization_8441,Business,Mumbai,Maharashtra,88,Active
O08442,Organization_8442,Company,Bhopal,Rajasthan,54,Active
O08443,Organization_8443,Company,Kolkata,Rajasthan,71,Under_Investigation
O08444,Organization_8444,Business,Jaipur,Tamil Nadu,4,Active
O08445,Organization_8445,Association,Vadodara,Tamil Nadu,9,Active
O08446,Organization_8446,Business,Hyderabad,Uttar Pradesh,99,Under_Investigation
O08447,Organization_8447,Company,Jaipur,Madhya Pradesh,92,Active
O08448,Organization_8448,Company,Bhopal,Telangana,6,Active
O08449,Organization_8449,Company,Kolkata,Maharashtra,37,Active
O08450,Organization_8450,Company,Pune,Madhya Pradesh,72,Inactive
O08451,Organization_8451,Company,Nagpur,Delhi,74,Active
O08452,Organization_8452,Company,Vadodara,Maharashtra,96,Active
O08453,Organization_8453,Association,Surat,West Bengal,5,Active
O08454,Organization_8454,Criminal_Group,Ahmedabad,Tamil Nadu,86,Active
O08455,Organization_8455,Criminal_Group,Hyderabad,Telangana,77,Active
O08456,Organization_8456,Business,Indore,Telangana,76,Active
O08457,Organization_8457,Association,Surat,Tamil Nadu,96,Active
O08458,Organization_8458,NGO,Jaipur,Delhi,81,Active
O08459,Organization_8459,Business,Surat,Uttar Pradesh,81,Active
O08460,Organization_8460,Company,Bhopal,West Bengal,51,Active
O08461,Organization_8461,Criminal_Group,Vadodara,West Bengal,18,Active
O08462,Organization_8462,Company,Vadodara,West Bengal,38,Active
O08463,Organization_8463,Business,Hyderabad,Uttar Pradesh,35,Active
O08464,Organization_8464,Association,Delhi,Rajasthan,66,Active
O08465,Organization_8465,Company,Bengaluru,West Bengal,60,Active
O08466,Organization_8466,Company,Indore,West Bengal,25,Inactive
O08467,Organization_8467,Association,Mumbai,Tamil Nadu,22,Under_Investigation
O08468,Organization_8468,Company,Bhopal,West Bengal,72,Under_Investigation
O08469,Organization_8469,Criminal_Group,Lucknow,Uttar Pradesh,44,Under_Investigation
O08470,Organization_8470,Company,Surat,Telangana,11,Inactive
O08471,Organization_8471,Criminal_Group,Lucknow,Telangana,100,Inactive
O08472,Organization_8472,Association,Indore,Uttar Pradesh,64,Active
O08473,Organization_8473,Company,Rajkot,Delhi,26,Under_Investigation
O08474,Organization_8474,Company,Pune,West Bengal,34,Under_Investigation
O08475,Organization_8475,Association,Kolkata,Rajasthan,30,Active
O08476,Organization_8476,Company,Kolkata,Karnataka,42,Active
O08477,Organization_8477,Company,Delhi,Maharashtra,55,Under_Investigation
O08478,Organization_8478,Company,Lucknow,Telangana,77,Active
O08479,Organization_8479,Company,Bengaluru,Tamil Nadu,99,Under_Investigation
O08480,Organization_8480,Company,Nagpur,Gujarat,58,Active
O08481,Organization_8481,Business,Mumbai,Tamil Nadu,51,Under_Investigation
O08482,Organization_8482,Association,Pune,Uttar Pradesh,69,Active
O08483,Organization_8483,Company,Delhi,Karnataka,23,Under_Investigation
O08484,Organization_8484,Business,Mumbai,Rajasthan,79,Inactive
O08485,Organization_8485,NGO,Kolkata,Telangana,1,Active
O08486,Organization_8486,Business,Indore,Karnataka,29,Active
O08487,Organization_8487,Company,Pune,Delhi,58,Active
O08488,Organization_8488,Business,Bhopal,Rajasthan,99,Under_Investigation
O08489,Organization_8489,Criminal_Group,Bhopal,Maharashtra,94,Under_Investigation
O08490,Organization_8490,Association,Rajkot,Rajasthan,52,Active
O08491,Organization_8491,NGO,Nagpur,Rajasthan,8,Inactive
O08492,Organization_8492,Company,Kolkata,Gujarat,21,Under_Investigation
O08493,Organization_8493,Business,Indore,Rajasthan,87,Inactive
O08494,Organization_8494,Business,Nagpur,West Bengal,97,Inactive
O08495,Organization_8495,Company,Nagpur,Karnataka,1,Under_Investigation
O08496,Organization_8496,NGO,Indore,Tamil Nadu,28,Active
O08497,Organization_8497,Company,Lucknow,Delhi,34,Active
O08498,Organization_8498,Criminal_Group,Surat,Delhi,57,Under_Investigation
O08499,Organization_8499,Company,Delhi,Maharashtra,85,Active
O08500,Organization_8500,NGO,Nagpur,Telangana,91,Under_Investigation
O08501,Organization_8501,Criminal_Group,Vadodara,Telangana,14,Active
O08502,Organization_8502,Business,Delhi,Uttar Pradesh,3,Under_Investigation
O08503,Organization_8503,Company,Pune,Gujarat,95,Under_Investigation
O08504,Organization_8504,Association,Chennai,Maharashtra,17,Under_Investigation
O08505,Organization_8505,Criminal_Group,Mumbai,Uttar Pradesh,95,Active
O08506,Organization_8506,Criminal_Group,Bhopal,Telangana,6,Inactive
O08507,Organization_8507,Business,Bhopal,Gujarat,91,Active
O08508,Organization_8508,Criminal_Group,Bhopal,Tamil Nadu,84,Active
O08509,Organization_8509,Criminal_Group,Chennai,Maharashtra,50,Active
O08510,Organization_8510,NGO,Indore,Tamil Nadu,17,Inactive
O08511,Organization_8511,Company,Mumbai,Madhya Pradesh,66,Active
O08512,Organization_8512,NGO,Pune,Uttar Pradesh,71,Inactive
O08513,Organization_8513,Business,Vadodara,Delhi,22,Active
O08514,Organization_8514,Business,Lucknow,Tamil Nadu,43,Under_Investigation
O08515,Organization_8515,Company,Delhi,Uttar Pradesh,23,Active
O08516,Organization_8516,Company,Kolkata,Tamil Nadu,38,Inactive
O08517,Organization_8517,Company,Bhopal,Rajasthan,10,Active
O08518,Organization_8518,Association,Lucknow,Gujarat,17,Active
O08519,Organization_8519,Business,Delhi,Telangana,42,Inactive
O08520,Organization_8520,Criminal_Group,Bengaluru,Gujarat,10,Active
O08521,Organization_8521,Criminal_Group,Pune,Uttar Pradesh,94,Active
O08522,Organization_8522,Company,Ahmedabad,Gujarat,7,Active
O08523,Organization_8523,NGO,Kolkata,West Bengal,67,Active
O08524,Organization_8524,Company,Ahmedabad,West Bengal,73,Under_Investigation
O08525,Organization_8525,Company,Pune,Rajasthan,29,Active
O08526,Organization_8526,Business,Mumbai,Tamil Nadu,37,Active
O08527,Organization_8527,Association,Bengaluru,Telangana,43,Active
O08528,Organization_8528,Association,Rajkot,Delhi,21,Inactive
O08529,Organization_8529,Company,Surat,Delhi,59,Inactive
O08530,Organization_8530,Company,Rajkot,Delhi,34,Active
O08531,Organization_8531,Company,Hyderabad,Maharashtra,16,Under_Investigation
O08532,Organization_8532,Business,Nagpur,Delhi,31,Active
O08533,Organization_8533,Criminal_Group,Chennai,Karnataka,57,Active
O08534,Organization_8534,Criminal_Group,Pune,Tamil Nadu,62,Inactive
O08535,Organization_8535,Business,Delhi,Madhya Pradesh,77,Active
O08536,Organization_8536,Criminal_Group,Vadodara,Telangana,69,Active
O08537,Organization_8537,Business,Chennai,Gujarat,91,Active
O08538,Organization_8538,Criminal_Group,Hyderabad,Delhi,82,Active
O08539,Organization_8539,Criminal_Group,Delhi,Madhya Pradesh,3,Active
O08540,Organization_8540,Company,Bengaluru,Rajasthan,15,Active
O08541,Organization_8541,Association,Ahmedabad,Tamil Nadu,17,Active
O08542,Organization_8542,Company,Chennai,Tamil Nadu,17,Active
O08543,Organization_8543,Business,Rajkot,Delhi,42,Under_Investigation
O08544,Organization_8544,Criminal_Group,Rajkot,Maharashtra,9,Active
O08545,Organization_8545,Business,Indore,Uttar Pradesh,69,Under_Investigation
O08546,Organization_8546,Business,Surat,Karnataka,63,Active
O08547,Organization_8547,NGO,Surat,West Bengal,49,Active
O08548,Organization_8548,Criminal_Group,Bengaluru,Tamil Nadu,11,Inactive
O08549,Organization_8549,Company,Kolkata,Gujarat,72,Active
O08550,Organization_8550,NGO,Mumbai,West Bengal,42,Active
O08551,Organization_8551,Company,Bhopal,Tamil Nadu,13,Inactive
O08552,Organization_8552,Business,Rajkot,West Bengal,87,Active
O08553,Organization_8553,Criminal_Group,Ahmedabad,West Bengal,83,Inactive
O08554,Organization_8554,Association,Mumbai,Rajasthan,50,Active
O08555,Organization_8555,Company,Kolkata,Delhi,41,Inactive
O08556,Organization_8556,Company,Indore,Tamil Nadu,90,Active
O08557,Organization_8557,Criminal_Group,Chennai,Maharashtra,74,Active
O08558,Organization_8558,Company,Nagpur,Rajasthan,43,Inactive
O08559,Organization_8559,Association,Vadodara,West Bengal,43,Under_Investigation
O08560,Organization_8560,Business,Pune,Gujarat,78,Active
O08561,Organization_8561,NGO,Chennai,Karnataka,69,Under_Investigation
O08562,Organization_8562,Criminal_Group,Delhi,Telangana,39,Active
O08563,Organization_8563,Business,Ahmedabad,Gujarat,40,Active
O08564,Organization_8564,Company,Hyderabad,Gujarat,89,Active
O08565,Organization_8565,Criminal_Group,Jaipur,Delhi,49,Inactive
O08566,Organization_8566,Business,Nagpur,Madhya Pradesh,51,Active
O08567,Organization_8567,Business,Bhopal,Rajasthan,13,Active
O08568,Organization_8568,Company,Bengaluru,Delhi,15,Active
O08569,Organization_8569,NGO,Bengaluru,Maharashtra,88,Active
O08570,Organization_8570,Association,Nagpur,Gujarat,9,Active
O08571,Organization_8571,Company,Chennai,Delhi,97,Active
O08572,Organization_8572,Company,Lucknow,Karnataka,1,Active
O08573,Organization_8573,Business,Mumbai,Uttar Pradesh,23,Inactive
O08574,Organization_8574,Criminal_Group,Kolkata,Karnataka,90,Inactive
O08575,Organization_8575,NGO,Hyderabad,Tamil Nadu,80,Under_Investigation
O08576,Organization_8576,Business,Mumbai,West Bengal,8,Active
O08577,Organization_8577,NGO,Vadodara,Madhya Pradesh,30,Under_Investigation
O08578,Organization_8578,Company,Bengaluru,Karnataka,98,Under_Investigation
O08579,Organization_8579,NGO,Delhi,West Bengal,91,Active
O08580,Organization_8580,Criminal_Group,Bengaluru,Uttar Pradesh,71,Inactive
O08581,Organization_8581,Criminal_Group,Hyderabad,Tamil Nadu,75,Active
O08582,Organization_8582,NGO,Kolkata,Delhi,1,Active
O08583,Organization_8583,Association,Bengaluru,Karnataka,42,Active
O08584,Organization_8584,NGO,Hyderabad,Delhi,11,Active
O08585,Organization_8585,Criminal_Group,Kolkata,Madhya Pradesh,17,Active
O08586,Organization_8586,Company,Mumbai,Gujarat,6,Active
O08587,Organization_8587,Criminal_Group,Delhi,West Bengal,82,Active
O08588,Organization_8588,Criminal_Group,Mumbai,Karnataka,1,Inactive
O08589,Organization_8589,Company,Ahmedabad,Gujarat,60,Active
O08590,Organization_8590,NGO,Chennai,Telangana,9,Inactive
O08591,Organization_8591,Business,Delhi,Telangana,49,Active
O08592,Organization_8592,Company,Bhopal,Delhi,78,Active
O08593,Organization_8593,Criminal_Group,Nagpur,Madhya Pradesh,30,Under_Investigation
O08594,Organization_8594,Company,Jaipur,Gujarat,86,Active
O08595,Organization_8595,Company,Delhi,Telangana,80,Active
O08596,Organization_8596,Criminal_Group,Lucknow,Gujarat,61,Active
O08597,Organization_8597,NGO,Delhi,Gujarat,18,Active
O08598,Organization_8598,Company,Surat,Tamil Nadu,98,Active
O08599,Organization_8599,Company,Vadodara,West Bengal,33,Inactive
O08600,Organization_8600,Company,Vadodara,Maharashtra,28,Active
O08601,Organization_8601,NGO,Kolkata,Uttar Pradesh,8,Under_Investigation
O08602,Organization_8602,Business,Nagpur,Uttar Pradesh,89,Under_Investigation
O08603,Organization_8603,Company,Rajkot,Uttar Pradesh,93,Under_Investigation
O08604,Organization_8604,Company,Vadodara,Uttar Pradesh,1,Active
O08605,Organization_8605,NGO,Bhopal,Tamil Nadu,98,Under_Investigation
O08606,Organization_8606,Business,Delhi,Delhi,36,Active
O08607,Organization_8607,Criminal_Group,Chennai,Rajasthan,81,Active
O08608,Organization_8608,Business,Nagpur,Delhi,77,Under_Investigation
O08609,Organization_8609,Criminal_Group,Kolkata,Rajasthan,1,Inactive
O08610,Organization_8610,Business,Chennai,West Bengal,37,Active
O08611,Organization_8611,NGO,Mumbai,Rajasthan,84,Active
O08612,Organization_8612,Criminal_Group,Delhi,Telangana,6,Inactive
O08613,Organization_8613,Criminal_Group,Ahmedabad,Madhya Pradesh,36,Active
O08614,Organization_8614,Company,Bhopal,Uttar Pradesh,79,Active
O08615,Organization_8615,Criminal_Group,Indore,Tamil Nadu,91,Active
O08616,Organization_8616,Company,Chennai,Telangana,27,Under_Investigation
O08617,Organization_8617,Company,Pune,Tamil Nadu,80,Active
O08618,Organization_8618,Company,Vadodara,West Bengal,64,Active
O08619,Organization_8619,Criminal_Group,Delhi,Maharashtra,23,Under_Investigation
O08620,Organization_8620,Association,Surat,Delhi,86,Inactive
O08621,Organization_8621,Business,Indore,Madhya Pradesh,85,Active
O08622,Organization_8622,NGO,Lucknow,Gujarat,77,Under_Investigation
O08623,Organization_8623,Business,Chennai,Tamil Nadu,45,Active
O08624,Organization_8624,Company,Bhopal,Madhya Pradesh,8,Active
O08625,Organization_8625,Criminal_Group,Pune,Maharashtra,82,Active
O08626,Organization_8626,NGO,Lucknow,West Bengal,47,Active
O08627,Organization_8627,NGO,Delhi,Telangana,71,Under_Investigation
O08628,Organization_8628,Criminal_Group,Bengaluru,Gujarat,15,Active
O08629,Organization_8629,NGO,Vadodara,Madhya Pradesh,92,Active
O08630,Organization_8630,Criminal_Group,Nagpur,Delhi,12,Under_Investigation
O08631,Organization_8631,Company,Vadodara,Maharashtra,53,Active
O08632,Organization_8632,Criminal_Group,Kolkata,Madhya Pradesh,69,Active
O08633,Organization_8633,Company,Bhopal,Rajasthan,15,Active
O08634,Organization_8634,Association,Jaipur,West Bengal,81,Under_Investigation
O08635,Organization_8635,Company,Bengaluru,Delhi,32,Under_Investigation
O08636,Organization_8636,Criminal_Group,Jaipur,Uttar Pradesh,48,Active
O08637,Organization_8637,Business,Kolkata,Tamil Nadu,31,Active
O08638,Organization_8638,Criminal_Group,Bengaluru,Maharashtra,52,Inactive
O08639,Organization_8639,NGO,Bengaluru,Maharashtra,44,Active
O08640,Organization_8640,NGO,Ahmedabad,West Bengal,9,Active
O08641,Organization_8641,Criminal_Group,Delhi,Karnataka,91,Inactive
O08642,Organization_8642,Business,Chennai,Maharashtra,53,Inactive
O08643,Organization_8643,Company,Surat,Rajasthan,81,Active
O08644,Organization_8644,Company,Kolkata,Uttar Pradesh,21,Under_Investigation
O08645,Organization_8645,Business,Pune,Telangana,63,Inactive
O08646,Organization_8646,NGO,Jaipur,Madhya Pradesh,13,Active
O08647,Organization_8647,Association,Ahmedabad,Tamil Nadu,2,Inactive
O08648,Organization_8648,Criminal_Group,Ahmedabad,Telangana,37,Active
O08649,Organization_8649,Company,Jaipur,Gujarat,84,Under_Investigation
O08650,Organization_8650,Criminal_Group,Delhi,Karnataka,53,Active
O08651,Organization_8651,Criminal_Group,Surat,Telangana,84,Active
O08652,Organization_8652,Business,Hyderabad,Tamil Nadu,63,Active
O08653,Organization_8653,Criminal_Group,Surat,Maharashtra,77,Active
O08654,Organization_8654,Company,Bhopal,Uttar Pradesh,13,Active
O08655,Organization_8655,Company,Jaipur,Delhi,19,Inactive
O08656,Organization_8656,Business,Delhi,Telangana,66,Active
O08657,Organization_8657,NGO,Ahmedabad,Tamil Nadu,53,Active
O08658,Organization_8658,Company,Lucknow,Maharashtra,72,Inactive
O08659,Organization_8659,Company,Kolkata,Karnataka,17,Active
O08660,Organization_8660,Company,Jaipur,Maharashtra,1,Inactive
O08661,Organization_8661,Company,Hyderabad,Madhya Pradesh,76,Active
O08662,Organization_8662,Business,Bengaluru,Madhya Pradesh,21,Active
O08663,Organization_8663,NGO,Jaipur,Rajasthan,16,Under_Investigation
O08664,Organization_8664,Association,Vadodara,Karnataka,8,Active
O08665,Organization_8665,Company,Mumbai,Maharashtra,88,Active
O08666,Organization_8666,Criminal_Group,Lucknow,West Bengal,46,Inactive
O08667,Organization_8667,Association,Hyderabad,Maharashtra,30,Under_Investigation
O08668,Organization_8668,Company,Surat,Telangana,24,Active
O08669,Organization_8669,Association,Pune,Karnataka,93,Under_Investigation
O08670,Organization_8670,Company,Nagpur,Delhi,4,Active
O08671,Organization_8671,Criminal_Group,Indore,West Bengal,79,Under_Investigation
O08672,Organization_8672,Company,Nagpur,Karnataka,77,Active
O08673,Organization_8673,Business,Ahmedabad,Karnataka,56,Under_Investigation
O08674,Organization_8674,Association,Indore,Rajasthan,20,Inactive
O08675,Organization_8675,Company,Ahmedabad,West Bengal,17,Active
O08676,Organization_8676,Criminal_Group,Rajkot,Tamil Nadu,92,Active
O08677,Organization_8677,Company,Hyderabad,Maharashtra,21,Under_Investigation
O08678,Organization_8678,NGO,Mumbai,Madhya Pradesh,54,Active
O08679,Organization_8679,Company,Vadodara,Karnataka,20,Active
O08680,Organization_8680,Criminal_Group,Ahmedabad,Madhya Pradesh,54,Under_Investigation
O08681,Organization_8681,Company,Delhi,Uttar Pradesh,89,Active
O08682,Organization_8682,NGO,Lucknow,Uttar Pradesh,77,Active
O08683,Organization_8683,Company,Rajkot,Tamil Nadu,18,Active
O08684,Organization_8684,NGO,Surat,Maharashtra,36,Inactive
O08685,Organization_8685,Criminal_Group,Ahmedabad,Gujarat,19,Inactive
O08686,Organization_8686,Company,Rajkot,Uttar Pradesh,97,Active
O08687,Organization_8687,Association,Bengaluru,West Bengal,87,Active
O08688,Organization_8688,NGO,Jaipur,Telangana,56,Inactive
O08689,Organization_8689,Company,Jaipur,Madhya Pradesh,83,Active
O08690,Organization_8690,Association,Bhopal,West Bengal,68,Active
O08691,Organization_8691,Criminal_Group,Pune,Rajasthan,90,Active
O08692,Organization_8692,NGO,Mumbai,Rajasthan,98,Active
O08693,Organization_8693,Criminal_Group,Pune,Madhya Pradesh,59,Active
O08694,Organization_8694,Criminal_Group,Bhopal,Tamil Nadu,35,Active
O08695,Organization_8695,Company,Ahmedabad,Delhi,20,Active
O08696,Organization_8696,Criminal_Group,Nagpur,Karnataka,100,Active
O08697,Organization_8697,Company,Kolkata,Rajasthan,89,Inactive
O08698,Organization_8698,Criminal_Group,Nagpur,Tamil Nadu,23,Active
O08699,Organization_8699,Business,Chennai,Uttar Pradesh,75,Active
O08700,Organization_8700,Company,Rajkot,Telangana,11,Inactive
O08701,Organization_8701,Criminal_Group,Kolkata,Tamil Nadu,84,Under_Investigation
O08702,Organization_8702,Association,Vadodara,Maharashtra,40,Inactive
O08703,Organization_8703,Criminal_Group,Lucknow,West Bengal,72,Under_Investigation
O08704,Organization_8704,NGO,Hyderabad,Delhi,68,Active
O08705,Organization_8705,Criminal_Group,Ahmedabad,Maharashtra,60,Active
O08706,Organization_8706,Business,Nagpur,Karnataka,77,Active
O08707,Organization_8707,Business,Delhi,Telangana,25,Active
O08708,Organization_8708,Company,Pune,Rajasthan,33,Active
O08709,Organization_8709,Business,Delhi,Maharashtra,25,Active
O08710,Organization_8710,Business,Chennai,Delhi,95,Active
O08711,Organization_8711,Business,Indore,Karnataka,2,Inactive
O08712,Organization_8712,Criminal_Group,Ahmedabad,Uttar Pradesh,51,Active
O08713,Organization_8713,Association,Lucknow,West Bengal,62,Inactive
O08714,Organization_8714,Business,Vadodara,Telangana,83,Active
O08715,Organization_8715,Business,Ahmedabad,Telangana,98,Inactive
O08716,Organization_8716,Company,Bengaluru,Tamil Nadu,46,Inactive
O08717,Organization_8717,Business,Lucknow,Madhya Pradesh,70,Active
O08718,Organization_8718,Association,Chennai,Rajasthan,13,Inactive
O08719,Organization_8719,Company,Bengaluru,Uttar Pradesh,91,Active
O08720,Organization_8720,Criminal_Group,Nagpur,Karnataka,57,Active
O08721,Organization_8721,Business,Indore,Gujarat,47,Active
O08722,Organization_8722,Criminal_Group,Pune,West Bengal,89,Active
O08723,Organization_8723,Criminal_Group,Delhi,Telangana,80,Under_Investigation
O08724,Organization_8724,NGO,Pune,West Bengal,44,Active
O08725,Organization_8725,Criminal_Group,Bengaluru,Tamil Nadu,90,Active
O08726,Organization_8726,Criminal_Group,Delhi,Karnataka,25,Active
O08727,Organization_8727,Business,Chennai,Maharashtra,55,Active
O08728,Organization_8728,Company,Bhopal,Rajasthan,91,Active
O08729,Organization_8729,Criminal_Group,Kolkata,Madhya Pradesh,21,Active
O08730,Organization_8730,Criminal_Group,Pune,West Bengal,83,Under_Investigation
O08731,Organization_8731,NGO,Rajkot,Telangana,79,Under_Investigation
O08732,Organization_8732,Criminal_Group,Lucknow,Karnataka,60,Under_Investigation
O08733,Organization_8733,Business,Pune,Madhya Pradesh,6,Active
O08734,Organization_8734,Company,Bengaluru,Gujarat,67,Under_Investigation
O08735,Organization_8735,Criminal_Group,Bengaluru,Uttar Pradesh,81,Active
O08736,Organization_8736,Criminal_Group,Bengaluru,Uttar Pradesh,64,Active
O08737,Organization_8737,Criminal_Group,Nagpur,Rajasthan,21,Active
O08738,Organization_8738,Business,Chennai,Gujarat,37,Active
O08739,Organization_8739,Company,Bhopal,Telangana,57,Under_Investigation
O08740,Organization_8740,Company,Kolkata,Maharashtra,76,Active
O08741,Organization_8741,Business,Chennai,Delhi,13,Active
O08742,Organization_8742,Company,Chennai,Maharashtra,46,Active
O08743,Organization_8743,Criminal_Group,Bengaluru,Delhi,36,Active
O08744,Organization_8744,Criminal_Group,Nagpur,Karnataka,8,Active
O08745,Organization_8745,Company,Kolkata,Madhya Pradesh,24,Active
O08746,Organization_8746,Criminal_Group,Chennai,West Bengal,80,Active
O08747,Organization_8747,Business,Bhopal,Tamil Nadu,2,Active
O08748,Organization_8748,Criminal_Group,Mumbai,West Bengal,27,Active
O08749,Organization_8749,Criminal_Group,Hyderabad,Maharashtra,68,Active
O08750,Organization_8750,NGO,Nagpur,West Bengal,16,Inactive
O08751,Organization_8751,Criminal_Group,Indore,Maharashtra,48,Active
O08752,Organization_8752,NGO,Surat,Karnataka,24,Active
O08753,Organization_8753,Business,Pune,Gujarat,38,Active
O08754,Organization_8754,NGO,Jaipur,Telangana,34,Active
O08755,Organization_8755,Business,Hyderabad,Madhya Pradesh,52,Active
O08756,Organization_8756,Business,Bhopal,Rajasthan,53,Active
O08757,Organization_8757,Business,Bengaluru,Rajasthan,35,Active
O08758,Organization_8758,NGO,Delhi,Madhya Pradesh,75,Inactive
O08759,Organization_8759,Company,Delhi,Madhya Pradesh,59,Active
O08760,Organization_8760,Criminal_Group,Chennai,Tamil Nadu,99,Active
O08761,Organization_8761,NGO,Delhi,Tamil Nadu,58,Inactive
O08762,Organization_8762,Criminal_Group,Delhi,Karnataka,42,Under_Investigation
O08763,Organization_8763,Company,Surat,Rajasthan,20,Active
O08764,Organization_8764,Business,Rajkot,Uttar Pradesh,17,Inactive
O08765,Organization_8765,Criminal_Group,Delhi,Delhi,39,Active
O08766,Organization_8766,NGO,Chennai,Gujarat,69,Active
O08767,Organization_8767,Business,Nagpur,Gujarat,48,Active
O08768,Organization_8768,Business,Surat,Gujarat,100,Active
O08769,Organization_8769,Criminal_Group,Rajkot,Telangana,8,Active
O08770,Organization_8770,Business,Pune,Gujarat,12,Active
O08771,Organization_8771,Criminal_Group,Mumbai,Delhi,34,Active
O08772,Organization_8772,Business,Rajkot,Maharashtra,24,Inactive
O08773,Organization_8773,NGO,Delhi,Rajasthan,37,Under_Investigation
O08774,Organization_8774,NGO,Chennai,West Bengal,89,Active
O08775,Organization_8775,NGO,Kolkata,Rajasthan,3,Active
O08776,Organization_8776,Association,Chennai,Telangana,26,Under_Investigation
O08777,Organization_8777,Criminal_Group,Indore,Rajasthan,50,Active
O08778,Organization_8778,Criminal_Group,Mumbai,Tamil Nadu,37,Inactive
O08779,Organization_8779,Company,Jaipur,Madhya Pradesh,35,Active
O08780,Organization_8780,Company,Indore,Uttar Pradesh,72,Active
O08781,Organization_8781,Criminal_Group,Nagpur,Uttar Pradesh,38,Active
O08782,Organization_8782,Criminal_Group,Bengaluru,Gujarat,14,Active
O08783,Organization_8783,Criminal_Group,Surat,Madhya Pradesh,71,Active
O08784,Organization_8784,Criminal_Group,Bhopal,Madhya Pradesh,12,Active
O08785,Organization_8785,Company,Bengaluru,Maharashtra,8,Active
O08786,Organization_8786,Business,Kolkata,Madhya Pradesh,6,Active
O08787,Organization_8787,Business,Rajkot,Maharashtra,77,Inactive
O08788,Organization_8788,Association,Pune,West Bengal,32,Under_Investigation
O08789,Organization_8789,Criminal_Group,Kolkata,Maharashtra,17,Active
O08790,Organization_8790,Criminal_Group,Rajkot,Uttar Pradesh,56,Active
O08791,Organization_8791,Criminal_Group,Jaipur,West Bengal,62,Inactive
O08792,Organization_8792,Company,Bengaluru,Delhi,83,Active
O08793,Organization_8793,NGO,Lucknow,Tamil Nadu,49,Active
O08794,Organization_8794,Association,Bengaluru,Telangana,78,Active
O08795,Organization_8795,Company,Mumbai,Tamil Nadu,94,Active
O08796,Organization_8796,Criminal_Group,Pune,Gujarat,85,Active
O08797,Organization_8797,Company,Surat,Uttar Pradesh,59,Active
O08798,Organization_8798,NGO,Nagpur,Gujarat,75,Active
O08799,Organization_8799,Criminal_Group,Rajkot,Uttar Pradesh,91,Under_Investigation
O08800,Organization_8800,Company,Rajkot,Rajasthan,62,Active
O08801,Organization_8801,Criminal_Group,Lucknow,Delhi,13,Inactive
O08802,Organization_8802,Company,Chennai,Rajasthan,95,Active
O08803,Organization_8803,Criminal_Group,Pune,Uttar Pradesh,35,Active
O08804,Organization_8804,Company,Ahmedabad,Telangana,7,Active
O08805,Organization_8805,Business,Rajkot,Delhi,5,Under_Investigation
O08806,Organization_8806,Company,Lucknow,Gujarat,71,Inactive
O08807,Organization_8807,Business,Bhopal,Madhya Pradesh,90,Active
O08808,Organization_8808,NGO,Kolkata,Rajasthan,51,Active
O08809,Organization_8809,Criminal_Group,Kolkata,Maharashtra,82,Active
O08810,Organization_8810,Company,Kolkata,Rajasthan,42,Inactive
O08811,Organization_8811,Company,Kolkata,Tamil Nadu,56,Under_Investigation
O08812,Organization_8812,Company,Kolkata,Madhya Pradesh,49,Under_Investigation
O08813,Organization_8813,Company,Bhopal,Rajasthan,81,Active
O08814,Organization_8814,Criminal_Group,Surat,Uttar Pradesh,46,Inactive
O08815,Organization_8815,Criminal_Group,Nagpur,Madhya Pradesh,63,Active
O08816,Organization_8816,Association,Nagpur,Karnataka,65,Active
O08817,Organization_8817,Company,Kolkata,Karnataka,74,Active
O08818,Organization_8818,Company,Lucknow,Karnataka,81,Active
O08819,Organization_8819,Company,Rajkot,Karnataka,64,Active
O08820,Organization_8820,Criminal_Group,Jaipur,Uttar Pradesh,100,Active
O08821,Organization_8821,NGO,Nagpur,Karnataka,72,Inactive
O08822,Organization_8822,Association,Kolkata,Maharashtra,13,Active
O08823,Organization_8823,Criminal_Group,Mumbai,Uttar Pradesh,30,Active
O08824,Organization_8824,Association,Ahmedabad,Uttar Pradesh,97,Active
O08825,Organization_8825,Criminal_Group,Vadodara,Rajasthan,47,Active
O08826,Organization_8826,Company,Nagpur,Maharashtra,96,Active
O08827,Organization_8827,Business,Indore,Telangana,67,Inactive
O08828,Organization_8828,Business,Indore,Madhya Pradesh,91,Active
O08829,Organization_8829,Association,Nagpur,Madhya Pradesh,76,Inactive
O08830,Organization_8830,Business,Mumbai,West Bengal,88,Inactive
O08831,Organization_8831,Business,Bengaluru,Gujarat,85,Active
O08832,Organization_8832,Criminal_Group,Nagpur,West Bengal,93,Inactive
O08833,Organization_8833,Business,Kolkata,Maharashtra,23,Under_Investigation
O08834,Organization_8834,Association,Vadodara,Madhya Pradesh,90,Under_Investigation
O08835,Organization_8835,NGO,Rajkot,Maharashtra,10,Active
O08836,Organization_8836,NGO,Vadodara,Delhi,30,Active
O08837,Organization_8837,Business,Bengaluru,Karnataka,43,Inactive
O08838,Organization_8838,Criminal_Group,Jaipur,Karnataka,63,Active
O08839,Organization_8839,Business,Indore,Delhi,25,Under_Investigation
O08840,Organization_8840,NGO,Bhopal,Uttar Pradesh,46,Active
O08841,Organization_8841,Company,Chennai,Tamil Nadu,22,Inactive
O08842,Organization_8842,Company,Rajkot,West Bengal,14,Under_Investigation
O08843,Organization_8843,Company,Rajkot,Rajasthan,35,Active
O08844,Organization_8844,Business,Kolkata,Tamil Nadu,56,Active
O08845,Organization_8845,Company,Vadodara,Delhi,3,Active
O08846,Organization_8846,Criminal_Group,Indore,Maharashtra,28,Active
O08847,Organization_8847,Company,Lucknow,Karnataka,52,Active
O08848,Organization_8848,Company,Delhi,Tamil Nadu,52,Active
O08849,Organization_8849,Criminal_Group,Ahmedabad,Madhya Pradesh,78,Active
O08850,Organization_8850,Company,Rajkot,Delhi,86,Active
O08851,Organization_8851,Business,Bhopal,Delhi,63,Active
O08852,Organization_8852,Business,Mumbai,Telangana,48,Active
O08853,Organization_8853,Criminal_Group,Bengaluru,Tamil Nadu,15,Under_Investigation
O08854,Organization_8854,Company,Jaipur,Madhya Pradesh,84,Active
O08855,Organization_8855,NGO,Indore,Delhi,22,Inactive
O08856,Organization_8856,NGO,Bengaluru,Rajasthan,50,Active
O08857,Organization_8857,Criminal_Group,Vadodara,Rajasthan,77,Inactive
O08858,Organization_8858,NGO,Mumbai,West Bengal,5,Active
O08859,Organization_8859,Association,Indore,Uttar Pradesh,93,Active
O08860,Organization_8860,Association,Mumbai,Rajasthan,86,Active
O08861,Organization_8861,NGO,Mumbai,Tamil Nadu,71,Active
O08862,Organization_8862,Company,Bengaluru,Madhya Pradesh,42,Active
O08863,Organization_8863,Company,Rajkot,Maharashtra,60,Under_Investigation
O08864,Organization_8864,Association,Indore,Rajasthan,7,Active
O08865,Organization_8865,Criminal_Group,Pune,West Bengal,14,Active
O08866,Organization_8866,Criminal_Group,Delhi,Telangana,37,Active
O08867,Organization_8867,Association,Hyderabad,Delhi,24,Active
O08868,Organization_8868,Company,Lucknow,Madhya Pradesh,73,Active
O08869,Organization_8869,Criminal_Group,Jaipur,Tamil Nadu,56,Active
O08870,Organization_8870,Company,Bengaluru,Uttar Pradesh,69,Active
O08871,Organization_8871,Company,Indore,Telangana,93,Inactive
O08872,Organization_8872,Company,Chennai,Tamil Nadu,68,Active
O08873,Organization_8873,Company,Surat,Gujarat,87,Active
O08874,Organization_8874,Criminal_Group,Kolkata,Delhi,37,Active
O08875,Organization_8875,Criminal_Group,Lucknow,Rajasthan,52,Under_Investigation
O08876,Organization_8876,Criminal_Group,Delhi,Delhi,53,Active
O08877,Organization_8877,Company,Bhopal,West Bengal,43,Under_Investigation
O08878,Organization_8878,Criminal_Group,Bengaluru,Karnataka,77,Active
O08879,Organization_8879,Business,Bhopal,West Bengal,15,Under_Investigation
O08880,Organization_8880,NGO,Surat,Maharashtra,24,Inactive
O08881,Organization_8881,Association,Chennai,Uttar Pradesh,82,Under_Investigation
O08882,Organization_8882,Company,Bengaluru,Maharashtra,53,Under_Investigation
O08883,Organization_8883,Business,Delhi,Telangana,92,Inactive
O08884,Organization_8884,Business,Bengaluru,West Bengal,45,Active
O08885,Organization_8885,NGO,Kolkata,Karnataka,50,Active
O08886,Organization_8886,NGO,Lucknow,Gujarat,67,Active
O08887,Organization_8887,Criminal_Group,Vadodara,Telangana,46,Active
O08888,Organization_8888,Association,Nagpur,Karnataka,84,Active
O08889,Organization_8889,Business,Ahmedabad,Delhi,100,Active
O08890,Organization_8890,NGO,Vadodara,Tamil Nadu,4,Under_Investigation
O08891,Organization_8891,Company,Pune,Tamil Nadu,85,Active
O08892,Organization_8892,Business,Vadodara,Delhi,12,Active
O08893,Organization_8893,Criminal_Group,Ahmedabad,Madhya Pradesh,8,Active
O08894,Organization_8894,Business,Nagpur,Gujarat,80,Active
O08895,Organization_8895,Criminal_Group,Bhopal,Madhya Pradesh,34,Under_Investigation
O08896,Organization_8896,Criminal_Group,Vadodara,Gujarat,43,Active
O08897,Organization_8897,Business,Rajkot,Karnataka,39,Active
O08898,Organization_8898,Business,Indore,Delhi,4,Active
O08899,Organization_8899,Company,Hyderabad,Uttar Pradesh,55,Active
O08900,Organization_8900,Business,Surat,Delhi,33,Under_Investigation
O08901,Organization_8901,Business,Vadodara,Tamil Nadu,37,Under_Investigation
O08902,Organization_8902,Criminal_Group,Surat,Gujarat,49,Inactive
O08903,Organization_8903,Criminal_Group,Ahmedabad,Maharashtra,11,Inactive
O08904,Organization_8904,Company,Hyderabad,Telangana,65,Active
O08905,Organization_8905,Company,Jaipur,Tamil Nadu,54,Under_Investigation
O08906,Organization_8906,Business,Bengaluru,Telangana,98,Under_Investigation
O08907,Organization_8907,Criminal_Group,Hyderabad,Telangana,41,Active
O08908,Organization_8908,NGO,Bengaluru,Tamil Nadu,53,Under_Investigation
O08909,Organization_8909,Criminal_Group,Vadodara,Gujarat,24,Under_Investigation
O08910,Organization_8910,Company,Ahmedabad,Tamil Nadu,35,Active
O08911,Organization_8911,Company,Surat,Tamil Nadu,17,Active
O08912,Organization_8912,Company,Kolkata,Tamil Nadu,64,Active
O08913,Organization_8913,Criminal_Group,Vadodara,Uttar Pradesh,65,Under_Investigation
O08914,Organization_8914,NGO,Hyderabad,West Bengal,24,Active
O08915,Organization_8915,Company,Jaipur,Uttar Pradesh,65,Active
O08916,Organization_8916,Company,Pune,Tamil Nadu,90,Inactive
O08917,Organization_8917,Association,Nagpur,Tamil Nadu,28,Active
O08918,Organization_8918,Business,Hyderabad,Maharashtra,50,Active
O08919,Organization_8919,Association,Surat,Telangana,85,Active
O08920,Organization_8920,Criminal_Group,Mumbai,Madhya Pradesh,50,Active
O08921,Organization_8921,Criminal_Group,Nagpur,Tamil Nadu,66,Active
O08922,Organization_8922,Business,Rajkot,Gujarat,50,Active
O08923,Organization_8923,Company,Rajkot,West Bengal,10,Active
O08924,Organization_8924,Company,Bhopal,Madhya Pradesh,30,Active
O08925,Organization_8925,NGO,Jaipur,Gujarat,23,Active
O08926,Organization_8926,Business,Nagpur,Rajasthan,46,Active
O08927,Organization_8927,Business,Bengaluru,Uttar Pradesh,90,Inactive
O08928,Organization_8928,Criminal_Group,Vadodara,Telangana,86,Active
O08929,Organization_8929,Business,Lucknow,Uttar Pradesh,56,Active
O08930,Organization_8930,Criminal_Group,Bhopal,Gujarat,49,Inactive
O08931,Organization_8931,Criminal_Group,Ahmedabad,Maharashtra,55,Inactive
O08932,Organization_8932,Criminal_Group,Surat,Gujarat,33,Active
O08933,Organization_8933,Association,Kolkata,Delhi,5,Active
O08934,Organization_8934,Criminal_Group,Jaipur,Karnataka,27,Active
O08935,Organization_8935,NGO,Chennai,Maharashtra,79,Active
O08936,Organization_8936,Criminal_Group,Nagpur,Karnataka,86,Active
O08937,Organization_8937,NGO,Vadodara,Telangana,67,Active
O08938,Organization_8938,Company,Ahmedabad,Maharashtra,40,Active
O08939,Organization_8939,Criminal_Group,Nagpur,Madhya Pradesh,43,Inactive
O08940,Organization_8940,NGO,Ahmedabad,Gujarat,28,Active
O08941,Organization_8941,NGO,Bhopal,Telangana,72,Active
O08942,Organization_8942,Criminal_Group,Indore,West Bengal,23,Active
O08943,Organization_8943,NGO,Lucknow,Tamil Nadu,12,Inactive
O08944,Organization_8944,Criminal_Group,Delhi,Madhya Pradesh,73,Active
O08945,Organization_8945,NGO,Kolkata,Maharashtra,33,Active
O08946,Organization_8946,Criminal_Group,Chennai,Karnataka,77,Active
O08947,Organization_8947,Company,Bhopal,Telangana,95,Under_Investigation
O08948,Organization_8948,Criminal_Group,Bhopal,Uttar Pradesh,90,Inactive
O08949,Organization_8949,Criminal_Group,Vadodara,Karnataka,93,Active
O08950,Organization_8950,Business,Hyderabad,Karnataka,62,Active
O08951,Organization_8951,Company,Vadodara,Madhya Pradesh,95,Active
O08952,Organization_8952,Company,Indore,Tamil Nadu,61,Inactive
O08953,Organization_8953,Business,Bhopal,Karnataka,61,Active
O08954,Organization_8954,NGO,Kolkata,Maharashtra,23,Active
O08955,Organization_8955,NGO,Chennai,Maharashtra,47,Active
O08956,Organization_8956,Business,Mumbai,Madhya Pradesh,44,Active
O08957,Organization_8957,Company,Rajkot,Gujarat,7,Inactive
O08958,Organization_8958,Company,Hyderabad,Uttar Pradesh,58,Active
O08959,Organization_8959,Criminal_Group,Delhi,Delhi,60,Active
O08960,Organization_8960,Business,Lucknow,Karnataka,21,Active
O08961,Organization_8961,NGO,Bengaluru,Delhi,1,Active
O08962,Organization_8962,Criminal_Group,Vadodara,Delhi,34,Active
O08963,Organization_8963,Business,Kolkata,Tamil Nadu,39,Active
O08964,Organization_8964,Criminal_Group,Mumbai,Maharashtra,45,Active
O08965,Organization_8965,Criminal_Group,Vadodara,Madhya Pradesh,99,Under_Investigation
O08966,Organization_8966,Business,Mumbai,Madhya Pradesh,85,Active
O08967,Organization_8967,Company,Bengaluru,West Bengal,22,Active
O08968,Organization_8968,Business,Ahmedabad,Uttar Pradesh,88,Under_Investigation
O08969,Organization_8969,Association,Jaipur,Karnataka,47,Active
O08970,Organization_8970,Company,Kolkata,Madhya Pradesh,13,Active
O08971,Organization_8971,NGO,Indore,West Bengal,35,Under_Investigation
O08972,Organization_8972,Company,Chennai,Rajasthan,48,Under_Investigation
O08973,Organization_8973,NGO,Kolkata,Madhya Pradesh,50,Under_Investigation
O08974,Organization_8974,Company,Hyderabad,Telangana,100,Active
O08975,Organization_8975,Business,Ahmedabad,Telangana,54,Active
O08976,Organization_8976,Company,Kolkata,Tamil Nadu,52,Active
O08977,Organization_8977,Criminal_Group,Bengaluru,Rajasthan,9,Active
O08978,Organization_8978,Association,Chennai,Madhya Pradesh,44,Inactive
O08979,Organization_8979,Company,Ahmedabad,Maharashtra,9,Active
O08980,Organization_8980,Business,Jaipur,Uttar Pradesh,43,Active
O08981,Organization_8981,NGO,Vadodara,Rajasthan,22,Active
O08982,Organization_8982,Business,Ahmedabad,Delhi,80,Under_Investigation
O08983,Organization_8983,Business,Delhi,Delhi,55,Active
O08984,Organization_8984,Criminal_Group,Mumbai,Maharashtra,91,Active
O08985,Organization_8985,NGO,Rajkot,Gujarat,85,Active
O08986,Organization_8986,Company,Bengaluru,Delhi,25,Inactive
O08987,Organization_8987,Criminal_Group,Kolkata,Madhya Pradesh,74,Active
O08988,Organization_8988,Company,Kolkata,Karnataka,51,Under_Investigation
O08989,Organization_8989,NGO,Bengaluru,Karnataka,57,Active
O08990,Organization_8990,NGO,Delhi,Maharashtra,29,Active
O08991,Organization_8991,Company,Mumbai,West Bengal,23,Active
O08992,Organization_8992,Association,Lucknow,Tamil Nadu,31,Active
O08993,Organization_8993,Business,Jaipur,Maharashtra,77,Active
O08994,Organization_8994,Company,Pune,Telangana,77,Active
O08995,Organization_8995,Business,Bhopal,Telangana,8,Active
O08996,Organization_8996,Company,Kolkata,Karnataka,3,Active
O08997,Organization_8997,Business,Indore,Karnataka,85,Inactive
O08998,Organization_8998,Business,Bhopal,Madhya Pradesh,18,Active
O08999,Organization_8999,Criminal_Group,Indore,Telangana,33,Active
O09000,Organization_9000,Criminal_Group,Indore,Rajasthan,29,Active
O09001,Organization_9001,Company,Pune,Tamil Nadu,34,Active
O09002,Organization_9002,Company,Bhopal,Uttar Pradesh,11,Active
O09003,Organization_9003,Company,Rajkot,Karnataka,48,Active
O09004,Organization_9004,Association,Jaipur,Gujarat,93,Active
O09005,Organization_9005,Company,Mumbai,Telangana,27,Under_Investigation
O09006,Organization_9006,Business,Lucknow,Tamil Nadu,63,Active
O09007,Organization_9007,Criminal_Group,Indore,Tamil Nadu,35,Active
O09008,Organization_9008,Criminal_Group,Jaipur,Uttar Pradesh,59,Inactive
O09009,Organization_9009,Company,Indore,Rajasthan,94,Active
O09010,Organization_9010,Criminal_Group,Pune,Maharashtra,44,Active
O09011,Organization_9011,Business,Indore,Maharashtra,56,Active
O09012,Organization_9012,Company,Rajkot,Madhya Pradesh,7,Under_Investigation
O09013,Organization_9013,Criminal_Group,Jaipur,Madhya Pradesh,23,Inactive
O09014,Organization_9014,Company,Nagpur,Rajasthan,81,Active
O09015,Organization_9015,Business,Ahmedabad,Gujarat,31,Active
O09016,Organization_9016,Business,Pune,West Bengal,16,Inactive
O09017,Organization_9017,Association,Nagpur,Uttar Pradesh,89,Active
O09018,Organization_9018,Criminal_Group,Surat,Telangana,19,Active
O09019,Organization_9019,NGO,Jaipur,Karnataka,59,Under_Investigation
O09020,Organization_9020,Criminal_Group,Nagpur,West Bengal,75,Active
O09021,Organization_9021,Company,Nagpur,Madhya Pradesh,93,Active
O09022,Organization_9022,Business,Chennai,Madhya Pradesh,25,Active
O09023,Organization_9023,Business,Mumbai,Tamil Nadu,84,Under_Investigation
O09024,Organization_9024,Criminal_Group,Vadodara,Rajasthan,13,Active
O09025,Organization_9025,Business,Jaipur,Rajasthan,28,Active
O09026,Organization_9026,Company,Mumbai,Madhya Pradesh,21,Active
O09027,Organization_9027,Company,Bengaluru,Telangana,43,Active
O09028,Organization_9028,Association,Ahmedabad,Rajasthan,60,Active
O09029,Organization_9029,Company,Mumbai,Uttar Pradesh,11,Active
O09030,Organization_9030,Association,Hyderabad,Delhi,26,Active
O09031,Organization_9031,Business,Surat,Madhya Pradesh,4,Under_Investigation
O09032,Organization_9032,Company,Pune,Rajasthan,4,Under_Investigation
O09033,Organization_9033,Company,Vadodara,Gujarat,86,Inactive
O09034,Organization_9034,Company,Rajkot,Maharashtra,36,Inactive
O09035,Organization_9035,Association,Lucknow,Delhi,27,Active
O09036,Organization_9036,Company,Jaipur,Karnataka,81,Active
O09037,Organization_9037,Criminal_Group,Nagpur,Telangana,89,Inactive
O09038,Organization_9038,NGO,Kolkata,Telangana,16,Active
O09039,Organization_9039,Association,Chennai,Madhya Pradesh,28,Inactive
O09040,Organization_9040,Company,Hyderabad,West Bengal,96,Under_Investigation
O09041,Organization_9041,Association,Nagpur,Rajasthan,37,Active
O09042,Organization_9042,NGO,Bhopal,Delhi,17,Active
O09043,Organization_9043,Criminal_Group,Kolkata,Madhya Pradesh,5,Active
O09044,Organization_9044,Company,Mumbai,Uttar Pradesh,73,Active
O09045,Organization_9045,Criminal_Group,Jaipur,Maharashtra,24,Active
O09046,Organization_9046,Criminal_Group,Pune,Maharashtra,20,Inactive
O09047,Organization_9047,Business,Bhopal,Karnataka,87,Active
O09048,Organization_9048,Association,Vadodara,Madhya Pradesh,100,Under_Investigation
O09049,Organization_9049,Business,Lucknow,Rajasthan,98,Active
O09050,Organization_9050,Company,Pune,Telangana,80,Active
O09051,Organization_9051,Criminal_Group,Indore,Uttar Pradesh,83,Active
O09052,Organization_9052,Company,Hyderabad,Madhya Pradesh,64,Active
O09053,Organization_9053,Criminal_Group,Surat,Uttar Pradesh,5,Active
O09054,Organization_9054,Company,Nagpur,Karnataka,70,Active
O09055,Organization_9055,Company,Indore,Maharashtra,10,Inactive
O09056,Organization_9056,NGO,Ahmedabad,Delhi,34,Active
O09057,Organization_9057,Criminal_Group,Lucknow,Karnataka,52,Active
O09058,Organization_9058,Criminal_Group,Hyderabad,Telangana,30,Active
O09059,Organization_9059,Business,Surat,Telangana,83,Active
O09060,Organization_9060,Business,Rajkot,West Bengal,77,Under_Investigation
O09061,Organization_9061,NGO,Bengaluru,Telangana,68,Active
O09062,Organization_9062,Business,Ahmedabad,Tamil Nadu,33,Under_Investigation
O09063,Organization_9063,Business,Kolkata,Tamil Nadu,30,Active
O09064,Organization_9064,Company,Vadodara,Telangana,52,Active
O09065,Organization_9065,Association,Hyderabad,Maharashtra,87,Active
O09066,Organization_9066,Company,Hyderabad,Delhi,75,Active
O09067,Organization_9067,Association,Rajkot,Maharashtra,6,Active
O09068,Organization_9068,Company,Jaipur,Gujarat,33,Active
O09069,Organization_9069,Association,Kolkata,West Bengal,34,Inactive
O09070,Organization_9070,NGO,Kolkata,Uttar Pradesh,65,Active
O09071,Organization_9071,Business,Ahmedabad,Tamil Nadu,3,Inactive
O09072,Organization_9072,Company,Bengaluru,Uttar Pradesh,68,Under_Investigation
O09073,Organization_9073,Criminal_Group,Lucknow,Telangana,14,Inactive
O09074,Organization_9074,Business,Surat,Rajasthan,28,Under_Investigation
O09075,Organization_9075,Company,Lucknow,Tamil Nadu,43,Active
O09076,Organization_9076,Association,Kolkata,Telangana,90,Active
O09077,Organization_9077,Company,Indore,Tamil Nadu,95,Active
O09078,Organization_9078,NGO,Chennai,Rajasthan,40,Active
O09079,Organization_9079,Business,Vadodara,Madhya Pradesh,99,Under_Investigation
O09080,Organization_9080,Company,Bengaluru,Madhya Pradesh,93,Active
O09081,Organization_9081,Criminal_Group,Bengaluru,Madhya Pradesh,10,Inactive
O09082,Organization_9082,Criminal_Group,Lucknow,Telangana,32,Inactive
O09083,Organization_9083,Association,Indore,Karnataka,48,Active
O09084,Organization_9084,Business,Lucknow,Karnataka,99,Under_Investigation
O09085,Organization_9085,Criminal_Group,Surat,West Bengal,36,Active
O09086,Organization_9086,Business,Jaipur,West Bengal,86,Inactive
O09087,Organization_9087,Business,Nagpur,Uttar Pradesh,57,Under_Investigation
O09088,Organization_9088,Business,Bhopal,Madhya Pradesh,23,Active
O09089,Organization_9089,Criminal_Group,Delhi,Gujarat,46,Active
O09090,Organization_9090,Criminal_Group,Indore,Madhya Pradesh,35,Active
O09091,Organization_9091,Company,Lucknow,West Bengal,30,Inactive
O09092,Organization_9092,Company,Pune,Maharashtra,24,Inactive
O09093,Organization_9093,Business,Bengaluru,Rajasthan,48,Inactive
O09094,Organization_9094,Company,Jaipur,Telangana,83,Active
O09095,Organization_9095,Criminal_Group,Jaipur,Telangana,82,Under_Investigation
O09096,Organization_9096,Company,Jaipur,West Bengal,91,Active
O09097,Organization_9097,Company,Nagpur,Telangana,10,Active
O09098,Organization_9098,Association,Chennai,Delhi,14,Active
O09099,Organization_9099,Company,Nagpur,West Bengal,73,Inactive
O09100,Organization_9100,Company,Ahmedabad,Rajasthan,11,Active
O09101,Organization_9101,Business,Delhi,Madhya Pradesh,11,Under_Investigation
O09102,Organization_9102,Company,Nagpur,Gujarat,25,Active
O09103,Organization_9103,Criminal_Group,Chennai,Rajasthan,18,Inactive
O09104,Organization_9104,Criminal_Group,Bhopal,Madhya Pradesh,72,Active
O09105,Organization_9105,Company,Kolkata,Delhi,7,Active
O09106,Organization_9106,Company,Lucknow,Tamil Nadu,79,Active
O09107,Organization_9107,Business,Vadodara,Telangana,71,Inactive
O09108,Organization_9108,Criminal_Group,Kolkata,Delhi,88,Under_Investigation
O09109,Organization_9109,Association,Bhopal,Rajasthan,65,Inactive
O09110,Organization_9110,Criminal_Group,Lucknow,West Bengal,5,Active
O09111,Organization_9111,Business,Surat,Gujarat,66,Active
O09112,Organization_9112,Company,Bengaluru,Karnataka,65,Active
O09113,Organization_9113,Company,Nagpur,Telangana,42,Active
O09114,Organization_9114,NGO,Bhopal,West Bengal,9,Active
O09115,Organization_9115,Company,Surat,Maharashtra,56,Active
O09116,Organization_9116,Criminal_Group,Delhi,Delhi,48,Under_Investigation
O09117,Organization_9117,Company,Chennai,Tamil Nadu,42,Inactive
O09118,Organization_9118,Business,Jaipur,Uttar Pradesh,57,Active
O09119,Organization_9119,Criminal_Group,Ahmedabad,West Bengal,95,Active
O09120,Organization_9120,Association,Nagpur,Uttar Pradesh,20,Active
O09121,Organization_9121,NGO,Lucknow,Uttar Pradesh,45,Active
O09122,Organization_9122,Company,Indore,West Bengal,47,Inactive
O09123,Organization_9123,Criminal_Group,Indore,Uttar Pradesh,1,Active
O09124,Organization_9124,Company,Rajkot,Maharashtra,90,Active
O09125,Organization_9125,Criminal_Group,Bhopal,Maharashtra,12,Active
O09126,Organization_9126,Company,Kolkata,Tamil Nadu,60,Active
O09127,Organization_9127,Association,Jaipur,Gujarat,67,Active
O09128,Organization_9128,NGO,Hyderabad,Gujarat,37,Inactive
O09129,Organization_9129,Business,Vadodara,Madhya Pradesh,84,Active
O09130,Organization_9130,Criminal_Group,Hyderabad,Uttar Pradesh,35,Active
O09131,Organization_9131,Criminal_Group,Kolkata,Uttar Pradesh,68,Active
O09132,Organization_9132,Business,Lucknow,Delhi,32,Active
O09133,Organization_9133,Company,Vadodara,Karnataka,96,Active
O09134,Organization_9134,NGO,Hyderabad,Madhya Pradesh,87,Active
O09135,Organization_9135,NGO,Lucknow,Telangana,79,Under_Investigation
O09136,Organization_9136,Company,Bhopal,Telangana,30,Active
O09137,Organization_9137,NGO,Hyderabad,Maharashtra,34,Under_Investigation
O09138,Organization_9138,Business,Surat,Telangana,13,Active
O09139,Organization_9139,Criminal_Group,Ahmedabad,Karnataka,89,Under_Investigation
O09140,Organization_9140,Criminal_Group,Bengaluru,Rajasthan,30,Active
O09141,Organization_9141,Criminal_Group,Indore,Rajasthan,82,Active
O09142,Organization_9142,Company,Pune,Maharashtra,70,Active
O09143,Organization_9143,Company,Kolkata,Rajasthan,76,Under_Investigation
O09144,Organization_9144,Criminal_Group,Vadodara,Telangana,34,Active
O09145,Organization_9145,Association,Vadodara,Madhya Pradesh,35,Active
O09146,Organization_9146,Criminal_Group,Mumbai,West Bengal,33,Inactive
O09147,Organization_9147,Association,Nagpur,West Bengal,79,Active
O09148,Organization_9148,Company,Mumbai,Rajasthan,91,Active
O09149,Organization_9149,Company,Indore,Uttar Pradesh,60,Active
O09150,Organization_9150,Company,Hyderabad,West Bengal,74,Inactive
O09151,Organization_9151,Association,Rajkot,Maharashtra,63,Under_Investigation
O09152,Organization_9152,Business,Surat,Karnataka,7,Under_Investigation
O09153,Organization_9153,Criminal_Group,Mumbai,Gujarat,47,Active
O09154,Organization_9154,NGO,Delhi,Madhya Pradesh,2,Active
O09155,Organization_9155,Company,Lucknow,Tamil Nadu,72,Active
O09156,Organization_9156,Business,Bengaluru,Gujarat,14,Active
O09157,Organization_9157,Criminal_Group,Nagpur,Maharashtra,39,Inactive
O09158,Organization_9158,Association,Delhi,Uttar Pradesh,79,Active
O09159,Organization_9159,NGO,Delhi,Maharashtra,29,Active
O09160,Organization_9160,Criminal_Group,Bhopal,Maharashtra,58,Active
O09161,Organization_9161,Business,Ahmedabad,Karnataka,20,Active
O09162,Organization_9162,Association,Vadodara,Rajasthan,2,Active
O09163,Organization_9163,Company,Delhi,Madhya Pradesh,82,Under_Investigation
O09164,Organization_9164,Company,Ahmedabad,Tamil Nadu,84,Active
O09165,Organization_9165,Criminal_Group,Surat,Maharashtra,35,Active
O09166,Organization_9166,Company,Lucknow,Telangana,64,Active
O09167,Organization_9167,Company,Bengaluru,Delhi,88,Active
O09168,Organization_9168,Criminal_Group,Delhi,West Bengal,97,Under_Investigation
O09169,Organization_9169,NGO,Bhopal,Maharashtra,40,Active
O09170,Organization_9170,Business,Vadodara,Madhya Pradesh,90,Active
O09171,Organization_9171,Business,Vadodara,Delhi,30,Inactive
O09172,Organization_9172,Criminal_Group,Lucknow,Gujarat,5,Active
O09173,Organization_9173,Business,Bengaluru,Tamil Nadu,54,Inactive
O09174,Organization_9174,Company,Nagpur,Gujarat,20,Inactive
O09175,Organization_9175,Criminal_Group,Kolkata,Madhya Pradesh,52,Active
O09176,Organization_9176,Company,Ahmedabad,Karnataka,89,Active
O09177,Organization_9177,Company,Pune,West Bengal,5,Active
O09178,Organization_9178,Criminal_Group,Ahmedabad,Madhya Pradesh,70,Active
O09179,Organization_9179,Criminal_Group,Bengaluru,West Bengal,59,Active
O09180,Organization_9180,Company,Ahmedabad,Karnataka,46,Active
O09181,Organization_9181,Business,Vadodara,Rajasthan,83,Active
O09182,Organization_9182,NGO,Surat,Rajasthan,28,Active
O09183,Organization_9183,Business,Mumbai,Gujarat,4,Active
O09184,Organization_9184,NGO,Mumbai,Delhi,96,Under_Investigation
O09185,Organization_9185,Association,Mumbai,Telangana,74,Active
O09186,Organization_9186,Criminal_Group,Indore,Uttar Pradesh,94,Inactive
O09187,Organization_9187,Criminal_Group,Jaipur,Madhya Pradesh,86,Under_Investigation
O09188,Organization_9188,NGO,Bengaluru,Delhi,77,Active
O09189,Organization_9189,Business,Bhopal,Uttar Pradesh,66,Active
O09190,Organization_9190,Criminal_Group,Mumbai,Gujarat,26,Active
O09191,Organization_9191,Criminal_Group,Kolkata,Telangana,44,Under_Investigation
O09192,Organization_9192,NGO,Bhopal,Telangana,75,Active
O09193,Organization_9193,Criminal_Group,Jaipur,Gujarat,47,Inactive
O09194,Organization_9194,Business,Bengaluru,Madhya Pradesh,73,Active
O09195,Organization_9195,Company,Rajkot,Delhi,28,Active
O09196,Organization_9196,NGO,Pune,Karnataka,99,Under_Investigation
O09197,Organization_9197,Company,Lucknow,Tamil Nadu,82,Inactive
O09198,Organization_9198,Company,Delhi,Rajasthan,75,Active
O09199,Organization_9199,Association,Lucknow,Tamil Nadu,31,Active
O09200,Organization_9200,Company,Hyderabad,West Bengal,6,Under_Investigation
O09201,Organization_9201,Criminal_Group,Chennai,Rajasthan,10,Active
O09202,Organization_9202,NGO,Chennai,West Bengal,28,Active
O09203,Organization_9203,Business,Ahmedabad,Gujarat,2,Active
O09204,Organization_9204,NGO,Nagpur,Telangana,49,Inactive
O09205,Organization_9205,Criminal_Group,Rajkot,Uttar Pradesh,79,Active
O09206,Organization_9206,Criminal_Group,Chennai,Tamil Nadu,100,Under_Investigation
O09207,Organization_9207,Business,Nagpur,West Bengal,78,Under_Investigation
O09208,Organization_9208,Association,Ahmedabad,Delhi,66,Active
O09209,Organization_9209,Criminal_Group,Ahmedabad,Madhya Pradesh,31,Under_Investigation
O09210,Organization_9210,Business,Ahmedabad,Maharashtra,32,Inactive
O09211,Organization_9211,Company,Indore,Delhi,25,Active
O09212,Organization_9212,Criminal_Group,Indore,Maharashtra,69,Inactive
O09213,Organization_9213,Criminal_Group,Kolkata,West Bengal,24,Active
O09214,Organization_9214,Company,Ahmedabad,West Bengal,10,Active
O09215,Organization_9215,Company,Lucknow,Madhya Pradesh,65,Active
O09216,Organization_9216,Criminal_Group,Hyderabad,Telangana,32,Inactive
O09217,Organization_9217,Business,Bhopal,Delhi,26,Inactive
O09218,Organization_9218,NGO,Pune,Tamil Nadu,81,Inactive
O09219,Organization_9219,Company,Bengaluru,Karnataka,88,Inactive
O09220,Organization_9220,Business,Kolkata,Uttar Pradesh,75,Under_Investigation
O09221,Organization_9221,Association,Pune,Telangana,68,Active
O09222,Organization_9222,Criminal_Group,Vadodara,Karnataka,3,Active
O09223,Organization_9223,Business,Mumbai,West Bengal,81,Active
O09224,Organization_9224,Business,Hyderabad,West Bengal,29,Active
O09225,Organization_9225,NGO,Ahmedabad,West Bengal,19,Active
O09226,Organization_9226,NGO,Indore,Delhi,98,Under_Investigation
O09227,Organization_9227,Business,Lucknow,Rajasthan,44,Active
O09228,Organization_9228,Company,Vadodara,Delhi,8,Active
O09229,Organization_9229,Company,Pune,Delhi,28,Active
O09230,Organization_9230,Association,Nagpur,Telangana,67,Active
O09231,Organization_9231,Association,Lucknow,Rajasthan,89,Active
O09232,Organization_9232,NGO,Chennai,Karnataka,30,Under_Investigation
O09233,Organization_9233,Company,Chennai,Madhya Pradesh,45,Active
O09234,Organization_9234,NGO,Indore,Maharashtra,43,Active
O09235,Organization_9235,Business,Hyderabad,Madhya Pradesh,39,Active
O09236,Organization_9236,Criminal_Group,Bengaluru,Maharashtra,17,Inactive
O09237,Organization_9237,Company,Bengaluru,Maharashtra,88,Active
O09238,Organization_9238,Criminal_Group,Surat,Uttar Pradesh,76,Active
O09239,Organization_9239,Company,Indore,Tamil Nadu,28,Under_Investigation
O09240,Organization_9240,Business,Hyderabad,Tamil Nadu,22,Under_Investigation
O09241,Organization_9241,Criminal_Group,Bhopal,West Bengal,29,Inactive
O09242,Organization_9242,NGO,Jaipur,Madhya Pradesh,9,Inactive
O09243,Organization_9243,Association,Kolkata,Telangana,5,Active
O09244,Organization_9244,Company,Jaipur,Uttar Pradesh,20,Under_Investigation
O09245,Organization_9245,Association,Indore,Tamil Nadu,54,Active
O09246,Organization_9246,Business,Rajkot,West Bengal,57,Active
O09247,Organization_9247,Company,Hyderabad,Maharashtra,36,Inactive
O09248,Organization_9248,Association,Hyderabad,Maharashtra,50,Active
O09249,Organization_9249,Company,Chennai,Gujarat,44,Inactive
O09250,Organization_9250,NGO,Pune,Karnataka,9,Active
O09251,Organization_9251,Company,Mumbai,Maharashtra,64,Inactive
O09252,Organization_9252,Criminal_Group,Mumbai,Gujarat,65,Active
O09253,Organization_9253,Criminal_Group,Chennai,Karnataka,60,Active
O09254,Organization_9254,Criminal_Group,Bhopal,Maharashtra,5,Active
O09255,Organization_9255,Company,Delhi,Tamil Nadu,8,Active
O09256,Organization_9256,Business,Jaipur,Uttar Pradesh,38,Active
O09257,Organization_9257,Company,Rajkot,West Bengal,31,Inactive
O09258,Organization_9258,Association,Pune,Uttar Pradesh,48,Active
O09259,Organization_9259,Association,Rajkot,West Bengal,13,Inactive
O09260,Organization_9260,Criminal_Group,Mumbai,West Bengal,39,Inactive
O09261,Organization_9261,Business,Ahmedabad,Maharashtra,68,Active
O09262,Organization_9262,Criminal_Group,Pune,Delhi,17,Active
O09263,Organization_9263,NGO,Kolkata,Madhya Pradesh,85,Inactive
O09264,Organization_9264,Company,Vadodara,Rajasthan,11,Active
O09265,Organization_9265,Criminal_Group,Mumbai,Telangana,32,Under_Investigation
O09266,Organization_9266,Business,Bhopal,Uttar Pradesh,4,Active
O09267,Organization_9267,NGO,Mumbai,Tamil Nadu,51,Active
O09268,Organization_9268,Company,Surat,Maharashtra,67,Active
O09269,Organization_9269,Criminal_Group,Rajkot,Tamil Nadu,82,Active
O09270,Organization_9270,Company,Vadodara,West Bengal,86,Active
O09271,Organization_9271,Business,Pune,Madhya Pradesh,80,Inactive
O09272,Organization_9272,Criminal_Group,Bhopal,Tamil Nadu,11,Active
O09273,Organization_9273,Company,Bengaluru,Delhi,12,Active
O09274,Organization_9274,Company,Indore,Maharashtra,40,Active
O09275,Organization_9275,Criminal_Group,Lucknow,Madhya Pradesh,47,Active
O09276,Organization_9276,Company,Ahmedabad,Gujarat,30,Under_Investigation
O09277,Organization_9277,Criminal_Group,Mumbai,Karnataka,41,Active
O09278,Organization_9278,Company,Ahmedabad,Karnataka,63,Active
O09279,Organization_9279,Association,Pune,Gujarat,34,Active
O09280,Organization_9280,Company,Pune,West Bengal,51,Active
O09281,Organization_9281,NGO,Lucknow,Tamil Nadu,12,Active
O09282,Organization_9282,Criminal_Group,Chennai,Maharashtra,21,Under_Investigation
O09283,Organization_9283,Criminal_Group,Hyderabad,Madhya Pradesh,99,Inactive
O09284,Organization_9284,Association,Vadodara,Maharashtra,78,Active
O09285,Organization_9285,Company,Jaipur,Karnataka,34,Inactive
O09286,Organization_9286,Business,Ahmedabad,West Bengal,13,Active
O09287,Organization_9287,NGO,Ahmedabad,Gujarat,89,Active
O09288,Organization_9288,Company,Bhopal,Maharashtra,40,Under_Investigation
O09289,Organization_9289,Criminal_Group,Jaipur,Karnataka,14,Inactive
O09290,Organization_9290,Company,Indore,Rajasthan,98,Active
O09291,Organization_9291,Company,Pune,Madhya Pradesh,61,Active
O09292,Organization_9292,Business,Ahmedabad,West Bengal,26,Active
O09293,Organization_9293,Company,Nagpur,Gujarat,35,Active
O09294,Organization_9294,Company,Kolkata,Tamil Nadu,35,Active
O09295,Organization_9295,Business,Kolkata,Uttar Pradesh,97,Active
O09296,Organization_9296,Criminal_Group,Bhopal,West Bengal,87,Active
O09297,Organization_9297,Business,Jaipur,Madhya Pradesh,83,Under_Investigation
O09298,Organization_9298,Business,Ahmedabad,Maharashtra,53,Active
O09299,Organization_9299,Criminal_Group,Kolkata,West Bengal,79,Under_Investigation
O09300,Organization_9300,Company,Hyderabad,Karnataka,79,Active
O09301,Organization_9301,Business,Hyderabad,Delhi,47,Active
O09302,Organization_9302,Business,Nagpur,Delhi,24,Under_Investigation
O09303,Organization_9303,Association,Hyderabad,Delhi,77,Active
O09304,Organization_9304,Criminal_Group,Bhopal,Tamil Nadu,49,Active
O09305,Organization_9305,Company,Nagpur,Delhi,38,Active
O09306,Organization_9306,NGO,Delhi,Maharashtra,30,Under_Investigation
O09307,Organization_9307,Criminal_Group,Mumbai,Karnataka,56,Inactive
O09308,Organization_9308,Business,Rajkot,Karnataka,97,Inactive
O09309,Organization_9309,NGO,Lucknow,Gujarat,27,Active
O09310,Organization_9310,Company,Pune,Madhya Pradesh,27,Inactive
O09311,Organization_9311,Criminal_Group,Bhopal,Karnataka,36,Active
O09312,Organization_9312,Criminal_Group,Hyderabad,Uttar Pradesh,19,Inactive
O09313,Organization_9313,Company,Indore,Rajasthan,62,Inactive
O09314,Organization_9314,Company,Vadodara,Rajasthan,66,Under_Investigation
O09315,Organization_9315,Criminal_Group,Pune,Tamil Nadu,23,Active
O09316,Organization_9316,Company,Jaipur,West Bengal,89,Active
O09317,Organization_9317,Criminal_Group,Delhi,Tamil Nadu,60,Active
O09318,Organization_9318,Business,Jaipur,Telangana,90,Under_Investigation
O09319,Organization_9319,Criminal_Group,Bhopal,Madhya Pradesh,65,Under_Investigation
O09320,Organization_9320,Business,Delhi,Delhi,2,Active
O09321,Organization_9321,Company,Bhopal,Karnataka,44,Active
O09322,Organization_9322,Criminal_Group,Lucknow,Delhi,32,Active
O09323,Organization_9323,Criminal_Group,Delhi,Telangana,59,Active
O09324,Organization_9324,Criminal_Group,Chennai,Tamil Nadu,25,Active
O09325,Organization_9325,Association,Indore,Madhya Pradesh,89,Inactive
O09326,Organization_9326,Company,Surat,Karnataka,69,Active
O09327,Organization_9327,Criminal_Group,Delhi,West Bengal,5,Active
O09328,Organization_9328,Business,Surat,Rajasthan,92,Active
O09329,Organization_9329,Criminal_Group,Jaipur,Karnataka,89,Active
O09330,Organization_9330,Criminal_Group,Ahmedabad,Madhya Pradesh,49,Inactive
O09331,Organization_9331,Criminal_Group,Kolkata,Gujarat,73,Inactive
O09332,Organization_9332,Business,Surat,Maharashtra,8,Inactive
O09333,Organization_9333,Company,Hyderabad,Madhya Pradesh,22,Active
O09334,Organization_9334,Company,Jaipur,West Bengal,55,Inactive
O09335,Organization_9335,Criminal_Group,Bengaluru,West Bengal,3,Under_Investigation
O09336,Organization_9336,NGO,Surat,Tamil Nadu,94,Under_Investigation
O09337,Organization_9337,Criminal_Group,Bhopal,Karnataka,63,Under_Investigation
O09338,Organization_9338,Criminal_Group,Mumbai,Tamil Nadu,23,Active
O09339,Organization_9339,NGO,Vadodara,Gujarat,95,Active
O09340,Organization_9340,Association,Nagpur,Karnataka,26,Inactive
O09341,Organization_9341,NGO,Chennai,Uttar Pradesh,34,Under_Investigation
O09342,Organization_9342,Business,Bhopal,Maharashtra,79,Active
O09343,Organization_9343,Criminal_Group,Jaipur,Karnataka,78,Active
O09344,Organization_9344,Criminal_Group,Bhopal,Karnataka,43,Active
O09345,Organization_9345,Criminal_Group,Jaipur,West Bengal,30,Active
O09346,Organization_9346,Company,Bhopal,Uttar Pradesh,68,Active
O09347,Organization_9347,Company,Chennai,Rajasthan,11,Active
O09348,Organization_9348,Company,Chennai,Telangana,52,Inactive
O09349,Organization_9349,Association,Lucknow,Telangana,17,Under_Investigation
O09350,Organization_9350,Business,Lucknow,Uttar Pradesh,27,Active
O09351,Organization_9351,NGO,Kolkata,Telangana,46,Active
O09352,Organization_9352,Company,Hyderabad,Rajasthan,53,Inactive
O09353,Organization_9353,NGO,Indore,West Bengal,3,Under_Investigation
O09354,Organization_9354,Business,Bengaluru,Gujarat,3,Active
O09355,Organization_9355,Criminal_Group,Kolkata,Telangana,4,Under_Investigation
O09356,Organization_9356,Business,Hyderabad,Madhya Pradesh,57,Under_Investigation
O09357,Organization_9357,Criminal_Group,Ahmedabad,Karnataka,38,Active
O09358,Organization_9358,Company,Indore,Tamil Nadu,87,Active
O09359,Organization_9359,Company,Bhopal,Telangana,70,Under_Investigation
O09360,Organization_9360,NGO,Delhi,Uttar Pradesh,19,Active
O09361,Organization_9361,Business,Hyderabad,Maharashtra,17,Active
O09362,Organization_9362,Criminal_Group,Indore,Gujarat,30,Active
O09363,Organization_9363,Criminal_Group,Lucknow,West Bengal,88,Active
O09364,Organization_9364,Business,Indore,Uttar Pradesh,35,Under_Investigation
O09365,Organization_9365,Criminal_Group,Chennai,Rajasthan,82,Under_Investigation
O09366,Organization_9366,NGO,Nagpur,Madhya Pradesh,90,Under_Investigation
O09367,Organization_9367,Company,Ahmedabad,Gujarat,83,Active
O09368,Organization_9368,Company,Vadodara,Karnataka,87,Active
O09369,Organization_9369,Business,Surat,Delhi,36,Active
O09370,Organization_9370,Company,Chennai,Maharashtra,3,Active
O09371,Organization_9371,Business,Delhi,Telangana,44,Active
O09372,Organization_9372,Business,Vadodara,Madhya Pradesh,32,Active
O09373,Organization_9373,Business,Lucknow,Gujarat,6,Active
O09374,Organization_9374,Business,Delhi,Madhya Pradesh,97,Active
O09375,Organization_9375,Criminal_Group,Ahmedabad,West Bengal,92,Inactive
O09376,Organization_9376,Business,Bengaluru,West Bengal,2,Active
O09377,Organization_9377,Company,Lucknow,Maharashtra,67,Active
O09378,Organization_9378,Association,Pune,Karnataka,13,Active
O09379,Organization_9379,Company,Surat,Rajasthan,57,Active
O09380,Organization_9380,Company,Lucknow,Telangana,35,Active
O09381,Organization_9381,Company,Bengaluru,Tamil Nadu,28,Inactive
O09382,Organization_9382,NGO,Indore,Delhi,45,Active
O09383,Organization_9383,Company,Chennai,Karnataka,73,Under_Investigation
O09384,Organization_9384,Criminal_Group,Rajkot,Karnataka,1,Under_Investigation
O09385,Organization_9385,Business,Bengaluru,West Bengal,24,Active
O09386,Organization_9386,Criminal_Group,Surat,Tamil Nadu,38,Active
O09387,Organization_9387,Criminal_Group,Bengaluru,Delhi,55,Active
O09388,Organization_9388,Association,Ahmedabad,Maharashtra,75,Inactive
O09389,Organization_9389,Company,Bhopal,Telangana,50,Under_Investigation
O09390,Organization_9390,Criminal_Group,Surat,Karnataka,1,Inactive
O09391,Organization_9391,Business,Kolkata,Madhya Pradesh,13,Active
O09392,Organization_9392,Business,Rajkot,Telangana,68,Under_Investigation
O09393,Organization_9393,NGO,Delhi,Gujarat,79,Inactive
O09394,Organization_9394,Company,Indore,Tamil Nadu,11,Inactive
O09395,Organization_9395,Company,Surat,Uttar Pradesh,2,Active
O09396,Organization_9396,NGO,Hyderabad,West Bengal,8,Active
O09397,Organization_9397,Criminal_Group,Rajkot,West Bengal,58,Under_Investigation
O09398,Organization_9398,Criminal_Group,Vadodara,Delhi,87,Inactive
O09399,Organization_9399,Business,Chennai,Uttar Pradesh,69,Active
O09400,Organization_9400,Company,Delhi,Tamil Nadu,98,Active
O09401,Organization_9401,Business,Chennai,Karnataka,4,Active
O09402,Organization_9402,NGO,Bhopal,Delhi,38,Active
O09403,Organization_9403,Company,Delhi,Karnataka,8,Under_Investigation
O09404,Organization_9404,Company,Pune,Tamil Nadu,86,Active
O09405,Organization_9405,Association,Nagpur,Maharashtra,41,Active
O09406,Organization_9406,Business,Rajkot,Delhi,65,Inactive
O09407,Organization_9407,Criminal_Group,Vadodara,Madhya Pradesh,29,Under_Investigation
O09408,Organization_9408,NGO,Rajkot,Rajasthan,75,Under_Investigation
O09409,Organization_9409,Criminal_Group,Hyderabad,Uttar Pradesh,11,Under_Investigation
O09410,Organization_9410,Business,Bhopal,Karnataka,79,Active
O09411,Organization_9411,Company,Nagpur,Telangana,39,Active
O09412,Organization_9412,Company,Chennai,Uttar Pradesh,43,Active
O09413,Organization_9413,NGO,Vadodara,Madhya Pradesh,100,Active
O09414,Organization_9414,Company,Surat,Uttar Pradesh,47,Active
O09415,Organization_9415,Criminal_Group,Bhopal,Uttar Pradesh,17,Inactive
O09416,Organization_9416,Business,Bengaluru,Telangana,94,Active
O09417,Organization_9417,NGO,Indore,Delhi,84,Active
O09418,Organization_9418,Company,Vadodara,Gujarat,83,Active
O09419,Organization_9419,Company,Bengaluru,Uttar Pradesh,90,Inactive
O09420,Organization_9420,Business,Chennai,Maharashtra,40,Active
O09421,Organization_9421,Company,Bhopal,Telangana,72,Active
O09422,Organization_9422,Criminal_Group,Surat,Tamil Nadu,32,Active
O09423,Organization_9423,Association,Surat,West Bengal,62,Under_Investigation
O09424,Organization_9424,Company,Nagpur,Uttar Pradesh,34,Active
O09425,Organization_9425,Criminal_Group,Rajkot,Rajasthan,41,Active
O09426,Organization_9426,Company,Rajkot,Karnataka,21,Inactive
O09427,Organization_9427,Criminal_Group,Ahmedabad,Karnataka,20,Active
O09428,Organization_9428,Company,Indore,West Bengal,93,Active
O09429,Organization_9429,Company,Lucknow,Madhya Pradesh,95,Active
O09430,Organization_9430,Criminal_Group,Pune,Uttar Pradesh,14,Under_Investigation
O09431,Organization_9431,Business,Ahmedabad,West Bengal,19,Inactive
O09432,Organization_9432,NGO,Ahmedabad,Madhya Pradesh,60,Active
O09433,Organization_9433,Company,Surat,Madhya Pradesh,69,Inactive
O09434,Organization_9434,Criminal_Group,Surat,Uttar Pradesh,90,Active
O09435,Organization_9435,Criminal_Group,Chennai,Maharashtra,68,Active
O09436,Organization_9436,NGO,Jaipur,Delhi,54,Active
O09437,Organization_9437,Company,Kolkata,Madhya Pradesh,98,Active
O09438,Organization_9438,Criminal_Group,Delhi,Rajasthan,99,Under_Investigation
O09439,Organization_9439,Business,Mumbai,Madhya Pradesh,96,Active
O09440,Organization_9440,Business,Delhi,West Bengal,7,Inactive
O09441,Organization_9441,Association,Ahmedabad,Maharashtra,56,Under_Investigation
O09442,Organization_9442,Association,Rajkot,Madhya Pradesh,35,Under_Investigation
O09443,Organization_9443,NGO,Chennai,Karnataka,48,Active
O09444,Organization_9444,Criminal_Group,Lucknow,West Bengal,44,Active
O09445,Organization_9445,Company,Vadodara,Maharashtra,45,Active
O09446,Organization_9446,Company,Bhopal,Gujarat,16,Active
O09447,Organization_9447,Criminal_Group,Surat,West Bengal,13,Inactive
O09448,Organization_9448,NGO,Mumbai,Tamil Nadu,40,Under_Investigation
O09449,Organization_9449,Association,Mumbai,Uttar Pradesh,88,Active
O09450,Organization_9450,Criminal_Group,Indore,Karnataka,45,Active
O09451,Organization_9451,NGO,Kolkata,Uttar Pradesh,44,Active
O09452,Organization_9452,Company,Lucknow,Telangana,87,Active
O09453,Organization_9453,Company,Bhopal,Karnataka,32,Under_Investigation
O09454,Organization_9454,NGO,Bengaluru,Telangana,27,Inactive
O09455,Organization_9455,NGO,Mumbai,Uttar Pradesh,6,Active
O09456,Organization_9456,Business,Kolkata,Rajasthan,63,Under_Investigation
O09457,Organization_9457,Company,Bhopal,Telangana,93,Active
O09458,Organization_9458,Company,Jaipur,Karnataka,47,Active
O09459,Organization_9459,Business,Kolkata,Madhya Pradesh,57,Active
O09460,Organization_9460,Company,Jaipur,Uttar Pradesh,29,Active
O09461,Organization_9461,NGO,Nagpur,Maharashtra,43,Active
O09462,Organization_9462,Company,Hyderabad,Karnataka,21,Inactive
O09463,Organization_9463,Association,Rajkot,Maharashtra,71,Active
O09464,Organization_9464,Company,Ahmedabad,West Bengal,42,Active
O09465,Organization_9465,Association,Nagpur,Uttar Pradesh,12,Under_Investigation
O09466,Organization_9466,Association,Jaipur,Maharashtra,82,Active
O09467,Organization_9467,Criminal_Group,Chennai,Karnataka,75,Under_Investigation
O09468,Organization_9468,Company,Vadodara,Karnataka,29,Inactive
O09469,Organization_9469,Company,Surat,Telangana,66,Active
O09470,Organization_9470,Business,Rajkot,Delhi,71,Active
O09471,Organization_9471,Business,Rajkot,Tamil Nadu,74,Inactive
O09472,Organization_9472,Company,Pune,Rajasthan,4,Active
O09473,Organization_9473,Criminal_Group,Lucknow,Delhi,93,Active
O09474,Organization_9474,NGO,Pune,Tamil Nadu,19,Active
O09475,Organization_9475,Criminal_Group,Chennai,Tamil Nadu,72,Inactive
O09476,Organization_9476,NGO,Bengaluru,Tamil Nadu,10,Inactive
O09477,Organization_9477,NGO,Chennai,Gujarat,32,Active
O09478,Organization_9478,Company,Bhopal,Delhi,58,Active
O09479,Organization_9479,Company,Kolkata,Maharashtra,49,Active
O09480,Organization_9480,Company,Lucknow,West Bengal,55,Active
O09481,Organization_9481,Business,Lucknow,Gujarat,89,Active
O09482,Organization_9482,Association,Mumbai,Madhya Pradesh,1,Active
O09483,Organization_9483,Criminal_Group,Jaipur,Madhya Pradesh,24,Active
O09484,Organization_9484,Company,Jaipur,Rajasthan,13,Active
O09485,Organization_9485,Company,Surat,Telangana,62,Active
O09486,Organization_9486,NGO,Kolkata,Gujarat,44,Active
O09487,Organization_9487,Business,Lucknow,West Bengal,77,Active
O09488,Organization_9488,Company,Surat,Gujarat,32,Active
O09489,Organization_9489,Company,Delhi,Uttar Pradesh,3,Active
O09490,Organization_9490,NGO,Rajkot,Maharashtra,8,Active
O09491,Organization_9491,NGO,Vadodara,Madhya Pradesh,74,Active
O09492,Organization_9492,Criminal_Group,Vadodara,Madhya Pradesh,8,Active
O09493,Organization_9493,Criminal_Group,Mumbai,Karnataka,43,Active
O09494,Organization_9494,Business,Lucknow,Delhi,88,Active
O09495,Organization_9495,Criminal_Group,Kolkata,Telangana,66,Inactive
O09496,Organization_9496,Company,Indore,Karnataka,46,Active
O09497,Organization_9497,NGO,Indore,Karnataka,50,Inactive
O09498,Organization_9498,Company,Rajkot,Uttar Pradesh,5,Inactive
O09499,Organization_9499,Criminal_Group,Delhi,Maharashtra,94,Active
O09500,Organization_9500,Company,Kolkata,Rajasthan,31,Inactive
O09501,Organization_9501,Company,Mumbai,Delhi,2,Active
O09502,Organization_9502,Company,Rajkot,Telangana,36,Active
O09503,Organization_9503,Criminal_Group,Mumbai,Tamil Nadu,53,Active
O09504,Organization_9504,Criminal_Group,Jaipur,Karnataka,56,Active
O09505,Organization_9505,Criminal_Group,Jaipur,Telangana,61,Active
O09506,Organization_9506,Criminal_Group,Kolkata,Tamil Nadu,60,Inactive
O09507,Organization_9507,NGO,Rajkot,Telangana,88,Active
O09508,Organization_9508,Company,Mumbai,Tamil Nadu,14,Active
O09509,Organization_9509,Criminal_Group,Indore,Telangana,59,Active
O09510,Organization_9510,Company,Pune,West Bengal,21,Active
O09511,Organization_9511,Criminal_Group,Mumbai,Delhi,10,Active
O09512,Organization_9512,Association,Vadodara,Karnataka,33,Active
O09513,Organization_9513,Criminal_Group,Bhopal,Karnataka,96,Active
O09514,Organization_9514,Company,Kolkata,Tamil Nadu,88,Under_Investigation
O09515,Organization_9515,Company,Bengaluru,Maharashtra,72,Active
O09516,Organization_9516,Criminal_Group,Bengaluru,Rajasthan,47,Active
O09517,Organization_9517,NGO,Vadodara,Rajasthan,100,Inactive
O09518,Organization_9518,NGO,Nagpur,Rajasthan,33,Active
O09519,Organization_9519,Criminal_Group,Bengaluru,Tamil Nadu,94,Active
O09520,Organization_9520,Company,Rajkot,Tamil Nadu,46,Active
O09521,Organization_9521,Association,Kolkata,West Bengal,72,Active
O09522,Organization_9522,NGO,Bengaluru,Tamil Nadu,32,Active
O09523,Organization_9523,Association,Ahmedabad,West Bengal,60,Active
O09524,Organization_9524,Criminal_Group,Bhopal,Delhi,28,Active
O09525,Organization_9525,Company,Pune,Maharashtra,31,Active
O09526,Organization_9526,Criminal_Group,Indore,Rajasthan,23,Inactive
O09527,Organization_9527,Business,Pune,Delhi,24,Under_Investigation
O09528,Organization_9528,Business,Mumbai,Madhya Pradesh,52,Active
O09529,Organization_9529,Criminal_Group,Vadodara,Telangana,58,Active
O09530,Organization_9530,Company,Mumbai,West Bengal,27,Under_Investigation
O09531,Organization_9531,Company,Hyderabad,Telangana,52,Active
O09532,Organization_9532,NGO,Delhi,Maharashtra,2,Inactive
O09533,Organization_9533,NGO,Chennai,Karnataka,85,Active
O09534,Organization_9534,Criminal_Group,Vadodara,Gujarat,32,Active
O09535,Organization_9535,Criminal_Group,Nagpur,Madhya Pradesh,87,Active
O09536,Organization_9536,Business,Chennai,Telangana,93,Active
O09537,Organization_9537,Criminal_Group,Bhopal,Rajasthan,48,Inactive
O09538,Organization_9538,Company,Delhi,Rajasthan,12,Inactive
O09539,Organization_9539,Criminal_Group,Jaipur,Tamil Nadu,57,Active
O09540,Organization_9540,NGO,Jaipur,Madhya Pradesh,44,Active
O09541,Organization_9541,Criminal_Group,Ahmedabad,Delhi,2,Active
O09542,Organization_9542,Company,Mumbai,Maharashtra,94,Active
O09543,Organization_9543,NGO,Bengaluru,Madhya Pradesh,39,Active
O09544,Organization_9544,Business,Indore,Telangana,7,Active
O09545,Organization_9545,NGO,Vadodara,Tamil Nadu,47,Active
O09546,Organization_9546,Company,Bengaluru,West Bengal,94,Active
O09547,Organization_9547,Company,Jaipur,Rajasthan,47,Active
O09548,Organization_9548,NGO,Pune,Delhi,38,Active
O09549,Organization_9549,NGO,Rajkot,Karnataka,44,Inactive
O09550,Organization_9550,Criminal_Group,Pune,Uttar Pradesh,74,Active
O09551,Organization_9551,NGO,Bengaluru,Gujarat,77,Active
O09552,Organization_9552,Company,Ahmedabad,Telangana,12,Active
O09553,Organization_9553,Criminal_Group,Ahmedabad,Uttar Pradesh,25,Active
O09554,Organization_9554,NGO,Surat,Telangana,9,Active
O09555,Organization_9555,Criminal_Group,Rajkot,Gujarat,92,Active
O09556,Organization_9556,Company,Surat,Maharashtra,8,Inactive
O09557,Organization_9557,Business,Chennai,Tamil Nadu,83,Inactive
O09558,Organization_9558,Association,Hyderabad,Gujarat,90,Active
O09559,Organization_9559,Business,Jaipur,Rajasthan,66,Active
O09560,Organization_9560,Business,Nagpur,West Bengal,66,Active
O09561,Organization_9561,Business,Bengaluru,Telangana,30,Active
O09562,Organization_9562,Business,Pune,Rajasthan,43,Active
O09563,Organization_9563,Criminal_Group,Bengaluru,West Bengal,42,Inactive
O09564,Organization_9564,Business,Chennai,Uttar Pradesh,13,Active
O09565,Organization_9565,Criminal_Group,Bengaluru,Maharashtra,84,Under_Investigation
O09566,Organization_9566,NGO,Indore,Madhya Pradesh,89,Under_Investigation
O09567,Organization_9567,Criminal_Group,Mumbai,Madhya Pradesh,96,Active
O09568,Organization_9568,Company,Hyderabad,Maharashtra,8,Active
O09569,Organization_9569,Criminal_Group,Ahmedabad,Telangana,50,Active
O09570,Organization_9570,Criminal_Group,Indore,Madhya Pradesh,59,Under_Investigation
O09571,Organization_9571,NGO,Jaipur,Tamil Nadu,29,Active
O09572,Organization_9572,NGO,Indore,West Bengal,44,Active
O09573,Organization_9573,Criminal_Group,Kolkata,Rajasthan,67,Active
O09574,Organization_9574,Criminal_Group,Bengaluru,West Bengal,65,Active
O09575,Organization_9575,Company,Nagpur,Maharashtra,52,Active
O09576,Organization_9576,Business,Kolkata,Maharashtra,82,Under_Investigation
O09577,Organization_9577,Company,Pune,Gujarat,51,Under_Investigation
O09578,Organization_9578,Criminal_Group,Nagpur,Telangana,22,Inactive
O09579,Organization_9579,NGO,Pune,Delhi,98,Inactive
O09580,Organization_9580,Association,Kolkata,Gujarat,87,Inactive
O09581,Organization_9581,Company,Delhi,Telangana,64,Active
O09582,Organization_9582,Criminal_Group,Ahmedabad,Madhya Pradesh,63,Active
O09583,Organization_9583,Company,Kolkata,Tamil Nadu,42,Inactive
O09584,Organization_9584,Company,Jaipur,Delhi,61,Active
O09585,Organization_9585,Criminal_Group,Delhi,Rajasthan,89,Active
O09586,Organization_9586,Company,Delhi,Rajasthan,47,Active
O09587,Organization_9587,Company,Vadodara,Madhya Pradesh,72,Active
O09588,Organization_9588,Criminal_Group,Bengaluru,Maharashtra,85,Active
O09589,Organization_9589,Criminal_Group,Mumbai,Gujarat,63,Active
O09590,Organization_9590,NGO,Mumbai,Telangana,1,Active
O09591,Organization_9591,Criminal_Group,Bhopal,Karnataka,3,Active
O09592,Organization_9592,Business,Pune,Tamil Nadu,70,Active
O09593,Organization_9593,Company,Delhi,Uttar Pradesh,63,Active
O09594,Organization_9594,NGO,Hyderabad,Tamil Nadu,91,Under_Investigation
O09595,Organization_9595,NGO,Mumbai,Tamil Nadu,75,Active
O09596,Organization_9596,Company,Delhi,Maharashtra,91,Active
O09597,Organization_9597,Business,Indore,Rajasthan,66,Inactive
O09598,Organization_9598,Business,Bhopal,Rajasthan,49,Under_Investigation
O09599,Organization_9599,NGO,Vadodara,Telangana,69,Inactive
O09600,Organization_9600,Criminal_Group,Ahmedabad,Telangana,31,Active
O09601,Organization_9601,Company,Surat,Maharashtra,71,Active
O09602,Organization_9602,Criminal_Group,Lucknow,Delhi,10,Active
O09603,Organization_9603,Criminal_Group,Chennai,Rajasthan,99,Inactive
O09604,Organization_9604,Company,Kolkata,Gujarat,99,Active
O09605,Organization_9605,Business,Surat,Maharashtra,35,Active
O09606,Organization_9606,Criminal_Group,Chennai,Madhya Pradesh,1,Active
O09607,Organization_9607,Criminal_Group,Nagpur,West Bengal,61,Inactive
O09608,Organization_9608,Criminal_Group,Mumbai,Telangana,39,Inactive
O09609,Organization_9609,Association,Delhi,Telangana,99,Active
O09610,Organization_9610,Business,Kolkata,Delhi,11,Active
O09611,Organization_9611,Company,Ahmedabad,Gujarat,11,Inactive
O09612,Organization_9612,Criminal_Group,Nagpur,Tamil Nadu,79,Active
O09613,Organization_9613,Business,Indore,Rajasthan,47,Under_Investigation
O09614,Organization_9614,Criminal_Group,Indore,Delhi,40,Active
O09615,Organization_9615,Company,Surat,Delhi,50,Inactive
O09616,Organization_9616,Company,Surat,Gujarat,13,Active
O09617,Organization_9617,NGO,Mumbai,Madhya Pradesh,28,Active
O09618,Organization_9618,Criminal_Group,Kolkata,Telangana,9,Inactive
O09619,Organization_9619,Criminal_Group,Lucknow,West Bengal,68,Active
O09620,Organization_9620,Association,Jaipur,Karnataka,84,Active
O09621,Organization_9621,Company,Hyderabad,West Bengal,1,Active
O09622,Organization_9622,Company,Lucknow,Maharashtra,8,Under_Investigation
O09623,Organization_9623,Criminal_Group,Bhopal,West Bengal,12,Active
O09624,Organization_9624,Company,Indore,Tamil Nadu,68,Active
O09625,Organization_9625,Criminal_Group,Jaipur,Rajasthan,6,Active
O09626,Organization_9626,Business,Lucknow,Maharashtra,35,Under_Investigation
O09627,Organization_9627,Company,Vadodara,Tamil Nadu,8,Active
O09628,Organization_9628,Association,Surat,Gujarat,98,Active
O09629,Organization_9629,NGO,Nagpur,Tamil Nadu,39,Active
O09630,Organization_9630,Criminal_Group,Kolkata,Telangana,35,Inactive
O09631,Organization_9631,Company,Chennai,Rajasthan,74,Active
O09632,Organization_9632,Business,Kolkata,Maharashtra,87,Inactive
O09633,Organization_9633,Criminal_Group,Jaipur,Madhya Pradesh,60,Active
O09634,Organization_9634,Criminal_Group,Bhopal,Telangana,99,Active
O09635,Organization_9635,Company,Delhi,Gujarat,25,Active
O09636,Organization_9636,Business,Chennai,Maharashtra,77,Under_Investigation
O09637,Organization_9637,Association,Hyderabad,Madhya Pradesh,59,Under_Investigation
O09638,Organization_9638,NGO,Delhi,Telangana,80,Active
O09639,Organization_9639,Business,Ahmedabad,Uttar Pradesh,28,Active
O09640,Organization_9640,Criminal_Group,Delhi,Gujarat,32,Under_Investigation
O09641,Organization_9641,Company,Hyderabad,Rajasthan,15,Under_Investigation
O09642,Organization_9642,Company,Jaipur,Madhya Pradesh,79,Inactive
O09643,Organization_9643,Company,Bhopal,Maharashtra,17,Active
O09644,Organization_9644,Business,Kolkata,Telangana,18,Active
O09645,Organization_9645,Company,Jaipur,Rajasthan,25,Active
O09646,Organization_9646,Company,Lucknow,Maharashtra,11,Active
O09647,Organization_9647,Company,Bhopal,Gujarat,91,Active
O09648,Organization_9648,NGO,Delhi,Uttar Pradesh,10,Active
O09649,Organization_9649,Criminal_Group,Pune,Tamil Nadu,57,Under_Investigation
O09650,Organization_9650,Company,Nagpur,Maharashtra,63,Active
O09651,Organization_9651,NGO,Delhi,West Bengal,62,Active
O09652,Organization_9652,Business,Nagpur,Maharashtra,5,Active
O09653,Organization_9653,Company,Vadodara,Maharashtra,32,Under_Investigation
O09654,Organization_9654,Company,Indore,Rajasthan,72,Active
O09655,Organization_9655,Company,Vadodara,Delhi,43,Active
O09656,Organization_9656,Criminal_Group,Ahmedabad,Madhya Pradesh,47,Active
O09657,Organization_9657,Company,Bhopal,Maharashtra,26,Active
O09658,Organization_9658,Company,Surat,Karnataka,25,Active
O09659,Organization_9659,Company,Kolkata,Uttar Pradesh,26,Under_Investigation
O09660,Organization_9660,Company,Kolkata,Telangana,89,Active
O09661,Organization_9661,Criminal_Group,Jaipur,Maharashtra,95,Active
O09662,Organization_9662,Business,Vadodara,Rajasthan,88,Under_Investigation
O09663,Organization_9663,NGO,Indore,Madhya Pradesh,40,Under_Investigation
O09664,Organization_9664,Company,Vadodara,Maharashtra,48,Active
O09665,Organization_9665,Business,Mumbai,Madhya Pradesh,76,Inactive
O09666,Organization_9666,NGO,Kolkata,West Bengal,100,Active
O09667,Organization_9667,Company,Ahmedabad,Maharashtra,40,Active
O09668,Organization_9668,Business,Bhopal,Maharashtra,48,Under_Investigation
O09669,Organization_9669,Company,Delhi,Karnataka,25,Active
O09670,Organization_9670,Association,Jaipur,Madhya Pradesh,13,Active
O09671,Organization_9671,Company,Jaipur,Gujarat,95,Active
O09672,Organization_9672,Business,Kolkata,Telangana,61,Active
O09673,Organization_9673,Criminal_Group,Vadodara,Tamil Nadu,45,Active
O09674,Organization_9674,Business,Jaipur,Telangana,73,Active
O09675,Organization_9675,Association,Delhi,Rajasthan,77,Active
O09676,Organization_9676,NGO,Rajkot,Gujarat,94,Inactive
O09677,Organization_9677,Company,Mumbai,Uttar Pradesh,11,Active
O09678,Organization_9678,Business,Ahmedabad,Gujarat,96,Active
O09679,Organization_9679,Company,Surat,Telangana,67,Inactive
O09680,Organization_9680,Business,Chennai,Delhi,93,Active
O09681,Organization_9681,Company,Ahmedabad,Gujarat,5,Active
O09682,Organization_9682,NGO,Nagpur,Tamil Nadu,14,Active
O09683,Organization_9683,Association,Ahmedabad,Maharashtra,66,Under_Investigation
O09684,Organization_9684,Business,Rajkot,Karnataka,9,Active
O09685,Organization_9685,Criminal_Group,Chennai,Delhi,15,Active
O09686,Organization_9686,NGO,Pune,Karnataka,16,Active
O09687,Organization_9687,Criminal_Group,Indore,Delhi,32,Inactive
O09688,Organization_9688,Business,Vadodara,Maharashtra,65,Active
O09689,Organization_9689,Criminal_Group,Indore,Uttar Pradesh,57,Active
O09690,Organization_9690,Company,Vadodara,Karnataka,9,Under_Investigation
O09691,Organization_9691,Association,Jaipur,Rajasthan,23,Under_Investigation
O09692,Organization_9692,Business,Delhi,Telangana,60,Active
O09693,Organization_9693,Criminal_Group,Bengaluru,Rajasthan,15,Active
O09694,Organization_9694,Business,Surat,Uttar Pradesh,92,Active
O09695,Organization_9695,Company,Bhopal,Telangana,32,Under_Investigation
O09696,Organization_9696,Company,Bengaluru,Tamil Nadu,68,Active
O09697,Organization_9697,Criminal_Group,Delhi,Madhya Pradesh,53,Active
O09698,Organization_9698,Association,Jaipur,Madhya Pradesh,49,Active
O09699,Organization_9699,Business,Kolkata,Rajasthan,73,Active
O09700,Organization_9700,Business,Pune,Tamil Nadu,49,Active
O09701,Organization_9701,Association,Nagpur,Maharashtra,84,Active
O09702,Organization_9702,Company,Vadodara,Madhya Pradesh,58,Active
O09703,Organization_9703,Criminal_Group,Mumbai,Rajasthan,17,Active
O09704,Organization_9704,Business,Surat,Karnataka,47,Active
O09705,Organization_9705,NGO,Surat,West Bengal,79,Active
O09706,Organization_9706,Criminal_Group,Mumbai,Madhya Pradesh,10,Active
O09707,Organization_9707,Company,Delhi,Delhi,82,Inactive
O09708,Organization_9708,Business,Rajkot,Gujarat,95,Active
O09709,Organization_9709,Business,Delhi,Telangana,61,Inactive
O09710,Organization_9710,Business,Lucknow,Rajasthan,10,Active
O09711,Organization_9711,NGO,Rajkot,Telangana,3,Active
O09712,Organization_9712,Criminal_Group,Jaipur,Telangana,47,Inactive
O09713,Organization_9713,Company,Rajkot,Uttar Pradesh,43,Inactive
O09714,Organization_9714,Company,Bhopal,Delhi,75,Active
O09715,Organization_9715,Company,Kolkata,Uttar Pradesh,70,Inactive
O09716,Organization_9716,NGO,Bhopal,Telangana,6,Under_Investigation
O09717,Organization_9717,Company,Nagpur,Tamil Nadu,21,Active
O09718,Organization_9718,Association,Bhopal,Telangana,53,Active
O09719,Organization_9719,Business,Mumbai,Telangana,86,Under_Investigation
O09720,Organization_9720,Criminal_Group,Rajkot,Madhya Pradesh,41,Active
O09721,Organization_9721,Company,Lucknow,Delhi,49,Active
O09722,Organization_9722,Company,Rajkot,Gujarat,79,Active
O09723,Organization_9723,NGO,Kolkata,Telangana,51,Under_Investigation
O09724,Organization_9724,Association,Mumbai,Madhya Pradesh,71,Active
O09725,Organization_9725,Business,Rajkot,West Bengal,69,Active
O09726,Organization_9726,Criminal_Group,Pune,Tamil Nadu,65,Active
O09727,Organization_9727,Business,Mumbai,Telangana,64,Active
O09728,Organization_9728,Criminal_Group,Rajkot,Rajasthan,5,Inactive
O09729,Organization_9729,Business,Lucknow,Karnataka,82,Active
O09730,Organization_9730,Company,Indore,Madhya Pradesh,79,Under_Investigation
O09731,Organization_9731,Criminal_Group,Kolkata,Tamil Nadu,37,Under_Investigation
O09732,Organization_9732,Company,Bhopal,West Bengal,70,Inactive
O09733,Organization_9733,Company,Hyderabad,Delhi,86,Active
O09734,Organization_9734,Criminal_Group,Hyderabad,Karnataka,11,Active
O09735,Organization_9735,Criminal_Group,Bengaluru,Karnataka,4,Active
O09736,Organization_9736,Company,Mumbai,Karnataka,1,Under_Investigation
O09737,Organization_9737,Company,Indore,Madhya Pradesh,37,Active
O09738,Organization_9738,NGO,Bengaluru,Uttar Pradesh,39,Active
O09739,Organization_9739,Association,Chennai,Karnataka,8,Under_Investigation
O09740,Organization_9740,Business,Kolkata,Tamil Nadu,95,Inactive
O09741,Organization_9741,Company,Nagpur,Madhya Pradesh,38,Active
O09742,Organization_9742,Company,Surat,Madhya Pradesh,45,Active
O09743,Organization_9743,Business,Jaipur,Tamil Nadu,10,Active
O09744,Organization_9744,Criminal_Group,Bengaluru,Delhi,32,Active
O09745,Organization_9745,Company,Mumbai,Karnataka,53,Active
O09746,Organization_9746,Association,Vadodara,Tamil Nadu,59,Active
O09747,Organization_9747,Company,Lucknow,Rajasthan,85,Active
O09748,Organization_9748,Criminal_Group,Bhopal,Gujarat,57,Inactive
O09749,Organization_9749,Criminal_Group,Vadodara,Tamil Nadu,44,Active
O09750,Organization_9750,Criminal_Group,Jaipur,Maharashtra,78,Inactive
O09751,Organization_9751,Business,Bengaluru,Karnataka,76,Active
O09752,Organization_9752,Company,Rajkot,Maharashtra,80,Active
O09753,Organization_9753,NGO,Jaipur,West Bengal,15,Active
O09754,Organization_9754,Business,Bhopal,Rajasthan,9,Active
O09755,Organization_9755,NGO,Bhopal,Uttar Pradesh,4,Active
O09756,Organization_9756,Company,Delhi,Rajasthan,76,Active
O09757,Organization_9757,Company,Hyderabad,Maharashtra,31,Inactive
O09758,Organization_9758,Company,Bhopal,Tamil Nadu,33,Active
O09759,Organization_9759,Association,Indore,Delhi,55,Active
O09760,Organization_9760,Company,Surat,Gujarat,83,Inactive
O09761,Organization_9761,Association,Kolkata,Delhi,11,Active
O09762,Organization_9762,Company,Kolkata,Rajasthan,13,Active
O09763,Organization_9763,Business,Chennai,Karnataka,44,Active
O09764,Organization_9764,Company,Kolkata,Tamil Nadu,59,Active
O09765,Organization_9765,Company,Kolkata,Gujarat,62,Inactive
O09766,Organization_9766,Criminal_Group,Pune,Madhya Pradesh,35,Active
O09767,Organization_9767,Company,Rajkot,Delhi,74,Under_Investigation
O09768,Organization_9768,Business,Hyderabad,Karnataka,68,Active
O09769,Organization_9769,Company,Bhopal,Delhi,31,Under_Investigation
O09770,Organization_9770,Company,Lucknow,Rajasthan,37,Active
O09771,Organization_9771,Business,Rajkot,Karnataka,51,Under_Investigation
O09772,Organization_9772,Criminal_Group,Delhi,Delhi,68,Inactive
O09773,Organization_9773,Company,Bhopal,West Bengal,26,Active
O09774,Organization_9774,NGO,Vadodara,Karnataka,2,Active
O09775,Organization_9775,Company,Bengaluru,Karnataka,71,Inactive
O09776,Organization_9776,Company,Mumbai,Gujarat,50,Under_Investigation
O09777,Organization_9777,NGO,Indore,Delhi,88,Inactive
O09778,Organization_9778,Criminal_Group,Vadodara,West Bengal,82,Under_Investigation
O09779,Organization_9779,Association,Vadodara,Maharashtra,89,Active
O09780,Organization_9780,Criminal_Group,Bengaluru,Madhya Pradesh,23,Active
O09781,Organization_9781,Company,Delhi,Madhya Pradesh,60,Active
O09782,Organization_9782,Association,Delhi,Uttar Pradesh,9,Inactive
O09783,Organization_9783,Criminal_Group,Jaipur,Gujarat,80,Active
O09784,Organization_9784,Company,Surat,Tamil Nadu,78,Active
O09785,Organization_9785,Criminal_Group,Nagpur,Delhi,27,Active
O09786,Organization_9786,NGO,Ahmedabad,Madhya Pradesh,58,Under_Investigation
O09787,Organization_9787,Criminal_Group,Delhi,Uttar Pradesh,53,Inactive
O09788,Organization_9788,Company,Kolkata,Delhi,45,Active
O09789,Organization_9789,Company,Indore,Gujarat,54,Under_Investigation
O09790,Organization_9790,Association,Delhi,Uttar Pradesh,46,Active
O09791,Organization_9791,Criminal_Group,Chennai,Madhya Pradesh,38,Inactive
O09792,Organization_9792,Criminal_Group,Delhi,Delhi,83,Active
O09793,Organization_9793,Business,Indore,Gujarat,66,Active
O09794,Organization_9794,Business,Indore,Madhya Pradesh,66,Active
O09795,Organization_9795,Company,Bhopal,Karnataka,64,Under_Investigation
O09796,Organization_9796,Association,Chennai,Karnataka,53,Active
O09797,Organization_9797,Company,Kolkata,West Bengal,1,Inactive
O09798,Organization_9798,Company,Vadodara,Gujarat,27,Active
O09799,Organization_9799,Association,Pune,West Bengal,37,Active
O09800,Organization_9800,Company,Chennai,Telangana,82,Active
O09801,Organization_9801,Criminal_Group,Chennai,Madhya Pradesh,92,Active
O09802,Organization_9802,Criminal_Group,Ahmedabad,Maharashtra,14,Under_Investigation
O09803,Organization_9803,Business,Indore,Gujarat,46,Active
O09804,Organization_9804,Criminal_Group,Hyderabad,Madhya Pradesh,86,Under_Investigation
O09805,Organization_9805,Business,Pune,West Bengal,9,Active
O09806,Organization_9806,Company,Bengaluru,West Bengal,39,Active
O09807,Organization_9807,Criminal_Group,Delhi,Tamil Nadu,45,Active
O09808,Organization_9808,Business,Jaipur,West Bengal,3,Inactive
O09809,Organization_9809,NGO,Delhi,Uttar Pradesh,5,Inactive
O09810,Organization_9810,Company,Vadodara,Rajasthan,20,Active
O09811,Organization_9811,NGO,Indore,Uttar Pradesh,11,Active
O09812,Organization_9812,Business,Pune,Rajasthan,87,Active
O09813,Organization_9813,Business,Mumbai,Delhi,41,Active
O09814,Organization_9814,Criminal_Group,Ahmedabad,Madhya Pradesh,81,Active
O09815,Organization_9815,Criminal_Group,Indore,Maharashtra,57,Inactive
O09816,Organization_9816,Business,Chennai,West Bengal,80,Active
O09817,Organization_9817,Association,Surat,Telangana,79,Active
O09818,Organization_9818,Association,Bhopal,Madhya Pradesh,50,Active
O09819,Organization_9819,Association,Indore,Maharashtra,82,Active
O09820,Organization_9820,Criminal_Group,Mumbai,West Bengal,56,Under_Investigation
O09821,Organization_9821,Association,Jaipur,Delhi,76,Active
O09822,Organization_9822,Company,Delhi,Delhi,28,Active
O09823,Organization_9823,NGO,Lucknow,Delhi,2,Active
O09824,Organization_9824,Criminal_Group,Rajkot,Karnataka,65,Active
O09825,Organization_9825,NGO,Vadodara,Karnataka,81,Active
O09826,Organization_9826,Criminal_Group,Hyderabad,Maharashtra,2,Active
O09827,Organization_9827,Criminal_Group,Lucknow,Tamil Nadu,65,Active
O09828,Organization_9828,Criminal_Group,Rajkot,Rajasthan,29,Inactive
O09829,Organization_9829,Association,Bengaluru,Telangana,62,Active
O09830,Organization_9830,NGO,Jaipur,Karnataka,27,Inactive
O09831,Organization_9831,NGO,Mumbai,Maharashtra,56,Active
O09832,Organization_9832,Association,Rajkot,Karnataka,82,Under_Investigation
O09833,Organization_9833,Company,Delhi,Maharashtra,89,Inactive
O09834,Organization_9834,Company,Ahmedabad,Delhi,51,Active
O09835,Organization_9835,Criminal_Group,Indore,Karnataka,17,Under_Investigation
O09836,Organization_9836,Company,Chennai,Maharashtra,58,Active
O09837,Organization_9837,Company,Hyderabad,Telangana,94,Active
O09838,Organization_9838,NGO,Vadodara,West Bengal,65,Under_Investigation
O09839,Organization_9839,Company,Lucknow,Tamil Nadu,95,Active
O09840,Organization_9840,Business,Surat,Rajasthan,64,Active
O09841,Organization_9841,Company,Indore,Madhya Pradesh,62,Under_Investigation
O09842,Organization_9842,Criminal_Group,Indore,Tamil Nadu,82,Active
O09843,Organization_9843,Company,Delhi,Maharashtra,23,Active
O09844,Organization_9844,Company,Bengaluru,Maharashtra,35,Active
O09845,Organization_9845,Business,Pune,Karnataka,36,Active
O09846,Organization_9846,Business,Rajkot,Rajasthan,12,Active
O09847,Organization_9847,Business,Bhopal,Karnataka,15,Active
O09848,Organization_9848,Business,Indore,Delhi,51,Under_Investigation
O09849,Organization_9849,Criminal_Group,Delhi,Rajasthan,23,Under_Investigation
O09850,Organization_9850,Association,Mumbai,Karnataka,84,Active
O09851,Organization_9851,Business,Jaipur,Delhi,81,Active
O09852,Organization_9852,Association,Pune,Telangana,30,Active
O09853,Organization_9853,Company,Surat,Tamil Nadu,41,Under_Investigation
O09854,Organization_9854,Business,Vadodara,Madhya Pradesh,17,Active
O09855,Organization_9855,Association,Surat,Telangana,7,Active
O09856,Organization_9856,Criminal_Group,Mumbai,Tamil Nadu,27,Active
O09857,Organization_9857,Company,Chennai,Maharashtra,17,Active
O09858,Organization_9858,Business,Hyderabad,Delhi,17,Inactive
O09859,Organization_9859,Business,Bhopal,Delhi,36,Active
O09860,Organization_9860,Association,Delhi,Telangana,63,Inactive
O09861,Organization_9861,Business,Indore,Uttar Pradesh,24,Active
O09862,Organization_9862,Criminal_Group,Nagpur,Karnataka,91,Under_Investigation
O09863,Organization_9863,Business,Bengaluru,Maharashtra,46,Under_Investigation
O09864,Organization_9864,Association,Surat,Karnataka,9,Active
O09865,Organization_9865,NGO,Mumbai,Maharashtra,89,Active
O09866,Organization_9866,Business,Surat,Karnataka,20,Active
O09867,Organization_9867,NGO,Hyderabad,Karnataka,7,Under_Investigation
O09868,Organization_9868,Company,Ahmedabad,Karnataka,15,Active
O09869,Organization_9869,Business,Bhopal,Gujarat,22,Active
O09870,Organization_9870,Criminal_Group,Kolkata,West Bengal,56,Active
O09871,Organization_9871,Business,Surat,Karnataka,50,Inactive
O09872,Organization_9872,Criminal_Group,Jaipur,Maharashtra,97,Active
O09873,Organization_9873,Company,Bhopal,Madhya Pradesh,9,Inactive
O09874,Organization_9874,Criminal_Group,Lucknow,Maharashtra,13,Under_Investigation
O09875,Organization_9875,Criminal_Group,Delhi,Karnataka,34,Active
O09876,Organization_9876,Company,Bhopal,Karnataka,22,Inactive
O09877,Organization_9877,Company,Lucknow,Maharashtra,83,Active
O09878,Organization_9878,Criminal_Group,Delhi,Telangana,37,Active
O09879,Organization_9879,Company,Surat,Uttar Pradesh,37,Active
O09880,Organization_9880,Business,Chennai,West Bengal,74,Active
O09881,Organization_9881,Business,Lucknow,Delhi,83,Inactive
O09882,Organization_9882,Company,Ahmedabad,Rajasthan,88,Active
O09883,Organization_9883,Business,Delhi,Rajasthan,72,Active
O09884,Organization_9884,NGO,Hyderabad,Delhi,89,Active
O09885,Organization_9885,NGO,Hyderabad,Rajasthan,72,Active
O09886,Organization_9886,NGO,Indore,Maharashtra,68,Inactive
O09887,Organization_9887,Criminal_Group,Ahmedabad,Tamil Nadu,29,Active
O09888,Organization_9888,Company,Rajkot,Karnataka,7,Active
O09889,Organization_9889,NGO,Bhopal,Uttar Pradesh,70,Active
O09890,Organization_9890,Business,Surat,Uttar Pradesh,8,Active
O09891,Organization_9891,Company,Nagpur,Uttar Pradesh,85,Active
O09892,Organization_9892,Business,Surat,Maharashtra,37,Under_Investigation
O09893,Organization_9893,Business,Lucknow,Tamil Nadu,83,Active
O09894,Organization_9894,Company,Pune,Gujarat,19,Active
O09895,Organization_9895,Criminal_Group,Rajkot,Tamil Nadu,1,Active
O09896,Organization_9896,Business,Bengaluru,Madhya Pradesh,75,Active
O09897,Organization_9897,Criminal_Group,Jaipur,Madhya Pradesh,4,Active
O09898,Organization_9898,Business,Pune,West Bengal,70,Under_Investigation
O09899,Organization_9899,Company,Rajkot,West Bengal,95,Inactive
O09900,Organization_9900,Association,Mumbai,Rajasthan,15,Active
O09901,Organization_9901,Business,Mumbai,Tamil Nadu,17,Inactive
O09902,Organization_9902,Company,Ahmedabad,Uttar Pradesh,40,Active
O09903,Organization_9903,Company,Nagpur,West Bengal,44,Active
O09904,Organization_9904,Business,Hyderabad,Uttar Pradesh,71,Active
O09905,Organization_9905,Business,Jaipur,Gujarat,27,Inactive
O09906,Organization_9906,Company,Pune,Tamil Nadu,71,Active
O09907,Organization_9907,Company,Indore,Tamil Nadu,44,Active
O09908,Organization_9908,Business,Delhi,Rajasthan,26,Active
O09909,Organization_9909,Company,Ahmedabad,Delhi,2,Under_Investigation
O09910,Organization_9910,Company,Kolkata,Rajasthan,35,Inactive
O09911,Organization_9911,Criminal_Group,Hyderabad,Gujarat,59,Active
O09912,Organization_9912,Company,Bengaluru,Maharashtra,25,Active
O09913,Organization_9913,Association,Delhi,Gujarat,87,Active
O09914,Organization_9914,NGO,Rajkot,Uttar Pradesh,39,Inactive
O09915,Organization_9915,Company,Vadodara,Uttar Pradesh,92,Active
O09916,Organization_9916,Business,Rajkot,Uttar Pradesh,75,Active
O09917,Organization_9917,Business,Bhopal,Maharashtra,57,Active
O09918,Organization_9918,Association,Bhopal,Uttar Pradesh,75,Active
O09919,Organization_9919,NGO,Delhi,West Bengal,76,Active
O09920,Organization_9920,Association,Delhi,West Bengal,87,Active
O09921,Organization_9921,Criminal_Group,Pune,Karnataka,37,Active
O09922,Organization_9922,Criminal_Group,Surat,Delhi,45,Active
O09923,Organization_9923,Company,Indore,Madhya Pradesh,53,Under_Investigation
O09924,Organization_9924,Criminal_Group,Hyderabad,Maharashtra,83,Active
O09925,Organization_9925,NGO,Hyderabad,Uttar Pradesh,9,Inactive
O09926,Organization_9926,Association,Surat,Rajasthan,55,Inactive
O09927,Organization_9927,Business,Nagpur,Tamil Nadu,80,Under_Investigation
O09928,Organization_9928,Company,Ahmedabad,Tamil Nadu,14,Active
O09929,Organization_9929,NGO,Mumbai,Rajasthan,28,Active
O09930,Organization_9930,Business,Nagpur,Maharashtra,26,Active
O09931,Organization_9931,Association,Bhopal,Tamil Nadu,52,Active
O09932,Organization_9932,Company,Indore,Karnataka,24,Active
O09933,Organization_9933,Company,Ahmedabad,Uttar Pradesh,77,Active
O09934,Organization_9934,Association,Surat,West Bengal,44,Active
O09935,Organization_9935,Association,Surat,West Bengal,58,Inactive
O09936,Organization_9936,Company,Indore,Karnataka,50,Active
O09937,Organization_9937,Association,Indore,Rajasthan,37,Active
O09938,Organization_9938,Company,Delhi,Uttar Pradesh,8,Active
O09939,Organization_9939,NGO,Chennai,Maharashtra,55,Active
O09940,Organization_9940,Association,Hyderabad,Gujarat,98,Active
O09941,Organization_9941,Criminal_Group,Delhi,Uttar Pradesh,73,Active
O09942,Organization_9942,Business,Mumbai,Tamil Nadu,97,Active
O09943,Organization_9943,Association,Kolkata,Madhya Pradesh,95,Active
O09944,Organization_9944,Company,Surat,Gujarat,27,Inactive
O09945,Organization_9945,NGO,Bhopal,Rajasthan,29,Under_Investigation
O09946,Organization_9946,Criminal_Group,Hyderabad,Madhya Pradesh,25,Active
O09947,Organization_9947,Criminal_Group,Mumbai,Delhi,49,Active
O09948,Organization_9948,Criminal_Group,Jaipur,Delhi,74,Active
O09949,Organization_9949,Criminal_Group,Mumbai,Maharashtra,100,Active
O09950,Organization_9950,Association,Mumbai,Karnataka,37,Under_Investigation
O09951,Organization_9951,NGO,Mumbai,Karnataka,58,Active
O09952,Organization_9952,Business,Ahmedabad,Madhya Pradesh,40,Active
O09953,Organization_9953,Company,Pune,Rajasthan,78,Under_Investigation
O09954,Organization_9954,Criminal_Group,Nagpur,Karnataka,49,Active
O09955,Organization_9955,Association,Rajkot,Delhi,57,Active
O09956,Organization_9956,Business,Vadodara,Rajasthan,31,Under_Investigation
O09957,Organization_9957,Association,Mumbai,West Bengal,84,Active
O09958,Organization_9958,NGO,Surat,Uttar Pradesh,27,Active
O09959,Organization_9959,Company,Hyderabad,Uttar Pradesh,62,Active
O09960,Organization_9960,Company,Vadodara,Maharashtra,9,Inactive
O09961,Organization_9961,NGO,Vadodara,Telangana,53,Under_Investigation
O09962,Organization_9962,Criminal_Group,Pune,Karnataka,34,Active
O09963,Organization_9963,Company,Ahmedabad,Rajasthan,71,Active
O09964,Organization_9964,Company,Rajkot,Karnataka,78,Active
O09965,Organization_9965,NGO,Chennai,Madhya Pradesh,60,Under_Investigation
O09966,Organization_9966,Association,Pune,Delhi,32,Under_Investigation
O09967,Organization_9967,Company,Rajkot,Uttar Pradesh,64,Under_Investigation
O09968,Organization_9968,Association,Delhi,Telangana,78,Active
O09969,Organization_9969,Business,Jaipur,Tamil Nadu,40,Inactive
O09970,Organization_9970,Business,Hyderabad,Uttar Pradesh,79,Active
O09971,Organization_9971,Business,Pune,Gujarat,5,Active
O09972,Organization_9972,Company,Nagpur,Rajasthan,73,Inactive
O09973,Organization_9973,Company,Surat,Karnataka,45,Active
O09974,Organization_9974,Criminal_Group,Jaipur,Telangana,64,Active
O09975,Organization_9975,Criminal_Group,Ahmedabad,Rajasthan,16,Inactive
O09976,Organization_9976,Association,Ahmedabad,Gujarat,75,Active
O09977,Organization_9977,Company,Indore,Madhya Pradesh,68,Active
O09978,Organization_9978,NGO,Surat,West Bengal,44,Active
O09979,Organization_9979,Business,Mumbai,Karnataka,83,Active
O09980,Organization_9980,Association,Jaipur,Rajasthan,82,Inactive
O09981,Organization_9981,Company,Bhopal,Karnataka,77,Active
O09982,Organization_9982,Association,Mumbai,Karnataka,46,Active
O09983,Organization_9983,Criminal_Group,Lucknow,Telangana,8,Inactive
O09984,Organization_9984,NGO,Mumbai,Gujarat,99,Active
O09985,Organization_9985,Business,Ahmedabad,Tamil Nadu,68,Inactive
O09986,Organization_9986,Company,Bengaluru,West Bengal,26,Active
O09987,Organization_9987,Business,Bengaluru,Karnataka,68,Active
O09988,Organization_9988,Business,Mumbai,Uttar Pradesh,88,Active
O09989,Organization_9989,Business,Ahmedabad,West Bengal,12,Under_Investigation
O09990,Organization_9990,Criminal_Group,Surat,Rajasthan,38,Under_Investigation
O09991,Organization_9991,Business,Hyderabad,Tamil Nadu,3,Active
O09992,Organization_9992,Business,Delhi,Telangana,63,Active
O09993,Organization_9993,Criminal_Group,Mumbai,Rajasthan,76,Active
O09994,Organization_9994,Company,Kolkata,Gujarat,20,Active
O09995,Organization_9995,Business,Hyderabad,Maharashtra,49,Inactive
O09996,Organization_9996,Company,Rajkot,Rajasthan,30,Under_Investigation
O09997,Organization_9997,Company,Delhi,Delhi,60,Under_Investigation
O09998,Organization_9998,Business,Hyderabad,Rajasthan,24,Inactive
O09999,Organization_9999,Criminal_Group,Lucknow,West Bengal,99,Inactive
O10000,Organization_10000,Criminal_Group,Bengaluru,Maharashtra,27,Active
