person_id,name,age,city,role
P00001,Person_00001,33,Indore,Suspect
P00002,Person_00002,25,Delhi,Suspect
P00003,Person_00003,51,Ahmedabad,Suspect
P00004,Person_00004,61,Hyderabad,Person of Interest
P00005,Person_00005,60,Indore,Suspect
P00006,Person_00006,49,Hyderabad,Suspect
P00007,Person_00007,48,Pune,Suspect
P00008,Person_00008,27,Kolkata,Person of Interest
P00009,Person_00009,49,Jaipur,Suspect
P00010,Person_00010,31,Jaipur,Associate
P00011,Person_00011,29,Rajkot,Associate
P00012,Person_00012,50,Bengaluru,Person of Interest
P00013,Person_00013,48,Mumbai,Associate
P00014,Person_00014,49,Jaipur,Associate
P00015,Person_00015,56,Hyderabad,Associate
P00016,Person_00016,50,Delhi,Associate
P00017,Person_00017,60,Mumbai,Suspect
P00018,Person_00018,22,Jaipur,Associate
P00019,Person_00019,61,Delhi,Associate
P00020,Person_00020,32,Indore,Suspect
P00021,Person_00021,62,Rajkot,Person of Interest
P00022,Person_00022,62,Vadodara,Suspect
P00023,Person_00023,21,Rajkot,Person of Interest
P00024,Person_00024,39,Kolkata,Suspect
P00025,Person_00025,33,Kolkata,Associate
P00026,Person_00026,52,Jaipur,Person of Interest
P00027,Person_00027,40,Indore,Suspect
P00028,Person_00028,53,Mumbai,Associate
P00029,Person_00029,59,Indore,Witness
P00030,Person_00030,39,Vadodara,Associate
P00031,Person_00031,25,Ahmedabad,Person of Interest
P00032,Person_00032,58,Mumbai,Suspect
P00033,Person_00033,25,Jaipur,Suspect
P00034,Person_00034,49,Vadodara,Suspect
P00035,Person_00035,37,Ahmedabad,Witness
P00036,Person_00036,35,Indore,Person of Interest
P00037,Person_00037,60,Ahmedabad,Associate
P00038,Person_00038,45,Hyderabad,Associate
P00039,Person_00039,58,Delhi,Person of Interest
P00040,Person_00040,38,Delhi,Associate
P00041,Person_00041,52,Kolkata,Person of Interest
P00042,Person_00042,46,Pune,Associate
P00043,Person_00043,33,Vadodara,Person of Interest
P00044,Person_00044,40,Pune,Person of Interest
P00045,Person_00045,53,Jaipur,Suspect
P00046,Person_00046,30,Vadodara,Suspect
P00047,Person_00047,28,Jaipur,Associate
P00048,Person_00048,34,Vadodara,Suspect
P00049,Person_00049,53,Kolkata,Person of Interest
P00050,Person_00050,25,Rajkot,Suspect
P00051,Person_00051,46,Mumbai,Suspect
P00052,Person_00052,64,Pune,Associate
P00053,Person_00053,32,Kolkata,Witness
P00054,Person_00054,40,Bengaluru,Suspect
P00055,Person_00055,33,Kolkata,Suspect
P00056,Person_00056,64,Hyderabad,Suspect
P00057,Person_00057,22,Surat,Associate
P00058,Person_00058,25,Mumbai,Associate
P00059,Person_00059,33,Bengaluru,Suspect
P00060,Person_00060,41,Rajkot,Associate
P00061,Person_00061,58,Vadodara,Witness
P00062,Person_00062,46,Indore,Associate
P00063,Person_00063,47,Hyderabad,Person of Interest
P00064,Person_00064,27,Hyderabad,Suspect
P00065,Person_00065,64,Jaipur,Suspect
P00066,Person_00066,42,Indore,Associate
P00067,Person_00067,64,Vadodara,Person of Interest
P00068,Person_00068,50,Mumbai,Person of Interest
P00069,Person_00069,46,Kolkata,Associate
P00070,Person_00070,30,Rajkot,Suspect
P00071,Person_00071,35,Pune,Suspect
P00072,Person_00072,38,Surat,Person of Interest
P00073,Person_00073,33,Delhi,Person of Interest
P00074,Person_00074,39,Mumbai,Associate
P00075,Person_00075,31,Rajkot,Suspect
P00076,Person_00076,25,Delhi,Associate
P00077,Person_00077,54,Mumbai,Person of Interest
P00078,Person_00078,58,Indore,Suspect
P00079,Person_00079,54,Hyderabad,Suspect
P00080,Person_00080,23,Hyderabad,Associate
P00081,Person_00081,49,Delhi,Suspect
P00082,Person_00082,44,Mumbai,Person of Interest
P00083,Person_00083,29,Mumbai,Suspect
P00084,Person_00084,58,Mumbai,Associate
P00085,Person_00085,52,Jaipur,Suspect
P00086,Person_00086,35,Kolkata,Person of Interest
P00087,Person_00087,53,Bengaluru,Suspect
P00088,Person_00088,23,Indore,Person of Interest
P00089,Person_00089,51,Rajkot,Suspect
P00090,Person_00090,41,Indore,Suspect
P00091,Person_00091,43,Pune,Suspect
P00092,Person_00092,59,Jaipur,Person of Interest
P00093,Person_00093,32,Delhi,Associate
P00094,Person_00094,56,Hyderabad,Suspect
P00095,Person_00095,35,Jaipur,Suspect
P00096,Person_00096,52,Pune,Suspect
P00097,Person_00097,30,Bengaluru,Suspect
P00098,Person_00098,41,Indore,Suspect
P00099,Person_00099,60,Surat,Suspect
P00100,Person_00100,56,Bengaluru,Associate
P00101,Person_00101,22,Bengaluru,Suspect
P00102,Person_00102,47,Delhi,Associate
P00103,Person_00103,54,Mumbai,Associate
P00104,Person_00104,34,Hyderabad,Suspect
P00105,Person_00105,32,Pune,Associate
P00106,Person_00106,26,Bengaluru,Person of Interest
P00107,Person_00107,58,Mumbai,Person of Interest
P00108,Person_00108,22,Hyderabad,Person of Interest
P00109,Person_00109,63,Vadodara,Suspect
P00110,Person_00110,63,Surat,Suspect
P00111,Person_00111,28,Delhi,Suspect
P00112,Person_00112,57,Surat,Person of Interest
P00113,Person_00113,37,Mumbai,Suspect
P00114,Person_00114,33,Hyderabad,Associate
P00115,Person_00115,49,Indore,Suspect
P00116,Person_00116,41,Ahmedabad,Person of Interest
P00117,Person_00117,56,Pune,Associate
P00118,Person_00118,33,Delhi,Associate
P00119,Person_00119,43,Vadodara,Person of Interest
P00120,Person_00120,54,Surat,Suspect
P00121,Person_00121,42,Indore,Suspect
P00122,Person_00122,29,Indore,Suspect
P00123,Person_00123,55,Mumbai,Person of Interest
P00124,Person_00124,64,Pune,Suspect
P00125,Person_00125,33,Bengaluru,Associate
P00126,Person_00126,38,Delhi,Suspect
P00127,Person_00127,33,Hyderabad,Associate
P00128,Person_00128,46,Bengaluru,Person of Interest
P00129,Person_00129,23,Ahmedabad,Suspect
P00130,Person_00130,37,Rajkot,Person of Interest
P00131,Person_00131,51,Surat,Suspect
P00132,Person_00132,63,Vadodara,Suspect
P00133,Person_00133,24,Jaipur,Suspect
P00134,Person_00134,52,Rajkot,Witness
P00135,Person_00135,46,Indore,Suspect
P00136,Person_00136,22,Mumbai,Associate
P00137,Person_00137,29,Hyderabad,Associate
P00138,Person_00138,39,Bengaluru,Witness
P00139,Person_00139,58,Hyderabad,Associate
P00140,Person_00140,57,Bengaluru,Suspect
P00141,Person_00141,56,Hyderabad,Person of Interest
P00142,Person_00142,47,Kolkata,Suspect
P00143,Person_00143,57,Ahmedabad,Person of Interest
P00144,Person_00144,36,Hyderabad,Suspect
P00145,Person_00145,44,Pune,Person of Interest
P00146,Person_00146,47,Pune,Suspect
P00147,Person_00147,62,Hyderabad,Associate
P00148,Person_00148,33,Hyderabad,Suspect
P00149,Person_00149,55,Ahmedabad,Associate
P00150,Person_00150,34,Ahmedabad,Suspect
P00151,Person_00151,52,Pune,Suspect
P00152,Person_00152,43,Bengaluru,Suspect
P00153,Person_00153,26,Jaipur,Associate
P00154,Person_00154,50,Jaipur,Suspect
P00155,Person_00155,33,Mumbai,Witness
P00156,Person_00156,42,Pune,Suspect
P00157,Person_00157,52,Vadodara,Suspect
P00158,Person_00158,37,Surat,Suspect
P00159,Person_00159,62,Ahmedabad,Associate
P00160,Person_00160,48,Delhi,Suspect
P00161,Person_00161,38,Kolkata,Associate
P00162,Person_00162,58,Indore,Associate
P00163,Person_00163,36,Vadodara,Suspect
P00164,Person_00164,28,Kolkata,Suspect
P00165,Person_00165,47,Bengaluru,Associate
P00166,Person_00166,24,Ahmedabad,Associate
P00167,Person_00167,60,Pune,Suspect
P00168,Person_00168,42,Vadodara,Suspect
P00169,Person_00169,52,Kolkata,Suspect
P00170,Person_00170,22,Rajkot,Suspect
P00171,Person_00171,51,Mumbai,Associate
P00172,Person_00172,33,Mumbai,Suspect
P00173,Person_00173,46,Ahmedabad,Associate
P00174,Person_00174,49,Mumbai,Associate
P00175,Person_00175,47,Rajkot,Person of Interest
P00176,Person_00176,63,Delhi,Person of Interest
P00177,Person_00177,34,Delhi,Suspect
P00178,Person_00178,56,Pune,Suspect
P00179,Person_00179,39,Vadodara,Associate
P00180,Person_00180,57,Kolkata,Suspect
P00181,Person_00181,61,Jaipur,Associate
P00182,Person_00182,40,Surat,Suspect
P00183,Person_00183,28,Ahmedabad,Associate
P00184,Person_00184,45,Mumbai,Person of Interest
P00185,Person_00185,38,Vadodara,Associate
P00186,Person_00186,21,Surat,Suspect
P00187,Person_00187,45,Ahmedabad,Person of Interest
P00188,Person_00188,51,Delhi,Suspect
P00189,Person_00189,25,Jaipur,Suspect
P00190,Person_00190,62,Kolkata,Suspect
P00191,Person_00191,26,Kolkata,Suspect
P00192,Person_00192,22,Hyderabad,Associate
P00193,Person_00193,34,Mumbai,Suspect
P00194,Person_00194,42,Mumbai,Suspect
P00195,Person_00195,53,Jaipur,Associate
P00196,Person_00196,37,Ahmedabad,Witness
P00197,Person_00197,31,Jaipur,Suspect
P00198,Person_00198,63,Hyderabad,Person of Interest
P00199,Person_00199,25,Bengaluru,Suspect
P00200,Person_00200,44,Bengaluru,Person of Interest
P00201,Person_00201,42,Vadodara,Suspect
P00202,Person_00202,42,Vadodara,Suspect
P00203,Person_00203,54,Bengaluru,Associate
P00204,Person_00204,36,Jaipur,Suspect
P00205,Person_00205,45,Delhi,Suspect
P00206,Person_00206,38,Vadodara,Suspect
P00207,Person_00207,23,Ahmedabad,Associate
P00208,Person_00208,34,Jaipur,Suspect
P00209,Person_00209,62,Hyderabad,Associate
P00210,Person_00210,57,Indore,Associate
P00211,Person_00211,26,Hyderabad,Person of Interest
P00212,Person_00212,43,Surat,Suspect
P00213,Person_00213,63,Jaipur,Witness
P00214,Person_00214,40,Bengaluru,Person of Interest
P00215,Person_00215,49,Bengaluru,Associate
P00216,Person_00216,44,Mumbai,Associate
P00217,Person_00217,54,Surat,Suspect
P00218,Person_00218,29,Surat,Witness
P00219,Person_00219,57,Ahmedabad,Associate
P00220,Person_00220,29,Indore,Person of Interest
P00221,Person_00221,44,Surat,Suspect
P00222,Person_00222,35,Bengaluru,Suspect
P00223,Person_00223,55,Hyderabad,Person of Interest
P00224,Person_00224,35,Rajkot,Suspect
P00225,Person_00225,64,Indore,Suspect
P00226,Person_00226,28,Kolkata,Person of Interest
P00227,Person_00227,26,Rajkot,Suspect
P00228,Person_00228,21,Ahmedabad,Associate
P00229,Person_00229,33,Mumbai,Witness
P00230,Person_00230,30,Surat,Person of Interest
P00231,Person_00231,24,Indore,Suspect
P00232,Person_00232,47,Jaipur,Person of Interest
P00233,Person_00233,59,Pune,Suspect
P00234,Person_00234,22,Kolkata,Person of Interest
P00235,Person_00235,40,Pune,Associate
P00236,Person_00236,60,Surat,Associate
P00237,Person_00237,58,Rajkot,Suspect
P00238,Person_00238,54,Delhi,Suspect
P00239,Person_00239,32,Delhi,Suspect
P00240,Person_00240,56,Ahmedabad,Suspect
P00241,Person_00241,22,Delhi,Suspect
P00242,Person_00242,44,Hyderabad,Suspect
P00243,Person_00243,64,Kolkata,Person of Interest
P00244,Person_00244,36,Mumbai,Person of Interest
P00245,Person_00245,22,Rajkot,Suspect
P00246,Person_00246,26,Mumbai,Suspect
P00247,Person_00247,56,Bengaluru,Witness
P00248,Person_00248,55,Ahmedabad,Person of Interest
P00249,Person_00249,53,Pune,Associate
P00250,Person_00250,33,Surat,Associate
P00251,Person_00251,51,Jaipur,Suspect
P00252,Person_00252,45,Ahmedabad,Person of Interest
P00253,Person_00253,26,Surat,Suspect
P00254,Person_00254,51,Jaipur,Suspect
P00255,Person_00255,56,Pune,Associate
P00256,Person_00256,49,Pune,Associate
P00257,Person_00257,38,Hyderabad,Associate
P00258,Person_00258,42,Hyderabad,Suspect
P00259,Person_00259,60,Hyderabad,Suspect
P00260,Person_00260,23,Bengaluru,Suspect
P00261,Person_00261,36,Bengaluru,Suspect
P00262,Person_00262,53,Kolkata,Associate
P00263,Person_00263,34,Indore,Person of Interest
P00264,Person_00264,53,Mumbai,Associate
P00265,Person_00265,33,Rajkot,Suspect
P00266,Person_00266,21,Kolkata,Associate
P00267,Person_00267,36,Rajkot,Person of Interest
P00268,Person_00268,63,Vadodara,Associate
P00269,Person_00269,32,Bengaluru,Associate
P00270,Person_00270,64,Kolkata,Person of Interest
P00271,Person_00271,22,Hyderabad,Suspect
P00272,Person_00272,33,Delhi,Person of Interest
P00273,Person_00273,60,Mumbai,Suspect
P00274,Person_00274,22,Delhi,Person of Interest
P00275,Person_00275,37,Surat,Witness
P00276,Person_00276,22,Ahmedabad,Suspect
P00277,Person_00277,58,Bengaluru,Person of Interest
P00278,Person_00278,41,Ahmedabad,Suspect
P00279,Person_00279,48,Mumbai,Associate
P00280,Person_00280,44,Bengaluru,Associate
P00281,Person_00281,56,Pune,Suspect
P00282,Person_00282,45,Bengaluru,Person of Interest
P00283,Person_00283,36,Jaipur,Associate
P00284,Person_00284,45,Rajkot,Suspect
P00285,Person_00285,64,Ahmedabad,Associate
P00286,Person_00286,22,Indore,Person of Interest
P00287,Person_00287,24,Delhi,Suspect
P00288,Person_00288,40,Mumbai,Suspect
P00289,Person_00289,54,Pune,Suspect
P00290,Person_00290,28,Mumbai,Associate
P00291,Person_00291,64,Delhi,Suspect
P00292,Person_00292,48,Pune,Associate
P00293,Person_00293,62,Surat,Person of Interest
P00294,Person_00294,31,Mumbai,Person of Interest
P00295,Person_00295,40,Kolkata,Suspect
P00296,Person_00296,43,Vadodara,Suspect
P00297,Person_00297,23,Pune,Suspect
P00298,Person_00298,28,Vadodara,Person of Interest
P00299,Person_00299,49,Delhi,Person of Interest
P00300,Person_00300,33,Jaipur,Suspect
P00301,Person_00301,37,Jaipur,Suspect
P00302,Person_00302,48,Indore,Associate
P00303,Person_00303,44,Rajkot,Suspect
P00304,Person_00304,57,Ahmedabad,Associate
P00305,Person_00305,52,Mumbai,Suspect
P00306,Person_00306,47,Bengaluru,Associate
P00307,Person_00307,31,Kolkata,Witness
P00308,Person_00308,31,Indore,Suspect
P00309,Person_00309,39,Ahmedabad,Suspect
P00310,Person_00310,41,Jaipur,Suspect
P00311,Person_00311,21,Kolkata,Person of Interest
P00312,Person_00312,42,Ahmedabad,Witness
P00313,Person_00313,46,Vadodara,Suspect
P00314,Person_00314,31,Delhi,Person of Interest
P00315,Person_00315,53,Mumbai,Suspect
P00316,Person_00316,55,Hyderabad,Person of Interest
P00317,Person_00317,38,Indore,Suspect
P00318,Person_00318,29,Mumbai,Associate
P00319,Person_00319,38,Bengaluru,Associate
P00320,Person_00320,33,Indore,Person of Interest
P00321,Person_00321,31,Surat,Person of Interest
P00322,Person_00322,51,Mumbai,Person of Interest
P00323,Person_00323,39,Rajkot,Suspect
P00324,Person_00324,47,Ahmedabad,Associate
P00325,Person_00325,21,Vadodara,Person of Interest
P00326,Person_00326,48,Jaipur,Person of Interest
P00327,Person_00327,39,Indore,Associate
P00328,Person_00328,22,Delhi,Suspect
P00329,Person_00329,48,Mumbai,Person of Interest
P00330,Person_00330,60,Mumbai,Suspect
P00331,Person_00331,47,Ahmedabad,Associate
P00332,Person_00332,39,Jaipur,Suspect
P00333,Person_00333,39,Surat,Associate
P00334,Person_00334,24,Pune,Associate
P00335,Person_00335,58,Bengaluru,Associate
P00336,Person_00336,34,Bengaluru,Associate
P00337,Person_00337,56,Delhi,Witness
P00338,Person_00338,42,Rajkot,Associate
P00339,Person_00339,26,Indore,Witness
P00340,Person_00340,61,Rajkot,Associate
P00341,Person_00341,27,Jaipur,Associate
P00342,Person_00342,27,Bengaluru,Person of Interest
P00343,Person_00343,29,Hyderabad,Person of Interest
P00344,Person_00344,52,Indore,Associate
P00345,Person_00345,38,Indore,Person of Interest
P00346,Person_00346,62,Indore,Associate
P00347,Person_00347,27,Jaipur,Suspect
P00348,Person_00348,47,Hyderabad,Associate
P00349,Person_00349,42,Hyderabad,Person of Interest
P00350,Person_00350,44,Indore,Suspect
P00351,Person_00351,61,Mumbai,Suspect
P00352,Person_00352,41,Indore,Suspect
P00353,Person_00353,43,Ahmedabad,Associate
P00354,Person_00354,33,Surat,Suspect
P00355,Person_00355,56,Surat,Associate
P00356,Person_00356,59,Mumbai,Suspect
P00357,Person_00357,40,Kolkata,Suspect
P00358,Person_00358,42,Hyderabad,Person of Interest
P00359,Person_00359,29,Pune,Person of Interest
P00360,Person_00360,57,Pune,Associate
P00361,Person_00361,45,Kolkata,Associate
P00362,Person_00362,47,Kolkata,Suspect
P00363,Person_00363,37,Hyderabad,Suspect
P00364,Person_00364,57,Kolkata,Suspect
P00365,Person_00365,62,Hyderabad,Suspect
P00366,Person_00366,21,Jaipur,Person of Interest
P00367,Person_00367,33,Kolkata,Associate
P00368,Person_00368,30,Surat,Person of Interest
P00369,Person_00369,34,Rajkot,Suspect
P00370,Person_00370,55,Hyderabad,Associate
P00371,Person_00371,29,Jaipur,Person of Interest
P00372,Person_00372,25,Pune,Person of Interest
P00373,Person_00373,47,Surat,Person of Interest
P00374,Person_00374,28,Jaipur,Suspect
P00375,Person_00375,39,Kolkata,Suspect
P00376,Person_00376,29,Mumbai,Person of Interest
P00377,Person_00377,21,Indore,Suspect
P00378,Person_00378,61,Jaipur,Suspect
P00379,Person_00379,60,Ahmedabad,Suspect
P00380,Person_00380,44,Surat,Associate
P00381,Person_00381,23,Pune,Suspect
P00382,Person_00382,58,Pune,Person of Interest
P00383,Person_00383,42,Vadodara,Person of Interest
P00384,Person_00384,54,Hyderabad,Associate
P00385,Person_00385,31,Surat,Suspect
P00386,Person_00386,62,Vadodara,Witness
P00387,Person_00387,64,Kolkata,Suspect
P00388,Person_00388,39,Indore,Suspect
P00389,Person_00389,46,Vadodara,Associate
P00390,Person_00390,57,Mumbai,Witness
P00391,Person_00391,58,Kolkata,Person of Interest
P00392,Person_00392,45,Vadodara,Associate
P00393,Person_00393,28,Jaipur,Witness
P00394,Person_00394,24,Indore,Associate
P00395,Person_00395,54,Ahmedabad,Witness
P00396,Person_00396,60,Indore,Associate
P00397,Person_00397,21,Bengaluru,Person of Interest
P00398,Person_00398,40,Pune,Person of Interest
P00399,Person_00399,37,Ahmedabad,Associate
P00400,Person_00400,53,Pune,Associate
P00401,Person_00401,45,Indore,Associate
P00402,Person_00402,46,Hyderabad,Person of Interest
P00403,Person_00403,35,Ahmedabad,Suspect
P00404,Person_00404,53,Pune,Person of Interest
P00405,Person_00405,64,Jaipur,Suspect
P00406,Person_00406,59,Ahmedabad,Suspect
P00407,Person_00407,25,Pune,Person of Interest
P00408,Person_00408,23,Mumbai,Suspect
P00409,Person_00409,50,Kolkata,Associate
P00410,Person_00410,51,Bengaluru,Suspect
P00411,Person_00411,54,Ahmedabad,Suspect
P00412,Person_00412,47,Mumbai,Suspect
P00413,Person_00413,52,Hyderabad,Person of Interest
P00414,Person_00414,54,Vadodara,Person of Interest
P00415,Person_00415,54,Ahmedabad,Person of Interest
P00416,Person_00416,40,Indore,Person of Interest
P00417,Person_00417,40,Mumbai,Suspect
P00418,Person_00418,35,Mumbai,Suspect
P00419,Person_00419,58,Vadodara,Associate
P00420,Person_00420,64,Mumbai,Witness
P00421,Person_00421,58,Delhi,Associate
P00422,Person_00422,46,Vadodara,Suspect
P00423,Person_00423,32,Jaipur,Associate
P00424,Person_00424,49,Mumbai,Person of Interest
P00425,Person_00425,28,Pune,Person of Interest
P00426,Person_00426,25,Delhi,Person of Interest
P00427,Person_00427,59,Delhi,Associate
P00428,Person_00428,21,Hyderabad,Suspect
P00429,Person_00429,31,Vadodara,Associate
P00430,Person_00430,31,Ahmedabad,Associate
P00431,Person_00431,31,Rajkot,Suspect
P00432,Person_00432,41,Hyderabad,Person of Interest
P00433,Person_00433,27,Mumbai,Associate
P00434,Person_00434,63,Mumbai,Witness
P00435,Person_00435,48,Kolkata,Person of Interest
P00436,Person_00436,53,Ahmedabad,Person of Interest
P00437,Person_00437,38,Vadodara,Associate
P00438,Person_00438,56,Rajkot,Suspect
P00439,Person_00439,55,Ahmedabad,Associate
P00440,Person_00440,45,Hyderabad,Suspect
P00441,Person_00441,43,Indore,Suspect
P00442,Person_00442,58,Pune,Associate
P00443,Person_00443,58,Mumbai,Suspect
P00444,Person_00444,44,Hyderabad,Witness
P00445,Person_00445,23,Ahmedabad,Suspect
P00446,Person_00446,55,Vadodara,Suspect
P00447,Person_00447,43,Bengaluru,Suspect
P00448,Person_00448,26,Vadodara,Suspect
P00449,Person_00449,58,Hyderabad,Suspect
P00450,Person_00450,27,Pune,Associate
P00451,Person_00451,31,Bengaluru,Suspect
P00452,Person_00452,32,Bengaluru,Person of Interest
P00453,Person_00453,54,Indore,Person of Interest
P00454,Person_00454,57,Jaipur,Person of Interest
P00455,Person_00455,26,Kolkata,Suspect
P00456,Person_00456,47,Jaipur,Suspect
P00457,Person_00457,21,Pune,Suspect
P00458,Person_00458,53,Delhi,Associate
P00459,Person_00459,50,Vadodara,Person of Interest
P00460,Person_00460,24,Ahmedabad,Suspect
P00461,Person_00461,60,Rajkot,Person of Interest
P00462,Person_00462,26,Pune,Person of Interest
P00463,Person_00463,35,Bengaluru,Person of Interest
P00464,Person_00464,48,Bengaluru,Associate
P00465,Person_00465,44,Indore,Associate
P00466,Person_00466,47,Rajkot,Suspect
P00467,Person_00467,32,Bengaluru,Suspect
P00468,Person_00468,41,Kolkata,Suspect
P00469,Person_00469,35,Delhi,Associate
P00470,Person_00470,30,Ahmedabad,Suspect
P00471,Person_00471,23,Delhi,Suspect
P00472,Person_00472,50,Bengaluru,Associate
P00473,Person_00473,50,Vadodara,Suspect
P00474,Person_00474,33,Hyderabad,Suspect
P00475,Person_00475,21,Pune,Associate
P00476,Person_00476,41,Kolkata,Person of Interest
P00477,Person_00477,60,Ahmedabad,Suspect
P00478,Person_00478,25,Indore,Person of Interest
P00479,Person_00479,35,Bengaluru,Associate
P00480,Person_00480,35,Delhi,Person of Interest
P00481,Person_00481,63,Rajkot,Suspect
P00482,Person_00482,51,Rajkot,Associate
P00483,Person_00483,59,Pune,Associate
P00484,Person_00484,30,Jaipur,Suspect
P00485,Person_00485,31,Hyderabad,Associate
P00486,Person_00486,48,Bengaluru,Suspect
P00487,Person_00487,25,Indore,Suspect
P00488,Person_00488,35,Bengaluru,Suspect
P00489,Person_00489,60,Rajkot,Suspect
P00490,Person_00490,61,Hyderabad,Suspect
P00491,Person_00491,25,Jaipur,Associate
P00492,Person_00492,54,Kolkata,Suspect
P00493,Person_00493,35,Hyderabad,Associate
P00494,Person_00494,27,Kolkata,Person of Interest
P00495,Person_00495,42,Kolkata,Suspect
P00496,Person_00496,49,Rajkot,Suspect
P00497,Person_00497,37,Ahmedabad,Suspect
P00498,Person_00498,27,Rajkot,Person of Interest
P00499,Person_00499,51,Delhi,Associate
P00500,Person_00500,32,Indore,Associate
P00501,Person_00501,31,Rajkot,Person of Interest
P00502,Person_00502,57,Surat,Suspect
P00503,Person_00503,58,Rajkot,Suspect
P00504,Person_00504,52,Rajkot,Associate
P00505,Person_00505,54,Vadodara,Suspect
P00506,Person_00506,32,Indore,Associate
P00507,Person_00507,46,Hyderabad,Suspect
P00508,Person_00508,43,Hyderabad,Person of Interest
P00509,Person_00509,45,Rajkot,Suspect
P00510,Person_00510,43,Delhi,Suspect
P00511,Person_00511,58,Surat,Suspect
P00512,Person_00512,34,Indore,Suspect
P00513,Person_00513,51,Mumbai,Associate
P00514,Person_00514,24,Pune,Suspect
P00515,Person_00515,46,Jaipur,Suspect
P00516,Person_00516,53,Bengaluru,Suspect
P00517,Person_00517,39,Bengaluru,Suspect
P00518,Person_00518,21,Pune,Suspect
P00519,Person_00519,30,Vadodara,Person of Interest
P00520,Person_00520,45,Jaipur,Suspect
P00521,Person_00521,37,Hyderabad,Associate
P00522,Person_00522,37,Kolkata,Suspect
P00523,Person_00523,33,Pune,Suspect
P00524,Person_00524,35,Rajkot,Suspect
P00525,Person_00525,29,Kolkata,Associate
P00526,Person_00526,50,Mumbai,Associate
P00527,Person_00527,30,Rajkot,Suspect
P00528,Person_00528,57,Ahmedabad,Person of Interest
P00529,Person_00529,24,Surat,Associate
P00530,Person_00530,61,Pune,Suspect
P00531,Person_00531,48,Mumbai,Person of Interest
P00532,Person_00532,56,Kolkata,Suspect
P00533,Person_00533,39,Jaipur,Associate
P00534,Person_00534,48,Surat,Suspect
P00535,Person_00535,48,Bengaluru,Suspect
P00536,Person_00536,51,Kolkata,Person of Interest
P00537,Person_00537,21,Bengaluru,Suspect
P00538,Person_00538,23,Mumbai,Associate
P00539,Person_00539,26,Delhi,Suspect
P00540,Person_00540,51,Delhi,Person of Interest
P00541,Person_00541,61,Surat,Suspect
P00542,Person_00542,60,Vadodara,Suspect
P00543,Person_00543,31,Ahmedabad,Suspect
P00544,Person_00544,30,Delhi,Person of Interest
P00545,Person_00545,25,Surat,Suspect
P00546,Person_00546,52,Jaipur,Suspect
P00547,Person_00547,22,Bengaluru,Person of Interest
P00548,Person_00548,26,Mumbai,Person of Interest
P00549,Person_00549,46,Delhi,Associate
P00550,Person_00550,63,Hyderabad,Associate
P00551,Person_00551,62,Vadodara,Associate
P00552,Person_00552,32,Indore,Suspect
P00553,Person_00553,62,Hyderabad,Person of Interest
P00554,Person_00554,58,Delhi,Suspect
P00555,Person_00555,63,Mumbai,Suspect
P00556,Person_00556,37,Rajkot,Associate
P00557,Person_00557,47,Bengaluru,Suspect
P00558,Person_00558,47,Mumbai,Associate
P00559,Person_00559,46,Pune,Suspect
P00560,Person_00560,37,Vadodara,Person of Interest
P00561,Person_00561,60,Rajkot,Suspect
P00562,Person_00562,51,Surat,Associate
P00563,Person_00563,64,Pune,Associate
P00564,Person_00564,44,Hyderabad,Person of Interest
P00565,Person_00565,55,Mumbai,Person of Interest
P00566,Person_00566,41,Hyderabad,Suspect
P00567,Person_00567,33,Vadodara,Person of Interest
P00568,Person_00568,44,Surat,Suspect
P00569,Person_00569,64,Bengaluru,Person of Interest
P00570,Person_00570,30,Hyderabad,Person of Interest
P00571,Person_00571,35,Rajkot,Suspect
P00572,Person_00572,40,Delhi,Person of Interest
P00573,Person_00573,34,Pune,Suspect
P00574,Person_00574,27,Pune,Person of Interest
P00575,Person_00575,60,Vadodara,Person of Interest
P00576,Person_00576,24,Ahmedabad,Suspect
P00577,Person_00577,54,Kolkata,Associate
P00578,Person_00578,59,Mumbai,Person of Interest
P00579,Person_00579,27,Ahmedabad,Witness
P00580,Person_00580,35,Indore,Associate
P00581,Person_00581,48,Bengaluru,Associate
P00582,Person_00582,62,Vadodara,Suspect
P00583,Person_00583,23,Indore,Suspect
P00584,Person_00584,37,Bengaluru,Person of Interest
P00585,Person_00585,57,Indore,Suspect
P00586,Person_00586,56,Surat,Person of Interest
P00587,Person_00587,58,Vadodara,Person of Interest
P00588,Person_00588,30,Pune,Person of Interest
P00589,Person_00589,53,Indore,Person of Interest
P00590,Person_00590,45,Indore,Witness
P00591,Person_00591,52,Bengaluru,Suspect
P00592,Person_00592,21,Kolkata,Suspect
P00593,Person_00593,48,Vadodara,Associate
P00594,Person_00594,63,Rajkot,Suspect
P00595,Person_00595,41,Jaipur,Suspect
P00596,Person_00596,24,Mumbai,Person of Interest
P00597,Person_00597,23,Ahmedabad,Associate
P00598,Person_00598,63,Mumbai,Suspect
P00599,Person_00599,59,Indore,Suspect
P00600,Person_00600,54,Rajkot,Suspect
P00601,Person_00601,39,Delhi,Person of Interest
P00602,Person_00602,21,Surat,Associate
P00603,Person_00603,23,Indore,Associate
P00604,Person_00604,60,Kolkata,Suspect
P00605,Person_00605,60,Bengaluru,Person of Interest
P00606,Person_00606,33,Mumbai,Person of Interest
P00607,Person_00607,33,Jaipur,Suspect
P00608,Person_00608,57,Hyderabad,Associate
P00609,Person_00609,37,Rajkot,Person of Interest
P00610,Person_00610,29,Mumbai,Associate
P00611,Person_00611,61,Mumbai,Suspect
P00612,Person_00612,31,Kolkata,Suspect
P00613,Person_00613,63,Delhi,Person of Interest
P00614,Person_00614,50,Pune,Associate
P00615,Person_00615,30,Mumbai,Associate
P00616,Person_00616,50,Hyderabad,Suspect
P00617,Person_00617,22,Vadodara,Associate
P00618,Person_00618,62,Surat,Associate
P00619,Person_00619,46,Bengaluru,Associate
P00620,Person_00620,42,Pune,Associate
P00621,Person_00621,24,Jaipur,Person of Interest
P00622,Person_00622,45,Bengaluru,Associate
P00623,Person_00623,57,Indore,Suspect
P00624,Person_00624,59,Pune,Associate
P00625,Person_00625,42,Rajkot,Associate
P00626,Person_00626,36,Indore,Witness
P00627,Person_00627,32,Bengaluru,Suspect
P00628,Person_00628,36,Kolkata,Person of Interest
P00629,Person_00629,25,Indore,Suspect
P00630,Person_00630,44,Indore,Suspect
P00631,Person_00631,47,Hyderabad,Suspect
P00632,Person_00632,42,Kolkata,Suspect
P00633,Person_00633,47,Kolkata,Person of Interest
P00634,Person_00634,43,Indore,Associate
P00635,Person_00635,25,Surat,Suspect
P00636,Person_00636,21,Indore,Associate
P00637,Person_00637,39,Vadodara,Witness
P00638,Person_00638,33,Pune,Suspect
P00639,Person_00639,47,Bengaluru,Suspect
P00640,Person_00640,34,Vadodara,Associate
P00641,Person_00641,28,Hyderabad,Suspect
P00642,Person_00642,52,Surat,Witness
P00643,Person_00643,40,Mumbai,Witness
P00644,Person_00644,31,Indore,Person of Interest
P00645,Person_00645,42,Pune,Person of Interest
P00646,Person_00646,60,Pune,Person of Interest
P00647,Person_00647,57,Mumbai,Person of Interest
P00648,Person_00648,42,Surat,Person of Interest
P00649,Person_00649,45,Kolkata,Suspect
P00650,Person_00650,44,Surat,Associate
P00651,Person_00651,63,Kolkata,Associate
P00652,Person_00652,48,Indore,Suspect
P00653,Person_00653,40,Hyderabad,Person of Interest
P00654,Person_00654,38,Pune,Associate
P00655,Person_00655,39,Surat,Suspect
P00656,Person_00656,51,Hyderabad,Suspect
P00657,Person_00657,27,Mumbai,Suspect
P00658,Person_00658,23,Pune,Suspect
P00659,Person_00659,27,Vadodara,Suspect
P00660,Person_00660,60,Hyderabad,Suspect
P00661,Person_00661,35,Rajkot,Suspect
P00662,Person_00662,22,Ahmedabad,Associate
P00663,Person_00663,27,Ahmedabad,Suspect
P00664,Person_00664,52,Bengaluru,Associate
P00665,Person_00665,37,Pune,Suspect
P00666,Person_00666,63,Kolkata,Associate
P00667,Person_00667,21,Mumbai,Witness
P00668,Person_00668,30,Bengaluru,Person of Interest
P00669,Person_00669,44,Rajkot,Person of Interest
P00670,Person_00670,32,Indore,Person of Interest
P00671,Person_00671,47,Vadodara,Associate
P00672,Person_00672,25,Rajkot,Associate
P00673,Person_00673,51,Vadodara,Associate
P00674,Person_00674,27,Pune,Associate
P00675,Person_00675,35,Kolkata,Person of Interest
P00676,Person_00676,40,Indore,Person of Interest
P00677,Person_00677,34,Indore,Suspect
P00678,Person_00678,48,Mumbai,Person of Interest
P00679,Person_00679,48,Delhi,Person of Interest
P00680,Person_00680,23,Hyderabad,Suspect
P00681,Person_00681,62,Delhi,Suspect
P00682,Person_00682,24,Rajkot,Person of Interest
P00683,Person_00683,51,Surat,Person of Interest
P00684,Person_00684,58,Indore,Person of Interest
P00685,Person_00685,64,Pune,Person of Interest
P00686,Person_00686,47,Vadodara,Witness
P00687,Person_00687,43,Kolkata,Suspect
P00688,Person_00688,52,Kolkata,Associate
P00689,Person_00689,23,Indore,Person of Interest
P00690,Person_00690,51,Vadodara,Associate
P00691,Person_00691,35,Mumbai,Person of Interest
P00692,Person_00692,42,Indore,Suspect
P00693,Person_00693,57,Jaipur,Person of Interest
P00694,Person_00694,35,Hyderabad,Suspect
P00695,Person_00695,22,Hyderabad,Associate
P00696,Person_00696,33,Indore,Suspect
P00697,Person_00697,21,Delhi,Suspect
P00698,Person_00698,56,Indore,Suspect
P00699,Person_00699,54,Mumbai,Person of Interest
P00700,Person_00700,42,Rajkot,Associate
P00701,Person_00701,55,Kolkata,Witness
P00702,Person_00702,42,Bengaluru,Associate
P00703,Person_00703,38,Delhi,Suspect
P00704,Person_00704,25,Indore,Suspect
P00705,Person_00705,28,Surat,Suspect
P00706,Person_00706,45,Indore,Associate
P00707,Person_00707,54,Surat,Associate
P00708,Person_00708,59,Surat,Suspect
P00709,Person_00709,57,Pune,Associate
P00710,Person_00710,50,Ahmedabad,Witness
P00711,Person_00711,54,Ahmedabad,Associate
P00712,Person_00712,58,Vadodara,Associate
P00713,Person_00713,36,Vadodara,Person of Interest
P00714,Person_00714,57,Indore,Suspect
P00715,Person_00715,39,Vadodara,Witness
P00716,Person_00716,22,Hyderabad,Suspect
P00717,Person_00717,29,Mumbai,Person of Interest
P00718,Person_00718,31,Surat,Associate
P00719,Person_00719,47,Ahmedabad,Suspect
P00720,Person_00720,49,Hyderabad,Associate
P00721,Person_00721,47,Jaipur,Associate
P00722,Person_00722,39,Indore,Associate
P00723,Person_00723,37,Surat,Associate
P00724,Person_00724,61,Hyderabad,Associate
P00725,Person_00725,25,Ahmedabad,Associate
P00726,Person_00726,53,Mumbai,Suspect
P00727,Person_00727,35,Ahmedabad,Suspect
P00728,Person_00728,45,Pune,Associate
P00729,Person_00729,54,Hyderabad,Suspect
P00730,Person_00730,46,Surat,Suspect
P00731,Person_00731,24,Kolkata,Person of Interest
P00732,Person_00732,26,Indore,Person of Interest
P00733,Person_00733,60,Surat,Suspect
P00734,Person_00734,46,Pune,Suspect
P00735,Person_00735,46,Jaipur,Suspect
P00736,Person_00736,27,Jaipur,Person of Interest
P00737,Person_00737,61,Hyderabad,Associate
P00738,Person_00738,53,Kolkata,Person of Interest
P00739,Person_00739,28,Hyderabad,Suspect
P00740,Person_00740,61,Rajkot,Associate
P00741,Person_00741,37,Ahmedabad,Person of Interest
P00742,Person_00742,27,Ahmedabad,Person of Interest
P00743,Person_00743,33,Rajkot,Suspect
P00744,Person_00744,54,Pune,Suspect
P00745,Person_00745,63,Surat,Person of Interest
P00746,Person_00746,50,Indore,Person of Interest
P00747,Person_00747,41,Surat,Suspect
P00748,Person_00748,34,Kolkata,Person of Interest
P00749,Person_00749,54,Indore,Suspect
P00750,Person_00750,26,Kolkata,Suspect
P00751,Person_00751,37,Surat,Person of Interest
P00752,Person_00752,49,Delhi,Person of Interest
P00753,Person_00753,42,Indore,Suspect
P00754,Person_00754,32,Kolkata,Person of Interest
P00755,Person_00755,55,Ahmedabad,Person of Interest
P00756,Person_00756,36,Indore,Suspect
P00757,Person_00757,42,Bengaluru,Associate
P00758,Person_00758,63,Delhi,Suspect
P00759,Person_00759,53,Rajkot,Suspect
P00760,Person_00760,58,Delhi,Suspect
P00761,Person_00761,27,Ahmedabad,Associate
P00762,Person_00762,39,Jaipur,Suspect
P00763,Person_00763,39,Ahmedabad,Associate
P00764,Person_00764,33,Bengaluru,Suspect
P00765,Person_00765,47,Vadodara,Suspect
P00766,Person_00766,41,Hyderabad,Associate
P00767,Person_00767,26,Vadodara,Person of Interest
P00768,Person_00768,33,Jaipur,Suspect
P00769,Person_00769,23,Vadodara,Suspect
P00770,Person_00770,40,Bengaluru,Suspect
P00771,Person_00771,47,Kolkata,Associate
P00772,Person_00772,49,Bengaluru,Associate
P00773,Person_00773,34,Vadodara,Associate
P00774,Person_00774,64,Indore,Person of Interest
P00775,Person_00775,57,Vadodara,Suspect
P00776,Person_00776,23,Pune,Suspect
P00777,Person_00777,55,Hyderabad,Person of Interest
P00778,Person_00778,35,Ahmedabad,Suspect
P00779,Person_00779,62,Bengaluru,Suspect
P00780,Person_00780,48,Pune,Associate
P00781,Person_00781,59,Jaipur,Witness
P00782,Person_00782,28,Mumbai,Suspect
P00783,Person_00783,48,Bengaluru,Suspect
P00784,Person_00784,54,Vadodara,Person of Interest
P00785,Person_00785,41,Hyderabad,Suspect
P00786,Person_00786,38,Surat,Associate
P00787,Person_00787,59,Bengaluru,Person of Interest
P00788,Person_00788,58,Ahmedabad,Suspect
P00789,Person_00789,38,Kolkata,Suspect
P00790,Person_00790,51,Surat,Suspect
P00791,Person_00791,54,Mumbai,Suspect
P00792,Person_00792,49,Jaipur,Suspect
P00793,Person_00793,22,Delhi,Person of Interest
P00794,Person_00794,41,Delhi,Person of Interest
P00795,Person_00795,28,Rajkot,Suspect
P00796,Person_00796,44,Ahmedabad,Associate
P00797,Person_00797,30,Rajkot,Suspect
P00798,Person_00798,49,Hyderabad,Person of Interest
P00799,Person_00799,38,Ahmedabad,Suspect
P00800,Person_00800,53,Rajkot,Person of Interest
P00801,Person_00801,62,Rajkot,Suspect
P00802,Person_00802,32,Hyderabad,Suspect
P00803,Person_00803,29,Bengaluru,Person of Interest
P00804,Person_00804,43,Pune,Suspect
P00805,Person_00805,21,Kolkata,Suspect
P00806,Person_00806,27,Indore,Suspect
P00807,Person_00807,25,Mumbai,Person of Interest
P00808,Person_00808,54,Rajkot,Associate
P00809,Person_00809,58,Surat,Associate
P00810,Person_00810,34,Rajkot,Associate
P00811,Person_00811,48,Hyderabad,Associate
P00812,Person_00812,56,Ahmedabad,Witness
P00813,Person_00813,41,Bengaluru,Associate
P00814,Person_00814,31,Mumbai,Suspect
P00815,Person_00815,49,Delhi,Suspect
P00816,Person_00816,42,Hyderabad,Person of Interest
P00817,Person_00817,26,Surat,Suspect
P00818,Person_00818,49,Hyderabad,Associate
P00819,Person_00819,44,Bengaluru,Associate
P00820,Person_00820,49,Delhi,Suspect
P00821,Person_00821,24,Ahmedabad,Associate
P00822,Person_00822,31,Jaipur,Suspect
P00823,Person_00823,60,Kolkata,Person of Interest
P00824,Person_00824,64,Surat,Suspect
P00825,Person_00825,49,Vadodara,Associate
P00826,Person_00826,47,Vadodara,Suspect
P00827,Person_00827,22,Jaipur,Suspect
P00828,Person_00828,60,Surat,Person of Interest
P00829,Person_00829,42,Surat,Associate
P00830,Person_00830,23,Vadodara,Person of Interest
P00831,Person_00831,55,Delhi,Suspect
P00832,Person_00832,51,Mumbai,Suspect
P00833,Person_00833,36,Delhi,Suspect
P00834,Person_00834,22,Vadodara,Associate
P00835,Person_00835,60,Mumbai,Suspect
P00836,Person_00836,28,Ahmedabad,Suspect
P00837,Person_00837,54,Surat,Suspect
P00838,Person_00838,34,Rajkot,Suspect
P00839,Person_00839,60,Ahmedabad,Suspect
P00840,Person_00840,26,Jaipur,Person of Interest
P00841,Person_00841,43,Mumbai,Suspect
P00842,Person_00842,60,Kolkata,Suspect
P00843,Person_00843,50,Indore,Associate
P00844,Person_00844,49,Vadodara,Associate
P00845,Person_00845,62,Pune,Suspect
P00846,Person_00846,54,Jaipur,Suspect
P00847,Person_00847,51,Pune,Person of Interest
P00848,Person_00848,62,Bengaluru,Person of Interest
P00849,Person_00849,53,Rajkot,Associate
P00850,Person_00850,30,Bengaluru,Suspect
P00851,Person_00851,64,Delhi,Associate
P00852,Person_00852,55,Kolkata,Associate
P00853,Person_00853,58,Vadodara,Person of Interest
P00854,Person_00854,55,Indore,Associate
P00855,Person_00855,25,Surat,Person of Interest
P00856,Person_00856,59,Delhi,Suspect
P00857,Person_00857,49,Indore,Suspect
P00858,Person_00858,38,Bengaluru,Witness
P00859,Person_00859,28,Rajkot,Person of Interest
P00860,Person_00860,64,Vadodara,Person of Interest
P00861,Person_00861,44,Ahmedabad,Associate
P00862,Person_00862,23,Surat,Suspect
P00863,Person_00863,36,Surat,Person of Interest
P00864,Person_00864,35,Rajkot,Witness
P00865,Person_00865,48,Bengaluru,Suspect
P00866,Person_00866,50,Surat,Person of Interest
P00867,Person_00867,35,Delhi,Person of Interest
P00868,Person_00868,55,Ahmedabad,Associate
P00869,Person_00869,24,Hyderabad,Associate
P00870,Person_00870,57,Pune,Associate
P00871,Person_00871,61,Surat,Associate
P00872,Person_00872,49,Hyderabad,Suspect
P00873,Person_00873,58,Hyderabad,Suspect
P00874,Person_00874,36,Indore,Associate
P00875,Person_00875,23,Mumbai,Suspect
P00876,Person_00876,25,Indore,Suspect
P00877,Person_00877,30,Ahmedabad,Person of Interest
P00878,Person_00878,31,Indore,Person of Interest
P00879,Person_00879,49,Bengaluru,Witness
P00880,Person_00880,54,Kolkata,Suspect
P00881,Person_00881,64,Pune,Suspect
P00882,Person_00882,63,Bengaluru,Person of Interest
P00883,Person_00883,57,Hyderabad,Associate
P00884,Person_00884,27,Rajkot,Suspect
P00885,Person_00885,56,Delhi,Witness
P00886,Person_00886,40,Kolkata,Person of Interest
P00887,Person_00887,56,Kolkata,Person of Interest
P00888,Person_00888,24,Kolkata,Suspect
P00889,Person_00889,29,Jaipur,Suspect
P00890,Person_00890,37,Jaipur,Person of Interest
P00891,Person_00891,46,Indore,Suspect
P00892,Person_00892,38,Vadodara,Person of Interest
P00893,Person_00893,37,Vadodara,Associate
P00894,Person_00894,40,Jaipur,Suspect
P00895,Person_00895,62,Indore,Suspect
P00896,Person_00896,32,Indore,Suspect
P00897,Person_00897,25,Surat,Person of Interest
P00898,Person_00898,46,Delhi,Suspect
P00899,Person_00899,34,Surat,Associate
P00900,Person_00900,41,Jaipur,Suspect
P00901,Person_00901,49,Vadodara,Person of Interest
P00902,Person_00902,52,Ahmedabad,Associate
P00903,Person_00903,52,Vadodara,Suspect
P00904,Person_00904,27,Delhi,Witness
P00905,Person_00905,58,Rajkot,Suspect
P00906,Person_00906,34,Ahmedabad,Suspect
P00907,Person_00907,61,Rajkot,Person of Interest
P00908,Person_00908,22,Vadodara,Associate
P00909,Person_00909,38,Jaipur,Person of Interest
P00910,Person_00910,28,Vadodara,Suspect
P00911,Person_00911,53,Rajkot,Person of Interest
P00912,Person_00912,30,Kolkata,Suspect
P00913,Person_00913,46,Vadodara,Witness
P00914,Person_00914,53,Hyderabad,Suspect
P00915,Person_00915,31,Jaipur,Associate
P00916,Person_00916,37,Pune,Suspect
P00917,Person_00917,21,Hyderabad,Suspect
P00918,Person_00918,54,Delhi,Suspect
P00919,Person_00919,54,Bengaluru,Person of Interest
P00920,Person_00920,33,Indore,Person of Interest
P00921,Person_00921,31,Vadodara,Suspect
P00922,Person_00922,32,Mumbai,Suspect
P00923,Person_00923,27,Bengaluru,Suspect
P00924,Person_00924,58,Bengaluru,Associate
P00925,Person_00925,28,Jaipur,Suspect
P00926,Person_00926,56,Indore,Associate
P00927,Person_00927,39,Indore,Suspect
P00928,Person_00928,59,Delhi,Suspect
P00929,Person_00929,57,Rajkot,Person of Interest
P00930,Person_00930,21,Jaipur,Suspect
P00931,Person_00931,63,Mumbai,Suspect
P00932,Person_00932,48,Indore,Person of Interest
P00933,Person_00933,32,Mumbai,Suspect
P00934,Person_00934,58,Hyderabad,Associate
P00935,Person_00935,38,Ahmedabad,Suspect
P00936,Person_00936,46,Mumbai,Associate
P00937,Person_00937,63,Hyderabad,Suspect
P00938,Person_00938,41,Hyderabad,Suspect
P00939,Person_00939,61,Vadodara,Person of Interest
P00940,Person_00940,27,Hyderabad,Person of Interest
P00941,Person_00941,23,Vadodara,Associate
P00942,Person_00942,46,Mumbai,Suspect
P00943,Person_00943,29,Rajkot,Person of Interest
P00944,Person_00944,35,Vadodara,Suspect
P00945,Person_00945,59,Delhi,Associate
P00946,Person_00946,49,Ahmedabad,Suspect
P00947,Person_00947,21,Rajkot,Associate
P00948,Person_00948,40,Surat,Associate
P00949,Person_00949,34,Rajkot,Person of Interest
P00950,Person_00950,60,Ahmedabad,Associate
P00951,Person_00951,37,Delhi,Suspect
P00952,Person_00952,52,Rajkot,Associate
P00953,Person_00953,51,Jaipur,Associate
P00954,Person_00954,61,Hyderabad,Person of Interest
P00955,Person_00955,44,Pune,Suspect
P00956,Person_00956,32,Hyderabad,Person of Interest
P00957,Person_00957,34,Surat,Suspect
P00958,Person_00958,30,Pune,Person of Interest
P00959,Person_00959,37,Pune,Person of Interest
P00960,Person_00960,34,Pune,Associate
P00961,Person_00961,50,Mumbai,Witness
P00962,Person_00962,35,Mumbai,Person of Interest
P00963,Person_00963,48,Vadodara,Person of Interest
P00964,Person_00964,46,Bengaluru,Suspect
P00965,Person_00965,60,Ahmedabad,Witness
P00966,Person_00966,54,Mumbai,Person of Interest
P00967,Person_00967,25,Rajkot,Person of Interest
P00968,Person_00968,62,Rajkot,Associate
P00969,Person_00969,53,Hyderabad,Person of Interest
P00970,Person_00970,40,Mumbai,Suspect
P00971,Person_00971,36,Kolkata,Suspect
P00972,Person_00972,57,Mumbai,Suspect
P00973,Person_00973,49,Jaipur,Person of Interest
P00974,Person_00974,29,Jaipur,Person of Interest
P00975,Person_00975,26,Pune,Suspect
P00976,Person_00976,53,Mumbai,Person of Interest
P00977,Person_00977,60,Rajkot,Person of Interest
P00978,Person_00978,45,Mumbai,Associate
P00979,Person_00979,24,Kolkata,Suspect
P00980,Person_00980,31,Bengaluru,Person of Interest
P00981,Person_00981,21,Vadodara,Associate
P00982,Person_00982,37,Pune,Suspect
P00983,Person_00983,23,Hyderabad,Suspect
P00984,Person_00984,33,Bengaluru,Suspect
P00985,Person_00985,51,Bengaluru,Suspect
P00986,Person_00986,42,Indore,Associate
P00987,Person_00987,42,Delhi,Suspect
P00988,Person_00988,64,Pune,Associate
P00989,Person_00989,63,Rajkot,Person of Interest
P00990,Person_00990,39,Jaipur,Person of Interest
P00991,Person_00991,31,Pune,Person of Interest
P00992,Person_00992,30,Pune,Suspect
P00993,Person_00993,32,Surat,Suspect
P00994,Person_00994,52,Jaipur,Person of Interest
P00995,Person_00995,58,Rajkot,Person of Interest
P00996,Person_00996,33,Mumbai,Suspect
P00997,Person_00997,32,Kolkata,Associate
P00998,Person_00998,52,Indore,Associate
P00999,Person_00999,30,Pune,Suspect
P01000,Person_01000,22,Kolkata,Person of Interest
P01001,Person_01001,53,Rajkot,Suspect
P01002,Person_01002,24,Jaipur,Person of Interest
P01003,Person_01003,50,Rajkot,Suspect
P01004,Person_01004,23,Pune,Person of Interest
P01005,Person_01005,40,Indore,Associate
P01006,Person_01006,43,Surat,Associate
P01007,Person_01007,50,Delhi,Witness
P01008,Person_01008,58,Bengaluru,Suspect
P01009,Person_01009,56,Vadodara,Suspect
P01010,Person_01010,43,Hyderabad,Associate
P01011,Person_01011,51,Delhi,Person of Interest
P01012,Person_01012,28,Indore,Person of Interest
P01013,Person_01013,43,Kolkata,Suspect
P01014,Person_01014,50,Pune,Person of Interest
P01015,Person_01015,44,Pune,Witness
P01016,Person_01016,42,Pune,Person of Interest
P01017,Person_01017,31,Pune,Associate
P01018,Person_01018,41,Surat,Suspect
P01019,Person_01019,54,Surat,Suspect
P01020,Person_01020,48,Indore,Person of Interest
P01021,Person_01021,24,Surat,Associate
P01022,Person_01022,39,Mumbai,Person of Interest
P01023,Person_01023,55,Indore,Associate
P01024,Person_01024,34,Pune,Associate
P01025,Person_01025,42,Kolkata,Suspect
P01026,Person_01026,49,Mumbai,Witness
P01027,Person_01027,45,Bengaluru,Person of Interest
P01028,Person_01028,46,Pune,Suspect
P01029,Person_01029,56,Pune,Associate
P01030,Person_01030,42,Jaipur,Witness
P01031,Person_01031,23,Pune,Associate
P01032,Person_01032,22,Kolkata,Person of Interest
P01033,Person_01033,51,Vadodara,Associate
P01034,Person_01034,27,Kolkata,Person of Interest
P01035,Person_01035,39,Vadodara,Suspect
P01036,Person_01036,59,Rajkot,Associate
P01037,Person_01037,26,Delhi,Associate
P01038,Person_01038,45,Ahmedabad,Suspect
P01039,Person_01039,45,Hyderabad,Suspect
P01040,Person_01040,28,Ahmedabad,Suspect
P01041,Person_01041,49,Hyderabad,Witness
P01042,Person_01042,53,Surat,Suspect
P01043,Person_01043,64,Vadodara,Suspect
P01044,Person_01044,26,Vadodara,Suspect
P01045,Person_01045,24,Delhi,Person of Interest
P01046,Person_01046,39,Rajkot,Suspect
P01047,Person_01047,25,Vadodara,Person of Interest
P01048,Person_01048,57,Mumbai,Suspect
P01049,Person_01049,58,Kolkata,Suspect
P01050,Person_01050,57,Surat,Suspect
P01051,Person_01051,49,Delhi,Associate
P01052,Person_01052,50,Rajkot,Person of Interest
P01053,Person_01053,56,Kolkata,Associate
P01054,Person_01054,59,Delhi,Person of Interest
P01055,Person_01055,35,Delhi,Suspect
P01056,Person_01056,26,Surat,Associate
P01057,Person_01057,59,Mumbai,Suspect
P01058,Person_01058,55,Hyderabad,Person of Interest
P01059,Person_01059,49,Vadodara,Suspect
P01060,Person_01060,35,Hyderabad,Suspect
P01061,Person_01061,59,Hyderabad,Suspect
P01062,Person_01062,26,Vadodara,Person of Interest
P01063,Person_01063,55,Pune,Suspect
P01064,Person_01064,40,Delhi,Suspect
P01065,Person_01065,23,Ahmedabad,Suspect
P01066,Person_01066,38,Bengaluru,Suspect
P01067,Person_01067,61,Jaipur,Person of Interest
P01068,Person_01068,53,Indore,Person of Interest
P01069,Person_01069,49,Pune,Suspect
P01070,Person_01070,53,Pune,Suspect
P01071,Person_01071,33,Rajkot,Witness
P01072,Person_01072,22,Delhi,Suspect
P01073,Person_01073,54,Kolkata,Associate
P01074,Person_01074,22,Indore,Witness
P01075,Person_01075,35,Ahmedabad,Suspect
P01076,Person_01076,61,Indore,Person of Interest
P01077,Person_01077,61,Mumbai,Suspect
P01078,Person_01078,48,Bengaluru,Person of Interest
P01079,Person_01079,49,Mumbai,Suspect
P01080,Person_01080,24,Vadodara,Associate
P01081,Person_01081,59,Ahmedabad,Suspect
P01082,Person_01082,31,Ahmedabad,Suspect
P01083,Person_01083,27,Vadodara,Suspect
P01084,Person_01084,25,Delhi,Suspect
P01085,Person_01085,47,Mumbai,Suspect
P01086,Person_01086,27,Kolkata,Suspect
P01087,Person_01087,27,Hyderabad,Associate
P01088,Person_01088,34,Jaipur,Suspect
P01089,Person_01089,38,Bengaluru,Witness
P01090,Person_01090,38,Mumbai,Suspect
P01091,Person_01091,21,Pune,Associate
P01092,Person_01092,41,Indore,Person of Interest
P01093,Person_01093,33,Mumbai,Person of Interest
P01094,Person_01094,51,Indore,Associate
P01095,Person_01095,52,Kolkata,Person of Interest
P01096,Person_01096,61,Indore,Person of Interest
P01097,Person_01097,56,Jaipur,Suspect
P01098,Person_01098,21,Rajkot,Witness
P01099,Person_01099,61,Indore,Suspect
P01100,Person_01100,47,Ahmedabad,Suspect
P01101,Person_01101,27,Jaipur,Suspect
P01102,Person_01102,26,Bengaluru,Suspect
P01103,Person_01103,55,Ahmedabad,Suspect
P01104,Person_01104,45,Kolkata,Suspect
P01105,Person_01105,24,Vadodara,Person of Interest
P01106,Person_01106,40,Surat,Suspect
P01107,Person_01107,29,Ahmedabad,Associate
P01108,Person_01108,31,Pune,Suspect
P01109,Person_01109,29,Indore,Person of Interest
P01110,Person_01110,32,Mumbai,Person of Interest
P01111,Person_01111,33,Jaipur,Suspect
P01112,Person_01112,48,Bengaluru,Associate
P01113,Person_01113,55,Mumbai,Associate
P01114,Person_01114,36,Delhi,Person of Interest
P01115,Person_01115,39,Surat,Witness
P01116,Person_01116,28,Ahmedabad,Person of Interest
P01117,Person_01117,44,Hyderabad,Associate
P01118,Person_01118,40,Surat,Suspect
P01119,Person_01119,38,Surat,Suspect
P01120,Person_01120,37,Mumbai,Associate
P01121,Person_01121,25,Bengaluru,Person of Interest
P01122,Person_01122,22,Rajkot,Person of Interest
P01123,Person_01123,41,Mumbai,Person of Interest
P01124,Person_01124,59,Kolkata,Suspect
P01125,Person_01125,59,Indore,Witness
P01126,Person_01126,61,Surat,Associate
P01127,Person_01127,53,Surat,Associate
P01128,Person_01128,43,Kolkata,Person of Interest
P01129,Person_01129,26,Surat,Associate
P01130,Person_01130,54,Hyderabad,Associate
P01131,Person_01131,55,Kolkata,Associate
P01132,Person_01132,41,Vadodara,Suspect
P01133,Person_01133,33,Jaipur,Suspect
P01134,Person_01134,39,Jaipur,Suspect
P01135,Person_01135,42,Bengaluru,Person of Interest
P01136,Person_01136,44,Hyderabad,Associate
P01137,Person_01137,59,Surat,Person of Interest
P01138,Person_01138,56,Mumbai,Associate
P01139,Person_01139,57,Hyderabad,Person of Interest
P01140,Person_01140,31,Indore,Associate
P01141,Person_01141,32,Jaipur,Associate
P01142,Person_01142,62,Bengaluru,Witness
P01143,Person_01143,53,Kolkata,Person of Interest
P01144,Person_01144,50,Ahmedabad,Associate
P01145,Person_01145,64,Mumbai,Suspect
P01146,Person_01146,37,Ahmedabad,Associate
P01147,Person_01147,55,Pune,Suspect
P01148,Person_01148,37,Jaipur,Suspect
P01149,Person_01149,63,Vadodara,Suspect
P01150,Person_01150,26,Vadodara,Associate
P01151,Person_01151,26,Vadodara,Suspect
P01152,Person_01152,35,Rajkot,Witness
P01153,Person_01153,42,Vadodara,Person of Interest
P01154,Person_01154,29,Kolkata,Person of Interest
P01155,Person_01155,34,Rajkot,Suspect
P01156,Person_01156,36,Delhi,Suspect
P01157,Person_01157,35,Pune,Associate
P01158,Person_01158,59,Indore,Person of Interest
P01159,Person_01159,64,Surat,Suspect
P01160,Person_01160,52,Pune,Person of Interest
P01161,Person_01161,53,Pune,Suspect
P01162,Person_01162,31,Kolkata,Suspect
P01163,Person_01163,57,Mumbai,Person of Interest
P01164,Person_01164,47,Jaipur,Associate
P01165,Person_01165,54,Ahmedabad,Associate
P01166,Person_01166,60,Rajkot,Associate
P01167,Person_01167,53,Kolkata,Suspect
P01168,Person_01168,29,Pune,Suspect
P01169,Person_01169,62,Mumbai,Suspect
P01170,Person_01170,55,Jaipur,Associate
P01171,Person_01171,62,Pune,Suspect
P01172,Person_01172,63,Pune,Associate
P01173,Person_01173,40,Pune,Witness
P01174,Person_01174,41,Kolkata,Suspect
P01175,Person_01175,26,Ahmedabad,Person of Interest
P01176,Person_01176,43,Delhi,Suspect
P01177,Person_01177,51,Ahmedabad,Witness
P01178,Person_01178,63,Jaipur,Suspect
P01179,Person_01179,48,Jaipur,Person of Interest
P01180,Person_01180,57,Ahmedabad,Suspect
P01181,Person_01181,36,Kolkata,Suspect
P01182,Person_01182,49,Indore,Associate
P01183,Person_01183,41,Pune,Suspect
P01184,Person_01184,52,Jaipur,Person of Interest
P01185,Person_01185,45,Ahmedabad,Suspect
P01186,Person_01186,39,Jaipur,Suspect
P01187,Person_01187,51,Mumbai,Suspect
P01188,Person_01188,61,Delhi,Suspect
P01189,Person_01189,62,Bengaluru,Associate
P01190,Person_01190,36,Delhi,Associate
P01191,Person_01191,57,Kolkata,Person of Interest
P01192,Person_01192,36,Rajkot,Associate
P01193,Person_01193,63,Rajkot,Suspect
P01194,Person_01194,44,Jaipur,Person of Interest
P01195,Person_01195,38,Indore,Suspect
P01196,Person_01196,52,Delhi,Associate
P01197,Person_01197,34,Rajkot,Suspect
P01198,Person_01198,23,Kolkata,Suspect
P01199,Person_01199,40,Hyderabad,Suspect
P01200,Person_01200,28,Pune,Person of Interest
P01201,Person_01201,56,Delhi,Suspect
P01202,Person_01202,27,Delhi,Suspect
P01203,Person_01203,38,Kolkata,Person of Interest
P01204,Person_01204,63,Jaipur,Suspect
P01205,Person_01205,35,Vadodara,Person of Interest
P01206,Person_01206,41,Bengaluru,Suspect
P01207,Person_01207,31,Vadodara,Suspect
P01208,Person_01208,60,Kolkata,Associate
P01209,Person_01209,39,Delhi,Suspect
P01210,Person_01210,57,Mumbai,Associate
P01211,Person_01211,49,Hyderabad,Associate
P01212,Person_01212,42,Surat,Suspect
P01213,Person_01213,37,Kolkata,Suspect
P01214,Person_01214,34,Hyderabad,Person of Interest
P01215,Person_01215,58,Surat,Suspect
P01216,Person_01216,38,Jaipur,Associate
P01217,Person_01217,64,Delhi,Suspect
P01218,Person_01218,48,Indore,Person of Interest
P01219,Person_01219,60,Rajkot,Associate
P01220,Person_01220,28,Vadodara,Person of Interest
P01221,Person_01221,41,Pune,Person of Interest
P01222,Person_01222,63,Bengaluru,Person of Interest
P01223,Person_01223,56,Kolkata,Suspect
P01224,Person_01224,28,Bengaluru,Suspect
P01225,Person_01225,38,Ahmedabad,Suspect
P01226,Person_01226,59,Hyderabad,Person of Interest
P01227,Person_01227,63,Hyderabad,Person of Interest
P01228,Person_01228,64,Delhi,Suspect
P01229,Person_01229,40,Pune,Associate
P01230,Person_01230,24,Delhi,Associate
P01231,Person_01231,60,Ahmedabad,Person of Interest
P01232,Person_01232,29,Delhi,Suspect
P01233,Person_01233,28,Kolkata,Associate
P01234,Person_01234,47,Surat,Suspect
P01235,Person_01235,29,Hyderabad,Suspect
P01236,Person_01236,42,Surat,Suspect
P01237,Person_01237,52,Indore,Person of Interest
P01238,Person_01238,32,Kolkata,Associate
P01239,Person_01239,24,Pune,Person of Interest
P01240,Person_01240,33,Indore,Associate
P01241,Person_01241,38,Pune,Suspect
P01242,Person_01242,40,Pune,Suspect
P01243,Person_01243,41,Kolkata,Suspect
P01244,Person_01244,64,Surat,Suspect
P01245,Person_01245,34,Kolkata,Suspect
P01246,Person_01246,23,Delhi,Suspect
P01247,Person_01247,39,Ahmedabad,Suspect
P01248,Person_01248,42,Kolkata,Suspect
P01249,Person_01249,50,Ahmedabad,Person of Interest
P01250,Person_01250,61,Bengaluru,Witness
P01251,Person_01251,55,Delhi,Suspect
P01252,Person_01252,38,Hyderabad,Suspect
P01253,Person_01253,29,Jaipur,Suspect
P01254,Person_01254,57,Bengaluru,Suspect
P01255,Person_01255,22,Jaipur,Associate
P01256,Person_01256,28,Pune,Suspect
P01257,Person_01257,22,Mumbai,Person of Interest
P01258,Person_01258,41,Rajkot,Suspect
P01259,Person_01259,61,Mumbai,Suspect
P01260,Person_01260,30,Ahmedabad,Person of Interest
P01261,Person_01261,58,Hyderabad,Suspect
P01262,Person_01262,45,Indore,Associate
P01263,Person_01263,56,Indore,Suspect
P01264,Person_01264,27,Delhi,Suspect
P01265,Person_01265,34,Bengaluru,Suspect
P01266,Person_01266,52,Surat,Person of Interest
P01267,Person_01267,38,Delhi,Person of Interest
P01268,Person_01268,33,Pune,Suspect
P01269,Person_01269,39,Pune,Associate
P01270,Person_01270,21,Mumbai,Suspect
P01271,Person_01271,25,Bengaluru,Suspect
P01272,Person_01272,22,Rajkot,Suspect
P01273,Person_01273,26,Surat,Witness
P01274,Person_01274,52,Rajkot,Suspect
P01275,Person_01275,42,Delhi,Suspect
P01276,Person_01276,48,Pune,Witness
P01277,Person_01277,43,Jaipur,Person of Interest
P01278,Person_01278,51,Pune,Person of Interest
P01279,Person_01279,26,Rajkot,Associate
P01280,Person_01280,26,Bengaluru,Associate
P01281,Person_01281,26,Pune,Associate
P01282,Person_01282,55,Ahmedabad,Associate
P01283,Person_01283,47,Kolkata,Suspect
P01284,Person_01284,31,Pune,Suspect
P01285,Person_01285,38,Mumbai,Associate
P01286,Person_01286,46,Jaipur,Associate
P01287,Person_01287,48,Mumbai,Associate
P01288,Person_01288,25,Bengaluru,Person of Interest
P01289,Person_01289,32,Jaipur,Person of Interest
P01290,Person_01290,28,Indore,Suspect
P01291,Person_01291,52,Hyderabad,Person of Interest
P01292,Person_01292,53,Surat,Suspect
P01293,Person_01293,51,Surat,Suspect
P01294,Person_01294,22,Rajkot,Associate
P01295,Person_01295,21,Mumbai,Person of Interest
P01296,Person_01296,29,Hyderabad,Associate
P01297,Person_01297,64,Jaipur,Person of Interest
P01298,Person_01298,22,Surat,Associate
P01299,Person_01299,29,Indore,Associate
P01300,Person_01300,44,Indore,Person of Interest
P01301,Person_01301,44,Vadodara,Associate
P01302,Person_01302,61,Rajkot,Suspect
P01303,Person_01303,35,Delhi,Person of Interest
P01304,Person_01304,41,Ahmedabad,Associate
P01305,Person_01305,49,Rajkot,Suspect
P01306,Person_01306,28,Pune,Associate
P01307,Person_01307,52,Hyderabad,Associate
P01308,Person_01308,63,Ahmedabad,Suspect
P01309,Person_01309,53,Mumbai,Suspect
P01310,Person_01310,58,Bengaluru,Associate
P01311,Person_01311,43,Delhi,Associate
P01312,Person_01312,31,Kolkata,Suspect
P01313,Person_01313,56,Hyderabad,Associate
P01314,Person_01314,41,Indore,Suspect
P01315,Person_01315,27,Mumbai,Suspect
P01316,Person_01316,40,Kolkata,Associate
P01317,Person_01317,21,Vadodara,Associate
P01318,Person_01318,39,Mumbai,Associate
P01319,Person_01319,56,Delhi,Suspect
P01320,Person_01320,35,Hyderabad,Associate
P01321,Person_01321,41,Bengaluru,Suspect
P01322,Person_01322,34,Bengaluru,Person of Interest
P01323,Person_01323,56,Indore,Person of Interest
P01324,Person_01324,61,Ahmedabad,Associate
P01325,Person_01325,26,Bengaluru,Suspect
P01326,Person_01326,60,Indore,Suspect
P01327,Person_01327,27,Bengaluru,Suspect
P01328,Person_01328,53,Jaipur,Suspect
P01329,Person_01329,35,Mumbai,Person of Interest
P01330,Person_01330,25,Kolkata,Associate
P01331,Person_01331,32,Mumbai,Suspect
P01332,Person_01332,45,Pune,Person of Interest
P01333,Person_01333,32,Delhi,Associate
P01334,Person_01334,61,Surat,Suspect
P01335,Person_01335,62,Bengaluru,Suspect
P01336,Person_01336,27,Delhi,Associate
P01337,Person_01337,25,Surat,Suspect
P01338,Person_01338,33,Vadodara,Associate
P01339,Person_01339,43,Jaipur,Suspect
P01340,Person_01340,22,Jaipur,Suspect
P01341,Person_01341,51,Jaipur,Suspect
P01342,Person_01342,40,Vadodara,Suspect
P01343,Person_01343,32,Vadodara,Suspect
P01344,Person_01344,38,Mumbai,Person of Interest
P01345,Person_01345,29,Pune,Suspect
P01346,Person_01346,35,Indore,Suspect
P01347,Person_01347,58,Kolkata,Suspect
P01348,Person_01348,27,Rajkot,Suspect
P01349,Person_01349,46,Rajkot,Suspect
P01350,Person_01350,42,Delhi,Associate
P01351,Person_01351,22,Surat,Person of Interest
P01352,Person_01352,41,Surat,Suspect
P01353,Person_01353,63,Ahmedabad,Witness
P01354,Person_01354,53,Rajkot,Suspect
P01355,Person_01355,58,Kolkata,Suspect
P01356,Person_01356,41,Bengaluru,Suspect
P01357,Person_01357,33,Mumbai,Suspect
P01358,Person_01358,21,Bengaluru,Suspect
P01359,Person_01359,54,Kolkata,Suspect
P01360,Person_01360,54,Bengaluru,Suspect
P01361,Person_01361,63,Vadodara,Associate
P01362,Person_01362,44,Surat,Associate
P01363,Person_01363,27,Pune,Suspect
P01364,Person_01364,32,Jaipur,Suspect
P01365,Person_01365,46,Vadodara,Suspect
P01366,Person_01366,53,Bengaluru,Suspect
P01367,Person_01367,51,Pune,Suspect
P01368,Person_01368,60,Vadodara,Suspect
P01369,Person_01369,37,Delhi,Suspect
P01370,Person_01370,33,Pune,Person of Interest
P01371,Person_01371,59,Bengaluru,Suspect
P01372,Person_01372,58,Jaipur,Witness
P01373,Person_01373,29,Kolkata,Associate
P01374,Person_01374,27,Ahmedabad,Suspect
P01375,Person_01375,40,Delhi,Suspect
P01376,Person_01376,64,Indore,Associate
P01377,Person_01377,30,Delhi,Suspect
P01378,Person_01378,48,Vadodara,Suspect
P01379,Person_01379,55,Bengaluru,Suspect
P01380,Person_01380,31,Ahmedabad,Associate
P01381,Person_01381,31,Pune,Person of Interest
P01382,Person_01382,39,Mumbai,Suspect
P01383,Person_01383,60,Mumbai,Suspect
P01384,Person_01384,23,Pune,Person of Interest
P01385,Person_01385,59,Vadodara,Associate
P01386,Person_01386,63,Bengaluru,Suspect
P01387,Person_01387,22,Jaipur,Suspect
P01388,Person_01388,49,Mumbai,Witness
P01389,Person_01389,28,Kolkata,Person of Interest
P01390,Person_01390,35,Hyderabad,Person of Interest
P01391,Person_01391,46,Mumbai,Associate
P01392,Person_01392,31,Vadodara,Person of Interest
P01393,Person_01393,64,Kolkata,Associate
P01394,Person_01394,33,Ahmedabad,Suspect
P01395,Person_01395,39,Surat,Suspect
P01396,Person_01396,26,Mumbai,Person of Interest
P01397,Person_01397,44,Mumbai,Person of Interest
P01398,Person_01398,22,Ahmedabad,Person of Interest
P01399,Person_01399,31,Kolkata,Suspect
P01400,Person_01400,51,Indore,Witness
P01401,Person_01401,57,Kolkata,Associate
P01402,Person_01402,31,Bengaluru,Suspect
P01403,Person_01403,21,Bengaluru,Person of Interest
P01404,Person_01404,35,Pune,Person of Interest
P01405,Person_01405,25,Hyderabad,Suspect
P01406,Person_01406,43,Vadodara,Associate
P01407,Person_01407,59,Jaipur,Person of Interest
P01408,Person_01408,21,Hyderabad,Suspect
P01409,Person_01409,24,Surat,Suspect
P01410,Person_01410,36,Delhi,Suspect
P01411,Person_01411,43,Pune,Suspect
P01412,Person_01412,49,Ahmedabad,Suspect
P01413,Person_01413,31,Bengaluru,Associate
P01414,Person_01414,24,Vadodara,Associate
P01415,Person_01415,42,Indore,Person of Interest
P01416,Person_01416,64,Surat,Suspect
P01417,Person_01417,37,Mumbai,Suspect
P01418,Person_01418,38,Surat,Associate
P01419,Person_01419,38,Rajkot,Suspect
P01420,Person_01420,36,Ahmedabad,Person of Interest
P01421,Person_01421,43,Pune,Witness
P01422,Person_01422,46,Surat,Suspect
P01423,Person_01423,33,Jaipur,Suspect
P01424,Person_01424,48,Bengaluru,Associate
P01425,Person_01425,27,Hyderabad,Associate
P01426,Person_01426,30,Surat,Associate
P01427,Person_01427,63,Rajkot,Person of Interest
P01428,Person_01428,28,Bengaluru,Suspect
P01429,Person_01429,35,Surat,Suspect
P01430,Person_01430,63,Bengaluru,Witness
P01431,Person_01431,38,Vadodara,Person of Interest
P01432,Person_01432,51,Vadodara,Associate
P01433,Person_01433,32,Pune,Suspect
P01434,Person_01434,43,Jaipur,Suspect
P01435,Person_01435,52,Mumbai,Suspect
P01436,Person_01436,35,Pune,Associate
P01437,Person_01437,39,Vadodara,Suspect
P01438,Person_01438,43,Ahmedabad,Suspect
P01439,Person_01439,21,Mumbai,Person of Interest
P01440,Person_01440,34,Delhi,Person of Interest
P01441,Person_01441,41,Surat,Suspect
P01442,Person_01442,40,Indore,Person of Interest
P01443,Person_01443,47,Indore,Person of Interest
P01444,Person_01444,51,Jaipur,Person of Interest
P01445,Person_01445,34,Surat,Suspect
P01446,Person_01446,41,Surat,Associate
P01447,Person_01447,63,Pune,Suspect
P01448,Person_01448,53,Delhi,Associate
P01449,Person_01449,61,Pune,Suspect
P01450,Person_01450,31,Ahmedabad,Person of Interest
P01451,Person_01451,34,Vadodara,Suspect
P01452,Person_01452,42,Delhi,Associate
P01453,Person_01453,32,Mumbai,Person of Interest
P01454,Person_01454,48,Hyderabad,Suspect
P01455,Person_01455,54,Delhi,Associate
P01456,Person_01456,31,Hyderabad,Person of Interest
P01457,Person_01457,40,Indore,Associate
P01458,Person_01458,55,Pune,Suspect
P01459,Person_01459,59,Mumbai,Witness
P01460,Person_01460,47,Pune,Associate
P01461,Person_01461,57,Ahmedabad,Associate
P01462,Person_01462,40,Pune,Suspect
P01463,Person_01463,46,Ahmedabad,Person of Interest
P01464,Person_01464,36,Hyderabad,Suspect
P01465,Person_01465,23,Mumbai,Suspect
P01466,Person_01466,51,Kolkata,Suspect
P01467,Person_01467,23,Bengaluru,Person of Interest
P01468,Person_01468,53,Ahmedabad,Suspect
P01469,Person_01469,57,Ahmedabad,Suspect
P01470,Person_01470,39,Jaipur,Person of Interest
P01471,Person_01471,47,Surat,Person of Interest
P01472,Person_01472,35,Pune,Person of Interest
P01473,Person_01473,46,Hyderabad,Suspect
P01474,Person_01474,55,Delhi,Associate
P01475,Person_01475,42,Bengaluru,Person of Interest
P01476,Person_01476,48,Jaipur,Suspect
P01477,Person_01477,41,Bengaluru,Suspect
P01478,Person_01478,40,Jaipur,Suspect
P01479,Person_01479,63,Vadodara,Person of Interest
P01480,Person_01480,51,Ahmedabad,Associate
P01481,Person_01481,61,Mumbai,Suspect
P01482,Person_01482,54,Kolkata,Person of Interest
P01483,Person_01483,56,Surat,Suspect
P01484,Person_01484,30,Indore,Suspect
P01485,Person_01485,22,Kolkata,Person of Interest
P01486,Person_01486,21,Surat,Associate
P01487,Person_01487,47,Rajkot,Associate
P01488,Person_01488,30,Indore,Suspect
P01489,Person_01489,51,Indore,Witness
P01490,Person_01490,34,Bengaluru,Suspect
P01491,Person_01491,41,Jaipur,Associate
P01492,Person_01492,34,Pune,Associate
P01493,Person_01493,44,Kolkata,Suspect
P01494,Person_01494,46,Mumbai,Suspect
P01495,Person_01495,28,Surat,Suspect
P01496,Person_01496,21,Rajkot,Person of Interest
P01497,Person_01497,59,Ahmedabad,Suspect
P01498,Person_01498,31,Vadodara,Suspect
P01499,Person_01499,40,Pune,Person of Interest
P01500,Person_01500,35,Rajkot,Associate
P01501,Person_01501,39,Jaipur,Suspect
P01502,Person_01502,62,Jaipur,Suspect
P01503,Person_01503,41,Vadodara,Person of Interest
P01504,Person_01504,33,Rajkot,Suspect
P01505,Person_01505,63,Hyderabad,Person of Interest
P01506,Person_01506,47,Mumbai,Suspect
P01507,Person_01507,29,Pune,Person of Interest
P01508,Person_01508,56,Mumbai,Associate
P01509,Person_01509,58,Jaipur,Associate
P01510,Person_01510,62,Delhi,Suspect
P01511,Person_01511,63,Hyderabad,Person of Interest
P01512,Person_01512,60,Vadodara,Associate
P01513,Person_01513,24,Surat,Associate
P01514,Person_01514,28,Pune,Associate
P01515,Person_01515,60,Mumbai,Person of Interest
P01516,Person_01516,61,Bengaluru,Suspect
P01517,Person_01517,58,Indore,Suspect
P01518,Person_01518,39,Hyderabad,Associate
P01519,Person_01519,62,Surat,Suspect
P01520,Person_01520,57,Delhi,Suspect
P01521,Person_01521,30,Kolkata,Person of Interest
P01522,Person_01522,40,Pune,Associate
P01523,Person_01523,59,Hyderabad,Suspect
P01524,Person_01524,28,Pune,Suspect
P01525,Person_01525,54,Vadodara,Suspect
P01526,Person_01526,57,Jaipur,Suspect
P01527,Person_01527,52,Bengaluru,Suspect
P01528,Person_01528,46,Jaipur,Suspect
P01529,Person_01529,63,Pune,Person of Interest
P01530,Person_01530,59,Mumbai,Associate
P01531,Person_01531,49,Pune,Suspect
P01532,Person_01532,64,Rajkot,Associate
P01533,Person_01533,33,Pune,Suspect
P01534,Person_01534,41,Bengaluru,Person of Interest
P01535,Person_01535,43,Mumbai,Suspect
P01536,Person_01536,36,Kolkata,Suspect
P01537,Person_01537,48,Indore,Associate
P01538,Person_01538,31,Indore,Associate
P01539,Person_01539,26,Mumbai,Person of Interest
P01540,Person_01540,26,Ahmedabad,Suspect
P01541,Person_01541,40,Jaipur,Associate
P01542,Person_01542,54,Kolkata,Suspect
P01543,Person_01543,51,Delhi,Suspect
P01544,Person_01544,38,Delhi,Associate
P01545,Person_01545,64,Surat,Suspect
P01546,Person_01546,39,Vadodara,Associate
P01547,Person_01547,54,Hyderabad,Person of Interest
P01548,Person_01548,29,Delhi,Suspect
P01549,Person_01549,58,Bengaluru,Person of Interest
P01550,Person_01550,57,Rajkot,Associate
P01551,Person_01551,63,Delhi,Associate
P01552,Person_01552,36,Kolkata,Suspect
P01553,Person_01553,43,Ahmedabad,Suspect
P01554,Person_01554,50,Delhi,Witness
P01555,Person_01555,40,Surat,Person of Interest
P01556,Person_01556,42,Bengaluru,Suspect
P01557,Person_01557,31,Bengaluru,Suspect
P01558,Person_01558,44,Hyderabad,Suspect
P01559,Person_01559,44,Ahmedabad,Suspect
P01560,Person_01560,45,Jaipur,Suspect
P01561,Person_01561,37,Ahmedabad,Suspect
P01562,Person_01562,45,Indore,Associate
P01563,Person_01563,22,Surat,Suspect
P01564,Person_01564,39,Kolkata,Associate
P01565,Person_01565,39,Surat,Person of Interest
P01566,Person_01566,34,Bengaluru,Associate
P01567,Person_01567,57,Jaipur,Suspect
P01568,Person_01568,23,Mumbai,Person of Interest
P01569,Person_01569,55,Vadodara,Person of Interest
P01570,Person_01570,54,Surat,Suspect
P01571,Person_01571,62,Ahmedabad,Witness
P01572,Person_01572,43,Vadodara,Suspect
P01573,Person_01573,47,Kolkata,Suspect
P01574,Person_01574,52,Ahmedabad,Person of Interest
P01575,Person_01575,62,Vadodara,Person of Interest
P01576,Person_01576,60,Jaipur,Associate
P01577,Person_01577,34,Hyderabad,Person of Interest
P01578,Person_01578,37,Delhi,Suspect
P01579,Person_01579,25,Hyderabad,Suspect
P01580,Person_01580,62,Ahmedabad,Witness
P01581,Person_01581,46,Ahmedabad,Person of Interest
P01582,Person_01582,47,Hyderabad,Person of Interest
P01583,Person_01583,24,Mumbai,Associate
P01584,Person_01584,37,Rajkot,Suspect
P01585,Person_01585,60,Rajkot,Associate
P01586,Person_01586,52,Rajkot,Person of Interest
P01587,Person_01587,58,Bengaluru,Suspect
P01588,Person_01588,44,Kolkata,Person of Interest
P01589,Person_01589,29,Delhi,Suspect
P01590,Person_01590,30,Pune,Suspect
P01591,Person_01591,24,Kolkata,Suspect
P01592,Person_01592,35,Surat,Suspect
P01593,Person_01593,45,Delhi,Suspect
P01594,Person_01594,55,Bengaluru,Suspect
P01595,Person_01595,21,Bengaluru,Suspect
P01596,Person_01596,60,Surat,Associate
P01597,Person_01597,37,Vadodara,Suspect
P01598,Person_01598,31,Delhi,Person of Interest
P01599,Person_01599,33,Pune,Suspect
P01600,Person_01600,51,Kolkata,Suspect
P01601,Person_01601,63,Hyderabad,Suspect
P01602,Person_01602,56,Pune,Suspect
P01603,Person_01603,22,Mumbai,Person of Interest
P01604,Person_01604,61,Pune,Suspect
P01605,Person_01605,35,Jaipur,Suspect
P01606,Person_01606,48,Indore,Suspect
P01607,Person_01607,31,Vadodara,Associate
P01608,Person_01608,24,Vadodara,Suspect
P01609,Person_01609,37,Kolkata,Suspect
P01610,Person_01610,60,Kolkata,Associate
P01611,Person_01611,40,Pune,Suspect
P01612,Person_01612,34,Indore,Associate
P01613,Person_01613,54,Rajkot,Associate
P01614,Person_01614,60,Surat,Associate
P01615,Person_01615,33,Ahmedabad,Suspect
P01616,Person_01616,26,Hyderabad,Person of Interest
P01617,Person_01617,23,Vadodara,Person of Interest
P01618,Person_01618,62,Kolkata,Suspect
P01619,Person_01619,52,Mumbai,Person of Interest
P01620,Person_01620,35,Vadodara,Suspect
P01621,Person_01621,24,Mumbai,Associate
P01622,Person_01622,59,Surat,Suspect
P01623,Person_01623,58,Ahmedabad,Associate
P01624,Person_01624,61,Rajkot,Suspect
P01625,Person_01625,30,Pune,Associate
P01626,Person_01626,41,Kolkata,Suspect
P01627,Person_01627,29,Jaipur,Person of Interest
P01628,Person_01628,50,Rajkot,Associate
P01629,Person_01629,51,Indore,Suspect
P01630,Person_01630,50,Jaipur,Witness
P01631,Person_01631,31,Ahmedabad,Suspect
P01632,Person_01632,35,Indore,Associate
P01633,Person_01633,55,Kolkata,Associate
P01634,Person_01634,58,Vadodara,Suspect
P01635,Person_01635,28,Jaipur,Suspect
P01636,Person_01636,23,Rajkot,Person of Interest
P01637,Person_01637,63,Indore,Associate
P01638,Person_01638,35,Kolkata,Suspect
P01639,Person_01639,56,Kolkata,Associate
P01640,Person_01640,25,Vadodara,Person of Interest
P01641,Person_01641,54,Jaipur,Associate
P01642,Person_01642,38,Mumbai,Suspect
P01643,Person_01643,44,Kolkata,Suspect
P01644,Person_01644,60,Indore,Witness
P01645,Person_01645,30,Rajkot,Suspect
P01646,Person_01646,51,Ahmedabad,Associate
P01647,Person_01647,48,Indore,Suspect
P01648,Person_01648,27,Pune,Associate
P01649,Person_01649,62,Delhi,Suspect
P01650,Person_01650,44,Surat,Associate
P01651,Person_01651,55,Vadodara,Person of Interest
P01652,Person_01652,37,Jaipur,Associate
P01653,Person_01653,38,Hyderabad,Suspect
P01654,Person_01654,28,Indore,Suspect
P01655,Person_01655,62,Surat,Person of Interest
P01656,Person_01656,48,Ahmedabad,Person of Interest
P01657,Person_01657,49,Hyderabad,Suspect
P01658,Person_01658,55,Surat,Associate
P01659,Person_01659,48,Pune,Suspect
P01660,Person_01660,64,Surat,Person of Interest
P01661,Person_01661,48,Delhi,Suspect
P01662,Person_01662,63,Hyderabad,Associate
P01663,Person_01663,59,Vadodara,Associate
P01664,Person_01664,56,Ahmedabad,Person of Interest
P01665,Person_01665,30,Mumbai,Associate
P01666,Person_01666,58,Vadodara,Associate
P01667,Person_01667,32,Rajkot,Person of Interest
P01668,Person_01668,36,Mumbai,Person of Interest
P01669,Person_01669,30,Pune,Associate
P01670,Person_01670,63,Kolkata,Suspect
P01671,Person_01671,40,Vadodara,Person of Interest
P01672,Person_01672,30,Delhi,Suspect
P01673,Person_01673,49,Kolkata,Suspect
P01674,Person_01674,39,Surat,Suspect
P01675,Person_01675,34,Surat,Associate
P01676,Person_01676,54,Jaipur,Associate
P01677,Person_01677,45,Kolkata,Associate
P01678,Person_01678,26,Indore,Associate
P01679,Person_01679,30,Delhi,Person of Interest
P01680,Person_01680,46,Surat,Associate
P01681,Person_01681,64,Kolkata,Suspect
P01682,Person_01682,57,Rajkot,Suspect
P01683,Person_01683,47,Indore,Person of Interest
P01684,Person_01684,64,Vadodara,Witness
P01685,Person_01685,38,Vadodara,Suspect
P01686,Person_01686,62,Indore,Associate
P01687,Person_01687,41,Surat,Suspect
P01688,Person_01688,49,Surat,Suspect
P01689,Person_01689,49,Ahmedabad,Suspect
P01690,Person_01690,60,Pune,Suspect
P01691,Person_01691,57,Hyderabad,Associate
P01692,Person_01692,43,Indore,Suspect
P01693,Person_01693,57,Vadodara,Suspect
P01694,Person_01694,42,Jaipur,Suspect
P01695,Person_01695,50,Vadodara,Person of Interest
P01696,Person_01696,46,Indore,Person of Interest
P01697,Person_01697,24,Surat,Person of Interest
P01698,Person_01698,21,Pune,Suspect
P01699,Person_01699,23,Surat,Person of Interest
P01700,Person_01700,31,Mumbai,Person of Interest
P01701,Person_01701,52,Pune,Suspect
P01702,Person_01702,61,Bengaluru,Associate
P01703,Person_01703,27,Mumbai,Associate
P01704,Person_01704,36,Pune,Person of Interest
P01705,Person_01705,38,Kolkata,Witness
P01706,Person_01706,30,Rajkot,Person of Interest
P01707,Person_01707,47,Indore,Person of Interest
P01708,Person_01708,62,Rajkot,Associate
P01709,Person_01709,21,Bengaluru,Associate
P01710,Person_01710,38,Ahmedabad,Suspect
P01711,Person_01711,42,Ahmedabad,Person of Interest
P01712,Person_01712,46,Surat,Person of Interest
P01713,Person_01713,56,Rajkot,Suspect
P01714,Person_01714,38,Rajkot,Suspect
P01715,Person_01715,43,Mumbai,Associate
P01716,Person_01716,27,Pune,Associate
P01717,Person_01717,51,Bengaluru,Associate
P01718,Person_01718,32,Indore,Person of Interest
P01719,Person_01719,21,Ahmedabad,Person of Interest
P01720,Person_01720,22,Rajkot,Person of Interest
P01721,Person_01721,52,Jaipur,Suspect
P01722,Person_01722,31,Pune,Person of Interest
P01723,Person_01723,27,Ahmedabad,Suspect
P01724,Person_01724,60,Indore,Suspect
P01725,Person_01725,50,Jaipur,Suspect
P01726,Person_01726,46,Hyderabad,Suspect
P01727,Person_01727,58,Mumbai,Person of Interest
P01728,Person_01728,42,Ahmedabad,Suspect
P01729,Person_01729,42,Hyderabad,Person of Interest
P01730,Person_01730,35,Mumbai,Suspect
P01731,Person_01731,50,Hyderabad,Associate
P01732,Person_01732,32,Jaipur,Suspect
P01733,Person_01733,48,Rajkot,Associate
P01734,Person_01734,35,Bengaluru,Associate
P01735,Person_01735,42,Indore,Associate
P01736,Person_01736,55,Delhi,Associate
P01737,Person_01737,24,Pune,Person of Interest
P01738,Person_01738,49,Mumbai,Suspect
P01739,Person_01739,62,Jaipur,Witness
P01740,Person_01740,28,Rajkot,Suspect
P01741,Person_01741,28,Mumbai,Suspect
P01742,Person_01742,54,Pune,Suspect
P01743,Person_01743,35,Kolkata,Associate
P01744,Person_01744,53,Ahmedabad,Suspect
P01745,Person_01745,53,Bengaluru,Suspect
P01746,Person_01746,58,Delhi,Suspect
P01747,Person_01747,39,Indore,Suspect
P01748,Person_01748,63,Rajkot,Suspect
P01749,Person_01749,41,Surat,Suspect
P01750,Person_01750,43,Bengaluru,Associate
P01751,Person_01751,32,Indore,Suspect
P01752,Person_01752,59,Kolkata,Suspect
P01753,Person_01753,59,Pune,Suspect
P01754,Person_01754,40,Hyderabad,Associate
P01755,Person_01755,32,Bengaluru,Suspect
P01756,Person_01756,28,Indore,Person of Interest
P01757,Person_01757,55,Hyderabad,Person of Interest
P01758,Person_01758,42,Bengaluru,Suspect
P01759,Person_01759,36,Bengaluru,Person of Interest
P01760,Person_01760,47,Rajkot,Suspect
P01761,Person_01761,33,Surat,Associate
P01762,Person_01762,38,Rajkot,Witness
P01763,Person_01763,37,Hyderabad,Suspect
P01764,Person_01764,64,Indore,Person of Interest
P01765,Person_01765,26,Pune,Suspect
P01766,Person_01766,35,Pune,Witness
P01767,Person_01767,62,Mumbai,Suspect
P01768,Person_01768,41,Ahmedabad,Person of Interest
P01769,Person_01769,23,Jaipur,Suspect
P01770,Person_01770,50,Delhi,Person of Interest
P01771,Person_01771,22,Delhi,Associate
P01772,Person_01772,22,Hyderabad,Suspect
P01773,Person_01773,22,Rajkot,Suspect
P01774,Person_01774,33,Ahmedabad,Suspect
P01775,Person_01775,48,Vadodara,Suspect
P01776,Person_01776,61,Surat,Associate
P01777,Person_01777,44,Kolkata,Suspect
P01778,Person_01778,60,Bengaluru,Suspect
P01779,Person_01779,51,Pune,Associate
P01780,Person_01780,29,Hyderabad,Person of Interest
P01781,Person_01781,51,Jaipur,Suspect
P01782,Person_01782,31,Ahmedabad,Person of Interest
P01783,Person_01783,51,Hyderabad,Witness
P01784,Person_01784,53,Surat,Suspect
P01785,Person_01785,33,Rajkot,Suspect
P01786,Person_01786,64,Jaipur,Suspect
P01787,Person_01787,40,Delhi,Associate
P01788,Person_01788,39,Surat,Suspect
P01789,Person_01789,26,Indore,Person of Interest
P01790,Person_01790,29,Ahmedabad,Witness
P01791,Person_01791,39,Jaipur,Associate
P01792,Person_01792,35,Indore,Suspect
P01793,Person_01793,55,Delhi,Suspect
P01794,Person_01794,21,Hyderabad,Person of Interest
P01795,Person_01795,22,Jaipur,Associate
P01796,Person_01796,24,Kolkata,Associate
P01797,Person_01797,25,Vadodara,Associate
P01798,Person_01798,47,Mumbai,Suspect
P01799,Person_01799,25,Bengaluru,Witness
P01800,Person_01800,26,Rajkot,Witness
P01801,Person_01801,46,Hyderabad,Associate
P01802,Person_01802,32,Jaipur,Suspect
P01803,Person_01803,50,Rajkot,Associate
P01804,Person_01804,44,Mumbai,Person of Interest
P01805,Person_01805,61,Hyderabad,Suspect
P01806,Person_01806,29,Rajkot,Suspect
P01807,Person_01807,41,Indore,Suspect
P01808,Person_01808,33,Ahmedabad,Suspect
P01809,Person_01809,23,Pune,Person of Interest
P01810,Person_01810,58,Ahmedabad,Associate
P01811,Person_01811,59,Indore,Person of Interest
P01812,Person_01812,53,Ahmedabad,Associate
P01813,Person_01813,35,Vadodara,Suspect
P01814,Person_01814,29,Indore,Person of Interest
P01815,Person_01815,55,Kolkata,Suspect
P01816,Person_01816,49,Vadodara,Person of Interest
P01817,Person_01817,38,Mumbai,Suspect
P01818,Person_01818,55,Vadodara,Suspect
P01819,Person_01819,64,Bengaluru,Suspect
P01820,Person_01820,41,Jaipur,Associate
P01821,Person_01821,46,Kolkata,Associate
P01822,Person_01822,40,Kolkata,Suspect
P01823,Person_01823,34,Hyderabad,Witness
P01824,Person_01824,38,Ahmedabad,Suspect
P01825,Person_01825,45,Pune,Person of Interest
P01826,Person_01826,53,Mumbai,Suspect
P01827,Person_01827,28,Kolkata,Suspect
P01828,Person_01828,42,Delhi,Person of Interest
P01829,Person_01829,22,Kolkata,Associate
P01830,Person_01830,35,Ahmedabad,Person of Interest
P01831,Person_01831,25,Bengaluru,Associate
P01832,Person_01832,52,Indore,Person of Interest
P01833,Person_01833,39,Vadodara,Suspect
P01834,Person_01834,52,Kolkata,Person of Interest
P01835,Person_01835,57,Rajkot,Associate
P01836,Person_01836,48,Delhi,Person of Interest
P01837,Person_01837,34,Jaipur,Suspect
P01838,Person_01838,63,Mumbai,Suspect
P01839,Person_01839,32,Delhi,Associate
P01840,Person_01840,35,Surat,Associate
P01841,Person_01841,61,Pune,Person of Interest
P01842,Person_01842,51,Rajkot,Person of Interest
P01843,Person_01843,52,Jaipur,Associate
P01844,Person_01844,40,Bengaluru,Associate
P01845,Person_01845,21,Hyderabad,Associate
P01846,Person_01846,51,Surat,Suspect
P01847,Person_01847,46,Ahmedabad,Person of Interest
P01848,Person_01848,34,Kolkata,Suspect
P01849,Person_01849,26,Vadodara,Suspect
P01850,Person_01850,58,Kolkata,Person of Interest
P01851,Person_01851,59,Indore,Associate
P01852,Person_01852,21,Delhi,Suspect
P01853,Person_01853,63,Pune,Associate
P01854,Person_01854,59,Surat,Suspect
P01855,Person_01855,21,Jaipur,Associate
P01856,Person_01856,46,Jaipur,Associate
P01857,Person_01857,23,Ahmedabad,Associate
P01858,Person_01858,29,Indore,Suspect
P01859,Person_01859,30,Jaipur,Suspect
P01860,Person_01860,27,Kolkata,Suspect
P01861,Person_01861,60,Hyderabad,Associate
P01862,Person_01862,38,Jaipur,Associate
P01863,Person_01863,59,Kolkata,Person of Interest
P01864,Person_01864,34,Pune,Person of Interest
P01865,Person_01865,62,Surat,Suspect
P01866,Person_01866,49,Kolkata,Associate
P01867,Person_01867,47,Indore,Person of Interest
P01868,Person_01868,56,Surat,Person of Interest
P01869,Person_01869,50,Bengaluru,Suspect
P01870,Person_01870,55,Hyderabad,Person of Interest
P01871,Person_01871,35,Vadodara,Associate
P01872,Person_01872,28,Ahmedabad,Suspect
P01873,Person_01873,37,Bengaluru,Suspect
P01874,Person_01874,31,Jaipur,Suspect
P01875,Person_01875,33,Delhi,Suspect
P01876,Person_01876,31,Mumbai,Suspect
P01877,Person_01877,44,Indore,Suspect
P01878,Person_01878,35,Kolkata,Associate
P01879,Person_01879,47,Bengaluru,Person of Interest
P01880,Person_01880,35,Mumbai,Suspect
P01881,Person_01881,34,Delhi,Witness
P01882,Person_01882,50,Pune,Suspect
P01883,Person_01883,29,Ahmedabad,Suspect
P01884,Person_01884,53,Delhi,Witness
P01885,Person_01885,53,Vadodara,Associate
P01886,Person_01886,46,Vadodara,Associate
P01887,Person_01887,57,Rajkot,Person of Interest
P01888,Person_01888,23,Ahmedabad,Person of Interest
P01889,Person_01889,32,Bengaluru,Suspect
P01890,Person_01890,40,Kolkata,Suspect
P01891,Person_01891,37,Hyderabad,Associate
P01892,Person_01892,47,Pune,Person of Interest
P01893,Person_01893,28,Jaipur,Person of Interest
P01894,Person_01894,29,Pune,Associate
P01895,Person_01895,61,Surat,Suspect
P01896,Person_01896,28,Mumbai,Person of Interest
P01897,Person_01897,41,Kolkata,Suspect
P01898,Person_01898,53,Vadodara,Suspect
P01899,Person_01899,29,Vadodara,Person of Interest
P01900,Person_01900,60,Vadodara,Associate
P01901,Person_01901,46,Jaipur,Suspect
P01902,Person_01902,48,Indore,Associate
P01903,Person_01903,45,Indore,Associate
P01904,Person_01904,46,Rajkot,Associate
P01905,Person_01905,30,Mumbai,Associate
P01906,Person_01906,54,Ahmedabad,Suspect
P01907,Person_01907,54,Indore,Suspect
P01908,Person_01908,50,Jaipur,Witness
P01909,Person_01909,30,Rajkot,Witness
P01910,Person_01910,56,Bengaluru,Suspect
P01911,Person_01911,32,Hyderabad,Witness
P01912,Person_01912,55,Mumbai,Associate
P01913,Person_01913,57,Ahmedabad,Person of Interest
P01914,Person_01914,42,Mumbai,Suspect
P01915,Person_01915,56,Delhi,Suspect
P01916,Person_01916,30,Bengaluru,Associate
P01917,Person_01917,37,Jaipur,Suspect
P01918,Person_01918,41,Mumbai,Suspect
P01919,Person_01919,45,Surat,Associate
P01920,Person_01920,23,Pune,Suspect
P01921,Person_01921,64,Pune,Suspect
P01922,Person_01922,27,Surat,Suspect
P01923,Person_01923,27,Vadodara,Suspect
P01924,Person_01924,59,Vadodara,Associate
P01925,Person_01925,32,Hyderabad,Associate
P01926,Person_01926,40,Surat,Suspect
P01927,Person_01927,22,Pune,Suspect
P01928,Person_01928,45,Pune,Person of Interest
P01929,Person_01929,28,Jaipur,Suspect
P01930,Person_01930,61,Kolkata,Suspect
P01931,Person_01931,62,Hyderabad,Person of Interest
P01932,Person_01932,51,Delhi,Suspect
P01933,Person_01933,31,Hyderabad,Witness
P01934,Person_01934,49,Hyderabad,Associate
P01935,Person_01935,30,Jaipur,Associate
P01936,Person_01936,23,Hyderabad,Suspect
P01937,Person_01937,42,Surat,Associate
P01938,Person_01938,26,Hyderabad,Associate
P01939,Person_01939,62,Pune,Suspect
P01940,Person_01940,49,Mumbai,Suspect
P01941,Person_01941,51,Ahmedabad,Associate
P01942,Person_01942,51,Delhi,Associate
P01943,Person_01943,60,Kolkata,Suspect
P01944,Person_01944,63,Rajkot,Associate
P01945,Person_01945,44,Indore,Suspect
P01946,Person_01946,50,Bengaluru,Person of Interest
P01947,Person_01947,37,Pune,Witness
P01948,Person_01948,53,Rajkot,Suspect
P01949,Person_01949,36,Ahmedabad,Person of Interest
P01950,Person_01950,31,Ahmedabad,Associate
P01951,Person_01951,64,Vadodara,Person of Interest
P01952,Person_01952,30,Indore,Suspect
P01953,Person_01953,53,Kolkata,Associate
P01954,Person_01954,56,Ahmedabad,Suspect
P01955,Person_01955,48,Indore,Person of Interest
P01956,Person_01956,55,Delhi,Suspect
P01957,Person_01957,64,Pune,Associate
P01958,Person_01958,29,Vadodara,Person of Interest
P01959,Person_01959,32,Vadodara,Person of Interest
P01960,Person_01960,52,Surat,Associate
P01961,Person_01961,59,Mumbai,Associate
P01962,Person_01962,38,Jaipur,Associate
P01963,Person_01963,62,Bengaluru,Person of Interest
P01964,Person_01964,56,Vadodara,Person of Interest
P01965,Person_01965,59,Bengaluru,Suspect
P01966,Person_01966,50,Mumbai,Associate
P01967,Person_01967,41,Bengaluru,Suspect
P01968,Person_01968,50,Mumbai,Associate
P01969,Person_01969,21,Kolkata,Person of Interest
P01970,Person_01970,47,Bengaluru,Suspect
P01971,Person_01971,51,Hyderabad,Associate
P01972,Person_01972,54,Surat,Person of Interest
P01973,Person_01973,21,Surat,Suspect
P01974,Person_01974,49,Delhi,Witness
P01975,Person_01975,44,Ahmedabad,Suspect
P01976,Person_01976,39,Mumbai,Associate
P01977,Person_01977,48,Hyderabad,Associate
P01978,Person_01978,61,Bengaluru,Suspect
P01979,Person_01979,61,Rajkot,Suspect
P01980,Person_01980,39,Mumbai,Associate
P01981,Person_01981,56,Hyderabad,Associate
P01982,Person_01982,39,Vadodara,Suspect
P01983,Person_01983,32,Mumbai,Associate
P01984,Person_01984,57,Rajkot,Suspect
P01985,Person_01985,37,Vadodara,Person of Interest
P01986,Person_01986,54,Vadodara,Witness
P01987,Person_01987,40,Delhi,Witness
P01988,Person_01988,39,Jaipur,Suspect
P01989,Person_01989,64,Delhi,Person of Interest
P01990,Person_01990,42,Indore,Associate
P01991,Person_01991,52,Jaipur,Associate
P01992,Person_01992,41,Bengaluru,Witness
P01993,Person_01993,36,Kolkata,Suspect
P01994,Person_01994,24,Ahmedabad,Suspect
P01995,Person_01995,22,Indore,Person of Interest
P01996,Person_01996,63,Ahmedabad,Suspect
P01997,Person_01997,23,Mumbai,Person of Interest
P01998,Person_01998,41,Bengaluru,Associate
P01999,Person_01999,27,Ahmedabad,Associate
P02000,Person_02000,53,Mumbai,Suspect
P02001,Person_02001,38,Hyderabad,Associate
P02002,Person_02002,46,Delhi,Associate
P02003,Person_02003,57,Surat,Suspect
P02004,Person_02004,46,Kolkata,Person of Interest
P02005,Person_02005,53,Mumbai,Suspect
P02006,Person_02006,21,Rajkot,Associate
P02007,Person_02007,60,Ahmedabad,Person of Interest
P02008,Person_02008,61,Surat,Suspect
P02009,Person_02009,57,Pune,Person of Interest
P02010,Person_02010,23,Kolkata,Suspect
P02011,Person_02011,54,Kolkata,Associate
P02012,Person_02012,57,Indore,Suspect
P02013,Person_02013,56,Vadodara,Suspect
P02014,Person_02014,64,Surat,Suspect
P02015,Person_02015,61,Bengaluru,Suspect
P02016,Person_02016,24,Hyderabad,Person of Interest
P02017,Person_02017,52,Mumbai,Associate
P02018,Person_02018,62,Pune,Person of Interest
P02019,Person_02019,51,Hyderabad,Suspect
P02020,Person_02020,45,Bengaluru,Suspect
P02021,Person_02021,55,Bengaluru,Associate
P02022,Person_02022,54,Jaipur,Witness
P02023,Person_02023,27,Bengaluru,Witness
P02024,Person_02024,30,Hyderabad,Suspect
P02025,Person_02025,62,Mumbai,Suspect
P02026,Person_02026,61,Rajkot,Suspect
P02027,Person_02027,26,Rajkot,Person of Interest
P02028,Person_02028,61,Vadodara,Witness
P02029,Person_02029,55,Hyderabad,Person of Interest
P02030,Person_02030,40,Delhi,Witness
P02031,Person_02031,55,Ahmedabad,Associate
P02032,Person_02032,41,Delhi,Suspect
P02033,Person_02033,24,Mumbai,Suspect
P02034,Person_02034,21,Bengaluru,Person of Interest
P02035,Person_02035,42,Bengaluru,Person of Interest
P02036,Person_02036,29,Bengaluru,Suspect
P02037,Person_02037,58,Mumbai,Person of Interest
P02038,Person_02038,52,Kolkata,Person of Interest
P02039,Person_02039,63,Delhi,Associate
P02040,Person_02040,21,Indore,Associate
P02041,Person_02041,22,Vadodara,Associate
P02042,Person_02042,61,Jaipur,Person of Interest
P02043,Person_02043,27,Indore,Associate
P02044,Person_02044,40,Jaipur,Person of Interest
P02045,Person_02045,54,Hyderabad,Suspect
P02046,Person_02046,56,Mumbai,Person of Interest
P02047,Person_02047,48,Hyderabad,Person of Interest
P02048,Person_02048,31,Jaipur,Suspect
P02049,Person_02049,37,Indore,Suspect
P02050,Person_02050,34,Pune,Suspect
P02051,Person_02051,47,Indore,Associate
P02052,Person_02052,32,Indore,Associate
P02053,Person_02053,36,Mumbai,Person of Interest
P02054,Person_02054,32,Ahmedabad,Associate
P02055,Person_02055,38,Hyderabad,Person of Interest
P02056,Person_02056,51,Mumbai,Suspect
P02057,Person_02057,56,Bengaluru,Witness
P02058,Person_02058,22,Kolkata,Person of Interest
P02059,Person_02059,33,Vadodara,Associate
P02060,Person_02060,41,Hyderabad,Associate
P02061,Person_02061,43,Indore,Person of Interest
P02062,Person_02062,43,Mumbai,Suspect
P02063,Person_02063,46,Indore,Associate
P02064,Person_02064,62,Hyderabad,Associate
P02065,Person_02065,40,Indore,Suspect
P02066,Person_02066,63,Vadodara,Suspect
P02067,Person_02067,51,Hyderabad,Suspect
P02068,Person_02068,34,Hyderabad,Suspect
P02069,Person_02069,59,Surat,Person of Interest
P02070,Person_02070,52,Mumbai,Person of Interest
P02071,Person_02071,57,Bengaluru,Person of Interest
P02072,Person_02072,44,Mumbai,Suspect
P02073,Person_02073,23,Mumbai,Suspect
P02074,Person_02074,29,Jaipur,Suspect
P02075,Person_02075,38,Indore,Suspect
P02076,Person_02076,47,Hyderabad,Suspect
P02077,Person_02077,30,Rajkot,Associate
P02078,Person_02078,48,Bengaluru,Suspect
P02079,Person_02079,32,Hyderabad,Person of Interest
P02080,Person_02080,38,Hyderabad,Witness
P02081,Person_02081,24,Hyderabad,Suspect
P02082,Person_02082,63,Surat,Person of Interest
P02083,Person_02083,34,Hyderabad,Person of Interest
P02084,Person_02084,47,Surat,Suspect
P02085,Person_02085,35,Delhi,Person of Interest
P02086,Person_02086,29,Delhi,Witness
P02087,Person_02087,47,Rajkot,Suspect
P02088,Person_02088,63,Ahmedabad,Suspect
P02089,Person_02089,30,Ahmedabad,Person of Interest
P02090,Person_02090,59,Surat,Associate
P02091,Person_02091,60,Hyderabad,Associate
P02092,Person_02092,36,Bengaluru,Associate
P02093,Person_02093,38,Ahmedabad,Associate
P02094,Person_02094,60,Mumbai,Suspect
P02095,Person_02095,56,Hyderabad,Person of Interest
P02096,Person_02096,33,Kolkata,Suspect
P02097,Person_02097,22,Mumbai,Person of Interest
P02098,Person_02098,32,Hyderabad,Associate
P02099,Person_02099,44,Delhi,Suspect
P02100,Person_02100,56,Ahmedabad,Associate
P02101,Person_02101,61,Bengaluru,Suspect
P02102,Person_02102,46,Pune,Suspect
P02103,Person_02103,57,Rajkot,Suspect
P02104,Person_02104,52,Bengaluru,Person of Interest
P02105,Person_02105,29,Indore,Person of Interest
P02106,Person_02106,41,Vadodara,Person of Interest
P02107,Person_02107,38,Surat,Suspect
P02108,Person_02108,46,Ahmedabad,Associate
P02109,Person_02109,44,Delhi,Associate
P02110,Person_02110,26,Surat,Person of Interest
P02111,Person_02111,38,Bengaluru,Suspect
P02112,Person_02112,51,Jaipur,Person of Interest
P02113,Person_02113,49,Surat,Person of Interest
P02114,Person_02114,49,Mumbai,Suspect
P02115,Person_02115,38,Pune,Suspect
P02116,Person_02116,53,Surat,Witness
P02117,Person_02117,52,Mumbai,Suspect
P02118,Person_02118,56,Indore,Suspect
P02119,Person_02119,28,Mumbai,Person of Interest
P02120,Person_02120,55,Surat,Suspect
P02121,Person_02121,28,Rajkot,Person of Interest
P02122,Person_02122,37,Ahmedabad,Person of Interest
P02123,Person_02123,27,Ahmedabad,Person of Interest
P02124,Person_02124,26,Indore,Witness
P02125,Person_02125,61,Bengaluru,Associate
P02126,Person_02126,27,Surat,Associate
P02127,Person_02127,53,Mumbai,Associate
P02128,Person_02128,46,Mumbai,Suspect
P02129,Person_02129,59,Pune,Suspect
P02130,Person_02130,24,Rajkot,Suspect
P02131,Person_02131,28,Vadodara,Suspect
P02132,Person_02132,58,Mumbai,Suspect
P02133,Person_02133,35,Rajkot,Person of Interest
P02134,Person_02134,25,Ahmedabad,Person of Interest
P02135,Person_02135,60,Vadodara,Suspect
P02136,Person_02136,27,Pune,Associate
P02137,Person_02137,29,Indore,Suspect
P02138,Person_02138,53,Mumbai,Associate
P02139,Person_02139,35,Surat,Witness
P02140,Person_02140,52,Delhi,Witness
P02141,Person_02141,46,Rajkot,Person of Interest
P02142,Person_02142,44,Hyderabad,Person of Interest
P02143,Person_02143,29,Pune,Associate
P02144,Person_02144,22,Ahmedabad,Person of Interest
P02145,Person_02145,37,Hyderabad,Person of Interest
P02146,Person_02146,37,Jaipur,Person of Interest
P02147,Person_02147,23,Delhi,Witness
P02148,Person_02148,22,Jaipur,Suspect
P02149,Person_02149,42,Mumbai,Suspect
P02150,Person_02150,52,Pune,Person of Interest
P02151,Person_02151,42,Kolkata,Associate
P02152,Person_02152,36,Mumbai,Person of Interest
P02153,Person_02153,37,Delhi,Witness
P02154,Person_02154,51,Rajkot,Associate
P02155,Person_02155,33,Delhi,Suspect
P02156,Person_02156,43,Jaipur,Suspect
P02157,Person_02157,31,Kolkata,Suspect
P02158,Person_02158,27,Jaipur,Suspect
P02159,Person_02159,41,Ahmedabad,Person of Interest
P02160,Person_02160,35,Jaipur,Suspect
P02161,Person_02161,47,Surat,Suspect
P02162,Person_02162,57,Ahmedabad,Suspect
P02163,Person_02163,22,Mumbai,Person of Interest
P02164,Person_02164,57,Vadodara,Suspect
P02165,Person_02165,24,Mumbai,Witness
P02166,Person_02166,60,Hyderabad,Person of Interest
P02167,Person_02167,34,Surat,Suspect
P02168,Person_02168,36,Kolkata,Suspect
P02169,Person_02169,23,Surat,Associate
P02170,Person_02170,45,Bengaluru,Person of Interest
P02171,Person_02171,46,Rajkot,Person of Interest
P02172,Person_02172,37,Hyderabad,Suspect
P02173,Person_02173,21,Kolkata,Person of Interest
P02174,Person_02174,54,Rajkot,Suspect
P02175,Person_02175,21,Mumbai,Associate
P02176,Person_02176,42,Ahmedabad,Associate
P02177,Person_02177,38,Surat,Person of Interest
P02178,Person_02178,40,Surat,Associate
P02179,Person_02179,51,Pune,Person of Interest
P02180,Person_02180,25,Indore,Suspect
P02181,Person_02181,58,Surat,Person of Interest
P02182,Person_02182,48,Bengaluru,Person of Interest
P02183,Person_02183,37,Delhi,Associate
P02184,Person_02184,59,Rajkot,Suspect
P02185,Person_02185,48,Hyderabad,Suspect
P02186,Person_02186,63,Hyderabad,Suspect
P02187,Person_02187,55,Mumbai,Person of Interest
P02188,Person_02188,49,Indore,Suspect
P02189,Person_02189,58,Hyderabad,Person of Interest
P02190,Person_02190,33,Ahmedabad,Suspect
P02191,Person_02191,32,Rajkot,Person of Interest
P02192,Person_02192,39,Jaipur,Suspect
P02193,Person_02193,56,Rajkot,Suspect
P02194,Person_02194,50,Kolkata,Associate
P02195,Person_02195,39,Pune,Suspect
P02196,Person_02196,31,Delhi,Associate
P02197,Person_02197,26,Hyderabad,Witness
P02198,Person_02198,47,Ahmedabad,Suspect
P02199,Person_02199,38,Surat,Person of Interest
P02200,Person_02200,43,Hyderabad,Associate
P02201,Person_02201,59,Kolkata,Associate
P02202,Person_02202,46,Vadodara,Suspect
P02203,Person_02203,41,Hyderabad,Person of Interest
P02204,Person_02204,35,Kolkata,Suspect
P02205,Person_02205,22,Vadodara,Associate
P02206,Person_02206,35,Surat,Person of Interest
P02207,Person_02207,29,Hyderabad,Person of Interest
P02208,Person_02208,52,Jaipur,Suspect
P02209,Person_02209,56,Surat,Suspect
P02210,Person_02210,42,Hyderabad,Associate
P02211,Person_02211,29,Indore,Person of Interest
P02212,Person_02212,35,Rajkot,Associate
P02213,Person_02213,26,Jaipur,Associate
P02214,Person_02214,32,Rajkot,Person of Interest
P02215,Person_02215,41,Mumbai,Suspect
P02216,Person_02216,42,Jaipur,Person of Interest
P02217,Person_02217,62,Vadodara,Suspect
P02218,Person_02218,52,Jaipur,Suspect
P02219,Person_02219,29,Hyderabad,Suspect
P02220,Person_02220,52,Vadodara,Associate
P02221,Person_02221,62,Mumbai,Suspect
P02222,Person_02222,41,Kolkata,Person of Interest
P02223,Person_02223,52,Bengaluru,Person of Interest
P02224,Person_02224,47,Kolkata,Suspect
P02225,Person_02225,39,Bengaluru,Associate
P02226,Person_02226,36,Mumbai,Person of Interest
P02227,Person_02227,54,Hyderabad,Associate
P02228,Person_02228,44,Kolkata,Suspect
P02229,Person_02229,43,Indore,Suspect
P02230,Person_02230,27,Mumbai,Associate
P02231,Person_02231,30,Indore,Suspect
P02232,Person_02232,50,Surat,Associate
P02233,Person_02233,24,Surat,Person of Interest
P02234,Person_02234,38,Bengaluru,Person of Interest
P02235,Person_02235,43,Hyderabad,Suspect
P02236,Person_02236,41,Delhi,Suspect
P02237,Person_02237,47,Ahmedabad,Associate
P02238,Person_02238,61,Ahmedabad,Associate
P02239,Person_02239,28,Hyderabad,Suspect
P02240,Person_02240,51,Bengaluru,Suspect
P02241,Person_02241,23,Jaipur,Suspect
P02242,Person_02242,30,Pune,Suspect
P02243,Person_02243,46,Kolkata,Associate
P02244,Person_02244,60,Surat,Suspect
P02245,Person_02245,40,Pune,Suspect
P02246,Person_02246,29,Jaipur,Suspect
P02247,Person_02247,54,Indore,Suspect
P02248,Person_02248,61,Vadodara,Person of Interest
P02249,Person_02249,39,Hyderabad,Witness
P02250,Person_02250,59,Pune,Associate
P02251,Person_02251,64,Hyderabad,Associate
P02252,Person_02252,38,Pune,Associate
P02253,Person_02253,38,Hyderabad,Suspect
P02254,Person_02254,57,Rajkot,Associate
P02255,Person_02255,48,Bengaluru,Person of Interest
P02256,Person_02256,48,Kolkata,Associate
P02257,Person_02257,29,Bengaluru,Suspect
P02258,Person_02258,25,Pune,Suspect
P02259,Person_02259,51,Pune,Associate
P02260,Person_02260,44,Surat,Associate
P02261,Person_02261,29,Mumbai,Person of Interest
P02262,Person_02262,22,Mumbai,Associate
P02263,Person_02263,32,Vadodara,Suspect
P02264,Person_02264,42,Jaipur,Suspect
P02265,Person_02265,46,Vadodara,Associate
P02266,Person_02266,31,Hyderabad,Suspect
P02267,Person_02267,38,Kolkata,Suspect
P02268,Person_02268,30,Rajkot,Associate
P02269,Person_02269,24,Ahmedabad,Associate
P02270,Person_02270,48,Pune,Person of Interest
P02271,Person_02271,62,Bengaluru,Associate
P02272,Person_02272,25,Indore,Person of Interest
P02273,Person_02273,62,Ahmedabad,Witness
P02274,Person_02274,30,Rajkot,Person of Interest
P02275,Person_02275,59,Jaipur,Suspect
P02276,Person_02276,24,Rajkot,Person of Interest
P02277,Person_02277,32,Indore,Suspect
P02278,Person_02278,22,Surat,Suspect
P02279,Person_02279,40,Mumbai,Suspect
P02280,Person_02280,38,Rajkot,Suspect
P02281,Person_02281,28,Surat,Person of Interest
P02282,Person_02282,31,Delhi,Suspect
P02283,Person_02283,35,Pune,Suspect
P02284,Person_02284,42,Rajkot,Suspect
P02285,Person_02285,39,Hyderabad,Associate
P02286,Person_02286,37,Bengaluru,Person of Interest
P02287,Person_02287,25,Vadodara,Witness
P02288,Person_02288,32,Kolkata,Suspect
P02289,Person_02289,55,Ahmedabad,Witness
P02290,Person_02290,51,Jaipur,Suspect
P02291,Person_02291,54,Hyderabad,Suspect
P02292,Person_02292,35,Pune,Associate
P02293,Person_02293,34,Rajkot,Person of Interest
P02294,Person_02294,28,Hyderabad,Suspect
P02295,Person_02295,27,Bengaluru,Suspect
P02296,Person_02296,53,Vadodara,Suspect
P02297,Person_02297,55,Delhi,Suspect
P02298,Person_02298,22,Vadodara,Suspect
P02299,Person_02299,34,Jaipur,Associate
P02300,Person_02300,33,Hyderabad,Suspect
P02301,Person_02301,58,Hyderabad,Associate
P02302,Person_02302,39,Kolkata,Suspect
P02303,Person_02303,56,Rajkot,Suspect
P02304,Person_02304,40,Rajkot,Suspect
P02305,Person_02305,57,Jaipur,Suspect
P02306,Person_02306,53,Pune,Person of Interest
P02307,Person_02307,57,Pune,Suspect
P02308,Person_02308,41,Jaipur,Suspect
P02309,Person_02309,30,Bengaluru,Associate
P02310,Person_02310,25,Delhi,Associate
P02311,Person_02311,46,Hyderabad,Person of Interest
P02312,Person_02312,24,Delhi,Suspect
P02313,Person_02313,48,Ahmedabad,Associate
P02314,Person_02314,23,Delhi,Suspect
P02315,Person_02315,24,Delhi,Suspect
P02316,Person_02316,42,Vadodara,Suspect
P02317,Person_02317,38,Pune,Suspect
P02318,Person_02318,39,Indore,Suspect
P02319,Person_02319,56,Jaipur,Witness
P02320,Person_02320,57,Rajkot,Person of Interest
P02321,Person_02321,46,Rajkot,Suspect
P02322,Person_02322,50,Hyderabad,Suspect
P02323,Person_02323,58,Jaipur,Witness
P02324,Person_02324,56,Rajkot,Person of Interest
P02325,Person_02325,26,Pune,Associate
P02326,Person_02326,29,Indore,Suspect
P02327,Person_02327,38,Vadodara,Associate
P02328,Person_02328,51,Delhi,Suspect
P02329,Person_02329,52,Indore,Person of Interest
P02330,Person_02330,42,Surat,Associate
P02331,Person_02331,45,Mumbai,Suspect
P02332,Person_02332,32,Kolkata,Associate
P02333,Person_02333,31,Jaipur,Person of Interest
P02334,Person_02334,47,Jaipur,Person of Interest
P02335,Person_02335,54,Pune,Suspect
P02336,Person_02336,53,Ahmedabad,Suspect
P02337,Person_02337,33,Pune,Associate
P02338,Person_02338,59,Ahmedabad,Witness
P02339,Person_02339,58,Bengaluru,Witness
P02340,Person_02340,36,Kolkata,Associate
P02341,Person_02341,28,Mumbai,Associate
P02342,Person_02342,40,Bengaluru,Suspect
P02343,Person_02343,33,Pune,Person of Interest
P02344,Person_02344,53,Kolkata,Suspect
P02345,Person_02345,56,Rajkot,Person of Interest
P02346,Person_02346,28,Ahmedabad,Associate
P02347,Person_02347,33,Rajkot,Associate
P02348,Person_02348,60,Surat,Person of Interest
P02349,Person_02349,21,Ahmedabad,Suspect
P02350,Person_02350,35,Kolkata,Associate
P02351,Person_02351,61,Rajkot,Associate
P02352,Person_02352,28,Mumbai,Suspect
P02353,Person_02353,60,Hyderabad,Person of Interest
P02354,Person_02354,31,Pune,Associate
P02355,Person_02355,59,Delhi,Associate
P02356,Person_02356,26,Hyderabad,Suspect
P02357,Person_02357,30,Mumbai,Suspect
P02358,Person_02358,55,Pune,Suspect
P02359,Person_02359,23,Hyderabad,Associate
P02360,Person_02360,42,Kolkata,Person of Interest
P02361,Person_02361,48,Pune,Suspect
P02362,Person_02362,27,Ahmedabad,Associate
P02363,Person_02363,37,Surat,Person of Interest
P02364,Person_02364,38,Vadodara,Suspect
P02365,Person_02365,55,Mumbai,Person of Interest
P02366,Person_02366,23,Indore,Witness
P02367,Person_02367,52,Kolkata,Suspect
P02368,Person_02368,34,Delhi,Person of Interest
P02369,Person_02369,46,Vadodara,Suspect
P02370,Person_02370,44,Indore,Person of Interest
P02371,Person_02371,52,Bengaluru,Witness
P02372,Person_02372,42,Jaipur,Person of Interest
P02373,Person_02373,23,Hyderabad,Associate
P02374,Person_02374,39,Hyderabad,Person of Interest
P02375,Person_02375,41,Bengaluru,Suspect
P02376,Person_02376,28,Kolkata,Person of Interest
P02377,Person_02377,60,Mumbai,Suspect
P02378,Person_02378,41,Jaipur,Person of Interest
P02379,Person_02379,28,Bengaluru,Suspect
P02380,Person_02380,25,Vadodara,Associate
P02381,Person_02381,41,Surat,Person of Interest
P02382,Person_02382,23,Hyderabad,Associate
P02383,Person_02383,23,Surat,Associate
P02384,Person_02384,39,Pune,Suspect
P02385,Person_02385,58,Ahmedabad,Suspect
P02386,Person_02386,50,Indore,Person of Interest
P02387,Person_02387,49,Bengaluru,Witness
P02388,Person_02388,30,Surat,Associate
P02389,Person_02389,24,Pune,Associate
P02390,Person_02390,42,Delhi,Suspect
P02391,Person_02391,36,Delhi,Person of Interest
P02392,Person_02392,25,Indore,Suspect
P02393,Person_02393,42,Surat,Person of Interest
P02394,Person_02394,50,Jaipur,Suspect
P02395,Person_02395,30,Rajkot,Suspect
P02396,Person_02396,58,Kolkata,Associate
P02397,Person_02397,33,Pune,Suspect
P02398,Person_02398,62,Mumbai,Suspect
P02399,Person_02399,63,Bengaluru,Suspect
P02400,Person_02400,23,Pune,Suspect
P02401,Person_02401,61,Ahmedabad,Suspect
P02402,Person_02402,49,Jaipur,Person of Interest
P02403,Person_02403,40,Surat,Person of Interest
P02404,Person_02404,48,Ahmedabad,Person of Interest
P02405,Person_02405,51,Kolkata,Person of Interest
P02406,Person_02406,21,Jaipur,Associate
P02407,Person_02407,28,Hyderabad,Suspect
P02408,Person_02408,47,Rajkot,Suspect
P02409,Person_02409,48,Jaipur,Suspect
P02410,Person_02410,24,Kolkata,Person of Interest
P02411,Person_02411,63,Indore,Suspect
P02412,Person_02412,23,Jaipur,Associate
P02413,Person_02413,39,Vadodara,Suspect
P02414,Person_02414,51,Indore,Suspect
P02415,Person_02415,44,Pune,Suspect
P02416,Person_02416,64,Indore,Suspect
P02417,Person_02417,61,Bengaluru,Suspect
P02418,Person_02418,39,Mumbai,Suspect
P02419,Person_02419,22,Ahmedabad,Suspect
P02420,Person_02420,22,Delhi,Associate
P02421,Person_02421,45,Indore,Associate
P02422,Person_02422,56,Mumbai,Suspect
P02423,Person_02423,23,Rajkot,Suspect
P02424,Person_02424,54,Surat,Associate
P02425,Person_02425,23,Pune,Suspect
P02426,Person_02426,54,Surat,Associate
P02427,Person_02427,64,Surat,Suspect
P02428,Person_02428,63,Surat,Suspect
P02429,Person_02429,24,Kolkata,Associate
P02430,Person_02430,45,Ahmedabad,Suspect
P02431,Person_02431,64,Kolkata,Associate
P02432,Person_02432,27,Surat,Suspect
P02433,Person_02433,28,Surat,Associate
P02434,Person_02434,37,Rajkot,Associate
P02435,Person_02435,23,Mumbai,Suspect
P02436,Person_02436,47,Ahmedabad,Suspect
P02437,Person_02437,43,Delhi,Suspect
P02438,Person_02438,54,Pune,Suspect
P02439,Person_02439,58,Delhi,Suspect
P02440,Person_02440,42,Delhi,Suspect
P02441,Person_02441,35,Ahmedabad,Suspect
P02442,Person_02442,40,Bengaluru,Associate
P02443,Person_02443,25,Jaipur,Suspect
P02444,Person_02444,23,Jaipur,Associate
P02445,Person_02445,29,Ahmedabad,Suspect
P02446,Person_02446,38,Pune,Suspect
P02447,Person_02447,63,Vadodara,Person of Interest
P02448,Person_02448,25,Hyderabad,Associate
P02449,Person_02449,33,Pune,Suspect
P02450,Person_02450,38,Rajkot,Suspect
P02451,Person_02451,36,Kolkata,Person of Interest
P02452,Person_02452,61,Hyderabad,Person of Interest
P02453,Person_02453,34,Kolkata,Suspect
P02454,Person_02454,28,Rajkot,Person of Interest
P02455,Person_02455,23,Surat,Suspect
P02456,Person_02456,56,Indore,Suspect
P02457,Person_02457,27,Kolkata,Suspect
P02458,Person_02458,32,Delhi,Suspect
P02459,Person_02459,30,Ahmedabad,Person of Interest
P02460,Person_02460,30,Mumbai,Associate
P02461,Person_02461,23,Vadodara,Suspect
P02462,Person_02462,25,Ahmedabad,Person of Interest
P02463,Person_02463,50,Rajkot,Suspect
P02464,Person_02464,63,Vadodara,Person of Interest
P02465,Person_02465,50,Indore,Person of Interest
P02466,Person_02466,23,Rajkot,Suspect
P02467,Person_02467,41,Rajkot,Suspect
P02468,Person_02468,24,Jaipur,Person of Interest
P02469,Person_02469,21,Kolkata,Person of Interest
P02470,Person_02470,64,Jaipur,Suspect
P02471,Person_02471,21,Bengaluru,Person of Interest
P02472,Person_02472,27,Mumbai,Suspect
P02473,Person_02473,35,Mumbai,Person of Interest
P02474,Person_02474,21,Surat,Suspect
P02475,Person_02475,27,Bengaluru,Person of Interest
P02476,Person_02476,34,Vadodara,Suspect
P02477,Person_02477,52,Surat,Suspect
P02478,Person_02478,57,Jaipur,Witness
P02479,Person_02479,56,Pune,Suspect
P02480,Person_02480,24,Ahmedabad,Associate
P02481,Person_02481,29,Ahmedabad,Suspect
P02482,Person_02482,30,Vadodara,Suspect
P02483,Person_02483,26,Mumbai,Associate
P02484,Person_02484,40,Ahmedabad,Associate
P02485,Person_02485,45,Rajkot,Suspect
P02486,Person_02486,43,Delhi,Associate
P02487,Person_02487,47,Rajkot,Associate
P02488,Person_02488,25,Bengaluru,Person of Interest
P02489,Person_02489,54,Jaipur,Witness
P02490,Person_02490,35,Vadodara,Suspect
P02491,Person_02491,36,Ahmedabad,Associate
P02492,Person_02492,38,Jaipur,Witness
P02493,Person_02493,40,Indore,Suspect
P02494,Person_02494,37,Hyderabad,Person of Interest
P02495,Person_02495,36,Jaipur,Suspect
P02496,Person_02496,61,Bengaluru,Suspect
P02497,Person_02497,28,Mumbai,Suspect
P02498,Person_02498,24,Delhi,Suspect
P02499,Person_02499,22,Indore,Person of Interest
P02500,Person_02500,56,Delhi,Suspect
P02501,Person_02501,52,Mumbai,Suspect
P02502,Person_02502,33,Delhi,Suspect
P02503,Person_02503,54,Hyderabad,Suspect
P02504,Person_02504,51,Mumbai,Suspect
P02505,Person_02505,56,Mumbai,Person of Interest
P02506,Person_02506,54,Ahmedabad,Person of Interest
P02507,Person_02507,54,Mumbai,Suspect
P02508,Person_02508,38,Bengaluru,Suspect
P02509,Person_02509,42,Pune,Person of Interest
P02510,Person_02510,44,Ahmedabad,Suspect
P02511,Person_02511,41,Jaipur,Associate
P02512,Person_02512,34,Vadodara,Suspect
P02513,Person_02513,34,Jaipur,Person of Interest
P02514,Person_02514,34,Surat,Suspect
P02515,Person_02515,26,Hyderabad,Suspect
P02516,Person_02516,28,Surat,Associate
P02517,Person_02517,63,Vadodara,Suspect
P02518,Person_02518,59,Surat,Witness
P02519,Person_02519,48,Delhi,Person of Interest
P02520,Person_02520,55,Vadodara,Suspect
P02521,Person_02521,36,Delhi,Person of Interest
P02522,Person_02522,37,Rajkot,Person of Interest
P02523,Person_02523,48,Ahmedabad,Person of Interest
P02524,Person_02524,64,Surat,Associate
P02525,Person_02525,42,Jaipur,Person of Interest
P02526,Person_02526,32,Indore,Associate
P02527,Person_02527,36,Surat,Suspect
P02528,Person_02528,46,Indore,Person of Interest
P02529,Person_02529,41,Jaipur,Suspect
P02530,Person_02530,51,Delhi,Suspect
P02531,Person_02531,63,Kolkata,Suspect
P02532,Person_02532,51,Delhi,Suspect
P02533,Person_02533,56,Ahmedabad,Associate
P02534,Person_02534,45,Rajkot,Associate
P02535,Person_02535,58,Vadodara,Associate
P02536,Person_02536,48,Hyderabad,Suspect
P02537,Person_02537,39,Vadodara,Associate
P02538,Person_02538,55,Pune,Suspect
P02539,Person_02539,34,Jaipur,Person of Interest
P02540,Person_02540,29,Hyderabad,Associate
P02541,Person_02541,56,Indore,Suspect
P02542,Person_02542,38,Hyderabad,Associate
P02543,Person_02543,45,Ahmedabad,Suspect
P02544,Person_02544,25,Rajkot,Witness
P02545,Person_02545,23,Rajkot,Person of Interest
P02546,Person_02546,52,Indore,Suspect
P02547,Person_02547,46,Indore,Suspect
P02548,Person_02548,25,Delhi,Suspect
P02549,Person_02549,62,Jaipur,Suspect
P02550,Person_02550,36,Hyderabad,Suspect
P02551,Person_02551,38,Pune,Person of Interest
P02552,Person_02552,54,Rajkot,Suspect
P02553,Person_02553,36,Ahmedabad,Associate
P02554,Person_02554,34,Rajkot,Person of Interest
P02555,Person_02555,43,Kolkata,Suspect
P02556,Person_02556,28,Delhi,Suspect
P02557,Person_02557,28,Ahmedabad,Person of Interest
P02558,Person_02558,24,Surat,Associate
P02559,Person_02559,21,Rajkot,Suspect
P02560,Person_02560,50,Ahmedabad,Person of Interest
P02561,Person_02561,45,Surat,Witness
P02562,Person_02562,45,Indore,Person of Interest
P02563,Person_02563,38,Mumbai,Suspect
P02564,Person_02564,58,Kolkata,Person of Interest
P02565,Person_02565,31,Pune,Suspect
P02566,Person_02566,55,Hyderabad,Person of Interest
P02567,Person_02567,48,Kolkata,Suspect
P02568,Person_02568,33,Rajkot,Associate
P02569,Person_02569,22,Bengaluru,Suspect
P02570,Person_02570,44,Indore,Suspect
P02571,Person_02571,43,Jaipur,Person of Interest
P02572,Person_02572,21,Surat,Suspect
P02573,Person_02573,55,Jaipur,Suspect
P02574,Person_02574,52,Mumbai,Suspect
P02575,Person_02575,46,Delhi,Person of Interest
P02576,Person_02576,23,Ahmedabad,Suspect
P02577,Person_02577,61,Rajkot,Suspect
P02578,Person_02578,58,Indore,Suspect
P02579,Person_02579,47,Hyderabad,Associate
P02580,Person_02580,49,Jaipur,Suspect
P02581,Person_02581,57,Delhi,Suspect
P02582,Person_02582,27,Ahmedabad,Suspect
P02583,Person_02583,45,Vadodara,Person of Interest
P02584,Person_02584,23,Delhi,Associate
P02585,Person_02585,41,Indore,Person of Interest
P02586,Person_02586,46,Rajkot,Person of Interest
P02587,Person_02587,27,Indore,Witness
P02588,Person_02588,33,Mumbai,Suspect
P02589,Person_02589,44,Kolkata,Suspect
P02590,Person_02590,34,Surat,Suspect
P02591,Person_02591,30,Bengaluru,Suspect
P02592,Person_02592,53,Surat,Suspect
P02593,Person_02593,21,Bengaluru,Associate
P02594,Person_02594,36,Vadodara,Suspect
P02595,Person_02595,47,Rajkot,Suspect
P02596,Person_02596,32,Rajkot,Suspect
P02597,Person_02597,26,Mumbai,Person of Interest
P02598,Person_02598,22,Bengaluru,Suspect
P02599,Person_02599,56,Ahmedabad,Suspect
P02600,Person_02600,42,Pune,Person of Interest
P02601,Person_02601,64,Pune,Suspect
P02602,Person_02602,24,Delhi,Suspect
P02603,Person_02603,49,Indore,Person of Interest
P02604,Person_02604,25,Pune,Suspect
P02605,Person_02605,23,Hyderabad,Person of Interest
P02606,Person_02606,58,Surat,Associate
P02607,Person_02607,39,Surat,Associate
P02608,Person_02608,42,Ahmedabad,Suspect
P02609,Person_02609,56,Bengaluru,Suspect
P02610,Person_02610,22,Kolkata,Suspect
P02611,Person_02611,50,Hyderabad,Person of Interest
P02612,Person_02612,59,Bengaluru,Associate
P02613,Person_02613,22,Surat,Suspect
P02614,Person_02614,63,Delhi,Associate
P02615,Person_02615,37,Surat,Associate
P02616,Person_02616,57,Surat,Person of Interest
P02617,Person_02617,41,Ahmedabad,Person of Interest
P02618,Person_02618,53,Rajkot,Person of Interest
P02619,Person_02619,37,Surat,Suspect
P02620,Person_02620,34,Bengaluru,Person of Interest
P02621,Person_02621,25,Surat,Suspect
P02622,Person_02622,57,Jaipur,Person of Interest
P02623,Person_02623,27,Rajkot,Person of Interest
P02624,Person_02624,43,Jaipur,Associate
P02625,Person_02625,38,Surat,Suspect
P02626,Person_02626,49,Ahmedabad,Person of Interest
P02627,Person_02627,38,Rajkot,Suspect
P02628,Person_02628,51,Mumbai,Person of Interest
P02629,Person_02629,47,Rajkot,Suspect
P02630,Person_02630,33,Hyderabad,Person of Interest
P02631,Person_02631,54,Hyderabad,Associate
P02632,Person_02632,22,Hyderabad,Associate
P02633,Person_02633,53,Hyderabad,Person of Interest
P02634,Person_02634,42,Jaipur,Suspect
P02635,Person_02635,28,Delhi,Person of Interest
P02636,Person_02636,41,Rajkot,Suspect
P02637,Person_02637,42,Pune,Suspect
P02638,Person_02638,53,Vadodara,Person of Interest
P02639,Person_02639,32,Hyderabad,Associate
P02640,Person_02640,40,Ahmedabad,Suspect
P02641,Person_02641,33,Ahmedabad,Associate
P02642,Person_02642,56,Ahmedabad,Person of Interest
P02643,Person_02643,54,Kolkata,Suspect
P02644,Person_02644,43,Hyderabad,Witness
P02645,Person_02645,21,Delhi,Suspect
P02646,Person_02646,35,Mumbai,Person of Interest
P02647,Person_02647,61,Surat,Person of Interest
P02648,Person_02648,57,Mumbai,Suspect
P02649,Person_02649,63,Delhi,Person of Interest
P02650,Person_02650,32,Bengaluru,Associate
P02651,Person_02651,63,Vadodara,Person of Interest
P02652,Person_02652,38,Hyderabad,Associate
P02653,Person_02653,50,Pune,Person of Interest
P02654,Person_02654,60,Delhi,Associate
P02655,Person_02655,48,Jaipur,Associate
P02656,Person_02656,39,Delhi,Associate
P02657,Person_02657,37,Surat,Suspect
P02658,Person_02658,45,Indore,Person of Interest
P02659,Person_02659,46,Mumbai,Person of Interest
P02660,Person_02660,40,Kolkata,Suspect
P02661,Person_02661,54,Hyderabad,Person of Interest
P02662,Person_02662,28,Hyderabad,Suspect
P02663,Person_02663,32,Rajkot,Suspect
P02664,Person_02664,49,Pune,Person of Interest
P02665,Person_02665,21,Pune,Associate
P02666,Person_02666,48,Jaipur,Person of Interest
P02667,Person_02667,29,Indore,Suspect
P02668,Person_02668,37,Pune,Suspect
P02669,Person_02669,52,Bengaluru,Person of Interest
P02670,Person_02670,64,Delhi,Suspect
P02671,Person_02671,39,Ahmedabad,Suspect
P02672,Person_02672,26,Surat,Suspect
P02673,Person_02673,25,Delhi,Associate
P02674,Person_02674,21,Jaipur,Person of Interest
P02675,Person_02675,30,Indore,Suspect
P02676,Person_02676,57,Mumbai,Suspect
P02677,Person_02677,32,Indore,Associate
P02678,Person_02678,22,Indore,Suspect
P02679,Person_02679,55,Hyderabad,Person of Interest
P02680,Person_02680,24,Vadodara,Person of Interest
P02681,Person_02681,38,Hyderabad,Suspect
P02682,Person_02682,30,Mumbai,Associate
P02683,Person_02683,54,Ahmedabad,Suspect
P02684,Person_02684,35,Bengaluru,Witness
P02685,Person_02685,28,Mumbai,Person of Interest
P02686,Person_02686,28,Bengaluru,Person of Interest
P02687,Person_02687,50,Jaipur,Person of Interest
P02688,Person_02688,33,Pune,Associate
P02689,Person_02689,50,Kolkata,Associate
P02690,Person_02690,46,Surat,Associate
P02691,Person_02691,40,Ahmedabad,Witness
P02692,Person_02692,29,Kolkata,Suspect
P02693,Person_02693,53,Pune,Associate
P02694,Person_02694,41,Surat,Associate
P02695,Person_02695,35,Surat,Suspect
P02696,Person_02696,45,Bengaluru,Suspect
P02697,Person_02697,28,Vadodara,Associate
P02698,Person_02698,45,Delhi,Associate
P02699,Person_02699,62,Pune,Witness
P02700,Person_02700,39,Pune,Suspect
P02701,Person_02701,48,Hyderabad,Person of Interest
P02702,Person_02702,56,Mumbai,Associate
P02703,Person_02703,62,Mumbai,Suspect
P02704,Person_02704,38,Kolkata,Suspect
P02705,Person_02705,60,Surat,Suspect
P02706,Person_02706,42,Mumbai,Suspect
P02707,Person_02707,41,Pune,Associate
P02708,Person_02708,29,Ahmedabad,Suspect
P02709,Person_02709,28,Surat,Person of Interest
P02710,Person_02710,52,Surat,Witness
P02711,Person_02711,32,Hyderabad,Associate
P02712,Person_02712,53,Hyderabad,Associate
P02713,Person_02713,55,Surat,Suspect
P02714,Person_02714,40,Surat,Associate
P02715,Person_02715,27,Jaipur,Person of Interest
P02716,Person_02716,61,Jaipur,Associate
P02717,Person_02717,62,Indore,Suspect
P02718,Person_02718,63,Rajkot,Associate
P02719,Person_02719,24,Pune,Associate
P02720,Person_02720,60,Hyderabad,Suspect
P02721,Person_02721,44,Delhi,Associate
P02722,Person_02722,22,Surat,Suspect
P02723,Person_02723,63,Rajkot,Suspect
P02724,Person_02724,58,Kolkata,Person of Interest
P02725,Person_02725,21,Bengaluru,Person of Interest
P02726,Person_02726,33,Surat,Suspect
P02727,Person_02727,51,Jaipur,Associate
P02728,Person_02728,55,Jaipur,Person of Interest
P02729,Person_02729,35,Delhi,Suspect
P02730,Person_02730,29,Surat,Suspect
P02731,Person_02731,44,Vadodara,Suspect
P02732,Person_02732,56,Rajkot,Associate
P02733,Person_02733,48,Pune,Associate
P02734,Person_02734,36,Surat,Suspect
P02735,Person_02735,43,Surat,Associate
P02736,Person_02736,50,Jaipur,Suspect
P02737,Person_02737,63,Hyderabad,Person of Interest
P02738,Person_02738,32,Hyderabad,Person of Interest
P02739,Person_02739,62,Delhi,Associate
P02740,Person_02740,49,Vadodara,Associate
P02741,Person_02741,59,Delhi,Person of Interest
P02742,Person_02742,40,Surat,Associate
P02743,Person_02743,64,Vadodara,Associate
P02744,Person_02744,32,Ahmedabad,Associate
P02745,Person_02745,61,Bengaluru,Person of Interest
P02746,Person_02746,41,Mumbai,Person of Interest
P02747,Person_02747,57,Ahmedabad,Suspect
P02748,Person_02748,64,Ahmedabad,Suspect
P02749,Person_02749,45,Mumbai,Witness
P02750,Person_02750,42,Delhi,Suspect
P02751,Person_02751,41,Kolkata,Witness
P02752,Person_02752,25,Ahmedabad,Person of Interest
P02753,Person_02753,64,Indore,Associate
P02754,Person_02754,34,Pune,Associate
P02755,Person_02755,40,Delhi,Suspect
P02756,Person_02756,33,Rajkot,Associate
P02757,Person_02757,46,Kolkata,Person of Interest
P02758,Person_02758,50,Rajkot,Suspect
P02759,Person_02759,31,Kolkata,Associate
P02760,Person_02760,33,Mumbai,Suspect
P02761,Person_02761,26,Rajkot,Person of Interest
P02762,Person_02762,43,Pune,Person of Interest
P02763,Person_02763,61,Mumbai,Associate
P02764,Person_02764,46,Mumbai,Suspect
P02765,Person_02765,54,Indore,Suspect
P02766,Person_02766,53,Vadodara,Associate
P02767,Person_02767,31,Delhi,Suspect
P02768,Person_02768,54,Vadodara,Suspect
P02769,Person_02769,27,Jaipur,Suspect
P02770,Person_02770,45,Delhi,Associate
P02771,Person_02771,62,Ahmedabad,Associate
P02772,Person_02772,34,Ahmedabad,Suspect
P02773,Person_02773,57,Kolkata,Associate
P02774,Person_02774,37,Kolkata,Person of Interest
P02775,Person_02775,42,Delhi,Person of Interest
P02776,Person_02776,34,Rajkot,Associate
P02777,Person_02777,47,Kolkata,Associate
P02778,Person_02778,56,Surat,Person of Interest
P02779,Person_02779,59,Hyderabad,Person of Interest
P02780,Person_02780,44,Ahmedabad,Associate
P02781,Person_02781,61,Surat,Associate
P02782,Person_02782,63,Mumbai,Associate
P02783,Person_02783,50,Rajkot,Suspect
P02784,Person_02784,34,Hyderabad,Associate
P02785,Person_02785,32,Pune,Suspect
P02786,Person_02786,64,Pune,Associate
P02787,Person_02787,48,Ahmedabad,Suspect
P02788,Person_02788,61,Rajkot,Associate
P02789,Person_02789,25,Kolkata,Suspect
P02790,Person_02790,28,Jaipur,Suspect
P02791,Person_02791,30,Surat,Person of Interest
P02792,Person_02792,56,Mumbai,Associate
P02793,Person_02793,49,Bengaluru,Suspect
P02794,Person_02794,32,Rajkot,Suspect
P02795,Person_02795,23,Kolkata,Person of Interest
P02796,Person_02796,25,Surat,Suspect
P02797,Person_02797,43,Jaipur,Associate
P02798,Person_02798,28,Ahmedabad,Suspect
P02799,Person_02799,21,Mumbai,Suspect
P02800,Person_02800,32,Bengaluru,Person of Interest
P02801,Person_02801,55,Ahmedabad,Person of Interest
P02802,Person_02802,47,Ahmedabad,Suspect
P02803,Person_02803,45,Surat,Person of Interest
P02804,Person_02804,27,Bengaluru,Witness
P02805,Person_02805,59,Mumbai,Associate
P02806,Person_02806,37,Ahmedabad,Associate
P02807,Person_02807,22,Bengaluru,Associate
P02808,Person_02808,64,Kolkata,Suspect
P02809,Person_02809,34,Kolkata,Suspect
P02810,Person_02810,31,Kolkata,Suspect
P02811,Person_02811,55,Vadodara,Associate
P02812,Person_02812,22,Rajkot,Person of Interest
P02813,Person_02813,54,Surat,Associate
P02814,Person_02814,22,Kolkata,Person of Interest
P02815,Person_02815,21,Vadodara,Suspect
P02816,Person_02816,38,Pune,Suspect
P02817,Person_02817,53,Surat,Suspect
P02818,Person_02818,25,Pune,Witness
P02819,Person_02819,25,Delhi,Person of Interest
P02820,Person_02820,38,Indore,Person of Interest
P02821,Person_02821,49,Hyderabad,Suspect
P02822,Person_02822,43,Indore,Suspect
P02823,Person_02823,33,Pune,Associate
P02824,Person_02824,60,Rajkot,Person of Interest
P02825,Person_02825,31,Delhi,Associate
P02826,Person_02826,23,Mumbai,Suspect
P02827,Person_02827,64,Kolkata,Person of Interest
P02828,Person_02828,59,Pune,Suspect
P02829,Person_02829,33,Rajkot,Suspect
P02830,Person_02830,40,Hyderabad,Suspect
P02831,Person_02831,42,Delhi,Suspect
P02832,Person_02832,54,Kolkata,Associate
P02833,Person_02833,39,Bengaluru,Suspect
P02834,Person_02834,41,Kolkata,Suspect
P02835,Person_02835,29,Mumbai,Suspect
P02836,Person_02836,50,Bengaluru,Person of Interest
P02837,Person_02837,28,Surat,Person of Interest
P02838,Person_02838,41,Vadodara,Suspect
P02839,Person_02839,32,Hyderabad,Person of Interest
P02840,Person_02840,55,Hyderabad,Person of Interest
P02841,Person_02841,21,Bengaluru,Person of Interest
P02842,Person_02842,56,Hyderabad,Suspect
P02843,Person_02843,43,Surat,Person of Interest
P02844,Person_02844,21,Mumbai,Associate
P02845,Person_02845,57,Bengaluru,Associate
P02846,Person_02846,40,Delhi,Associate
P02847,Person_02847,55,Pune,Suspect
P02848,Person_02848,54,Vadodara,Suspect
P02849,Person_02849,22,Hyderabad,Person of Interest
P02850,Person_02850,34,Vadodara,Witness
P02851,Person_02851,30,Pune,Suspect
P02852,Person_02852,56,Indore,Suspect
P02853,Person_02853,56,Delhi,Suspect
P02854,Person_02854,59,Vadodara,Suspect
P02855,Person_02855,64,Ahmedabad,Associate
P02856,Person_02856,43,Rajkot,Suspect
P02857,Person_02857,47,Rajkot,Suspect
P02858,Person_02858,54,Surat,Associate
P02859,Person_02859,49,Rajkot,Associate
P02860,Person_02860,59,Mumbai,Person of Interest
P02861,Person_02861,57,Indore,Suspect
P02862,Person_02862,59,Ahmedabad,Suspect
P02863,Person_02863,40,Ahmedabad,Person of Interest
P02864,Person_02864,26,Bengaluru,Suspect
P02865,Person_02865,59,Delhi,Associate
P02866,Person_02866,29,Ahmedabad,Person of Interest
P02867,Person_02867,43,Ahmedabad,Associate
P02868,Person_02868,52,Mumbai,Associate
P02869,Person_02869,38,Indore,Associate
P02870,Person_02870,63,Jaipur,Suspect
P02871,Person_02871,54,Delhi,Associate
P02872,Person_02872,28,Vadodara,Person of Interest
P02873,Person_02873,53,Hyderabad,Associate
P02874,Person_02874,29,Delhi,Suspect
P02875,Person_02875,61,Indore,Suspect
P02876,Person_02876,38,Rajkot,Suspect
P02877,Person_02877,31,Kolkata,Suspect
P02878,Person_02878,47,Ahmedabad,Person of Interest
P02879,Person_02879,30,Mumbai,Suspect
P02880,Person_02880,21,Delhi,Associate
P02881,Person_02881,59,Ahmedabad,Suspect
P02882,Person_02882,52,Hyderabad,Associate
P02883,Person_02883,36,Hyderabad,Suspect
P02884,Person_02884,22,Pune,Person of Interest
P02885,Person_02885,64,Hyderabad,Person of Interest
P02886,Person_02886,64,Vadodara,Witness
P02887,Person_02887,54,Indore,Person of Interest
P02888,Person_02888,34,Indore,Suspect
P02889,Person_02889,26,Pune,Person of Interest
P02890,Person_02890,27,Kolkata,Witness
P02891,Person_02891,63,Jaipur,Suspect
P02892,Person_02892,56,Delhi,Person of Interest
P02893,Person_02893,33,Ahmedabad,Associate
P02894,Person_02894,41,Indore,Person of Interest
P02895,Person_02895,43,Kolkata,Suspect
P02896,Person_02896,58,Kolkata,Suspect
P02897,Person_02897,23,Indore,Suspect
P02898,Person_02898,60,Kolkata,Suspect
P02899,Person_02899,35,Bengaluru,Suspect
P02900,Person_02900,38,Kolkata,Witness
P02901,Person_02901,50,Ahmedabad,Suspect
P02902,Person_02902,43,Indore,Associate
P02903,Person_02903,42,Mumbai,Witness
P02904,Person_02904,58,Rajkot,Witness
P02905,Person_02905,29,Bengaluru,Person of Interest
P02906,Person_02906,41,Rajkot,Suspect
P02907,Person_02907,28,Hyderabad,Person of Interest
P02908,Person_02908,40,Indore,Suspect
P02909,Person_02909,26,Mumbai,Witness
P02910,Person_02910,24,Kolkata,Person of Interest
P02911,Person_02911,22,Ahmedabad,Associate
P02912,Person_02912,64,Mumbai,Person of Interest
P02913,Person_02913,24,Vadodara,Suspect
P02914,Person_02914,47,Surat,Associate
P02915,Person_02915,60,Rajkot,Witness
P02916,Person_02916,48,Hyderabad,Suspect
P02917,Person_02917,64,Vadodara,Person of Interest
P02918,Person_02918,62,Surat,Witness
P02919,Person_02919,36,Ahmedabad,Person of Interest
P02920,Person_02920,31,Delhi,Person of Interest
P02921,Person_02921,21,Indore,Suspect
P02922,Person_02922,26,Delhi,Suspect
P02923,Person_02923,41,Jaipur,Suspect
P02924,Person_02924,52,Delhi,Person of Interest
P02925,Person_02925,53,Mumbai,Witness
P02926,Person_02926,53,Pune,Suspect
P02927,Person_02927,25,Vadodara,Suspect
P02928,Person_02928,40,Hyderabad,Suspect
P02929,Person_02929,43,Jaipur,Associate
P02930,Person_02930,27,Kolkata,Suspect
P02931,Person_02931,49,Vadodara,Associate
P02932,Person_02932,29,Pune,Suspect
P02933,Person_02933,38,Bengaluru,Suspect
P02934,Person_02934,36,Delhi,Suspect
P02935,Person_02935,31,Rajkot,Suspect
P02936,Person_02936,52,Vadodara,Person of Interest
P02937,Person_02937,50,Delhi,Associate
P02938,Person_02938,49,Kolkata,Suspect
P02939,Person_02939,28,Surat,Associate
P02940,Person_02940,51,Indore,Person of Interest
P02941,Person_02941,51,Hyderabad,Suspect
P02942,Person_02942,60,Rajkot,Suspect
P02943,Person_02943,37,Mumbai,Person of Interest
P02944,Person_02944,30,Hyderabad,Associate
P02945,Person_02945,59,Jaipur,Suspect
P02946,Person_02946,28,Rajkot,Associate
P02947,Person_02947,28,Surat,Person of Interest
P02948,Person_02948,41,Vadodara,Associate
P02949,Person_02949,34,Delhi,Person of Interest
P02950,Person_02950,58,Jaipur,Associate
P02951,Person_02951,38,Vadodara,Suspect
P02952,Person_02952,28,Kolkata,Person of Interest
P02953,Person_02953,26,Indore,Suspect
P02954,Person_02954,52,Ahmedabad,Suspect
P02955,Person_02955,53,Vadodara,Associate
P02956,Person_02956,49,Ahmedabad,Suspect
P02957,Person_02957,37,Rajkot,Suspect
P02958,Person_02958,34,Rajkot,Associate
P02959,Person_02959,38,Mumbai,Associate
P02960,Person_02960,46,Vadodara,Suspect
P02961,Person_02961,49,Kolkata,Suspect
P02962,Person_02962,23,Ahmedabad,Suspect
P02963,Person_02963,40,Kolkata,Suspect
P02964,Person_02964,41,Delhi,Suspect
P02965,Person_02965,62,Rajkot,Suspect
P02966,Person_02966,43,Vadodara,Person of Interest
P02967,Person_02967,34,Indore,Associate
P02968,Person_02968,37,Indore,Associate
P02969,Person_02969,61,Kolkata,Suspect
P02970,Person_02970,41,Jaipur,Suspect
P02971,Person_02971,34,Indore,Person of Interest
P02972,Person_02972,64,Kolkata,Suspect
P02973,Person_02973,40,Vadodara,Witness
P02974,Person_02974,63,Ahmedabad,Person of Interest
P02975,Person_02975,28,Ahmedabad,Associate
P02976,Person_02976,55,Delhi,Person of Interest
P02977,Person_02977,32,Rajkot,Associate
P02978,Person_02978,44,Surat,Associate
P02979,Person_02979,36,Jaipur,Suspect
P02980,Person_02980,21,Pune,Suspect
P02981,Person_02981,28,Ahmedabad,Associate
P02982,Person_02982,61,Surat,Person of Interest
P02983,Person_02983,56,Vadodara,Suspect
P02984,Person_02984,36,Hyderabad,Person of Interest
P02985,Person_02985,48,Surat,Person of Interest
P02986,Person_02986,35,Rajkot,Suspect
P02987,Person_02987,60,Hyderabad,Associate
P02988,Person_02988,41,Indore,Suspect
P02989,Person_02989,28,Kolkata,Suspect
P02990,Person_02990,46,Bengaluru,Suspect
P02991,Person_02991,41,Bengaluru,Person of Interest
P02992,Person_02992,53,Pune,Witness
P02993,Person_02993,53,Vadodara,Suspect
P02994,Person_02994,34,Bengaluru,Associate
P02995,Person_02995,61,Mumbai,Person of Interest
P02996,Person_02996,27,Mumbai,Person of Interest
P02997,Person_02997,32,Kolkata,Person of Interest
P02998,Person_02998,35,Rajkot,Suspect
P02999,Person_02999,50,Jaipur,Suspect
P03000,Person_03000,33,Rajkot,Person of Interest
P03001,Person_03001,61,Ahmedabad,Associate
P03002,Person_03002,57,Indore,Person of Interest
P03003,Person_03003,49,Bengaluru,Person of Interest
P03004,Person_03004,43,Pune,Person of Interest
P03005,Person_03005,63,Pune,Associate
P03006,Person_03006,26,Pune,Suspect
P03007,Person_03007,26,Ahmedabad,Associate
P03008,Person_03008,56,Kolkata,Suspect
P03009,Person_03009,23,Jaipur,Person of Interest
P03010,Person_03010,33,Bengaluru,Associate
P03011,Person_03011,53,Bengaluru,Person of Interest
P03012,Person_03012,41,Rajkot,Person of Interest
P03013,Person_03013,46,Indore,Suspect
P03014,Person_03014,43,Jaipur,Associate
P03015,Person_03015,60,Rajkot,Suspect
P03016,Person_03016,40,Jaipur,Suspect
P03017,Person_03017,35,Kolkata,Associate
P03018,Person_03018,34,Hyderabad,Suspect
P03019,Person_03019,53,Bengaluru,Associate
P03020,Person_03020,54,Indore,Suspect
P03021,Person_03021,28,Hyderabad,Suspect
P03022,Person_03022,33,Kolkata,Associate
P03023,Person_03023,53,Hyderabad,Person of Interest
P03024,Person_03024,51,Mumbai,Suspect
P03025,Person_03025,51,Rajkot,Person of Interest
P03026,Person_03026,22,Pune,Suspect
P03027,Person_03027,31,Delhi,Suspect
P03028,Person_03028,51,Kolkata,Associate
P03029,Person_03029,45,Hyderabad,Associate
P03030,Person_03030,39,Ahmedabad,Person of Interest
P03031,Person_03031,36,Surat,Associate
P03032,Person_03032,21,Rajkot,Associate
P03033,Person_03033,34,Hyderabad,Associate
P03034,Person_03034,57,Surat,Suspect
P03035,Person_03035,59,Surat,Person of Interest
P03036,Person_03036,50,Bengaluru,Suspect
P03037,Person_03037,39,Hyderabad,Suspect
P03038,Person_03038,31,Mumbai,Person of Interest
P03039,Person_03039,34,Vadodara,Person of Interest
P03040,Person_03040,33,Bengaluru,Person of Interest
P03041,Person_03041,44,Surat,Person of Interest
P03042,Person_03042,44,Surat,Suspect
P03043,Person_03043,62,Surat,Person of Interest
P03044,Person_03044,38,Mumbai,Associate
P03045,Person_03045,58,Hyderabad,Suspect
P03046,Person_03046,42,Jaipur,Associate
P03047,Person_03047,33,Mumbai,Suspect
P03048,Person_03048,54,Indore,Person of Interest
P03049,Person_03049,37,Pune,Associate
P03050,Person_03050,33,Vadodara,Suspect
P03051,Person_03051,58,Bengaluru,Associate
P03052,Person_03052,32,Hyderabad,Person of Interest
P03053,Person_03053,53,Rajkot,Suspect
P03054,Person_03054,51,Surat,Suspect
P03055,Person_03055,61,Mumbai,Suspect
P03056,Person_03056,46,Hyderabad,Person of Interest
P03057,Person_03057,32,Surat,Associate
P03058,Person_03058,26,Indore,Associate
P03059,Person_03059,41,Vadodara,Suspect
P03060,Person_03060,35,Rajkot,Person of Interest
P03061,Person_03061,40,Rajkot,Witness
P03062,Person_03062,23,Indore,Suspect
P03063,Person_03063,48,Bengaluru,Suspect
P03064,Person_03064,29,Pune,Witness
P03065,Person_03065,27,Rajkot,Person of Interest
P03066,Person_03066,41,Delhi,Person of Interest
P03067,Person_03067,35,Rajkot,Associate
P03068,Person_03068,48,Pune,Suspect
P03069,Person_03069,63,Surat,Associate
P03070,Person_03070,60,Rajkot,Associate
P03071,Person_03071,57,Mumbai,Associate
P03072,Person_03072,62,Delhi,Suspect
P03073,Person_03073,38,Bengaluru,Suspect
P03074,Person_03074,25,Ahmedabad,Suspect
P03075,Person_03075,37,Bengaluru,Person of Interest
P03076,Person_03076,33,Pune,Associate
P03077,Person_03077,47,Rajkot,Person of Interest
P03078,Person_03078,51,Pune,Suspect
P03079,Person_03079,58,Jaipur,Suspect
P03080,Person_03080,37,Ahmedabad,Person of Interest
P03081,Person_03081,55,Ahmedabad,Associate
P03082,Person_03082,30,Ahmedabad,Associate
P03083,Person_03083,51,Delhi,Associate
P03084,Person_03084,64,Pune,Associate
P03085,Person_03085,56,Ahmedabad,Person of Interest
P03086,Person_03086,63,Bengaluru,Person of Interest
P03087,Person_03087,37,Pune,Suspect
P03088,Person_03088,45,Rajkot,Person of Interest
P03089,Person_03089,31,Bengaluru,Suspect
P03090,Person_03090,25,Delhi,Person of Interest
P03091,Person_03091,64,Pune,Suspect
P03092,Person_03092,61,Hyderabad,Associate
P03093,Person_03093,60,Indore,Person of Interest
P03094,Person_03094,41,Hyderabad,Person of Interest
P03095,Person_03095,59,Delhi,Witness
P03096,Person_03096,63,Ahmedabad,Suspect
P03097,Person_03097,35,Rajkot,Suspect
P03098,Person_03098,39,Rajkot,Suspect
P03099,Person_03099,34,Delhi,Associate
P03100,Person_03100,22,Bengaluru,Person of Interest
P03101,Person_03101,34,Rajkot,Suspect
P03102,Person_03102,54,Vadodara,Suspect
P03103,Person_03103,61,Pune,Associate
P03104,Person_03104,35,Ahmedabad,Person of Interest
P03105,Person_03105,40,Kolkata,Suspect
P03106,Person_03106,35,Vadodara,Associate
P03107,Person_03107,23,Rajkot,Suspect
P03108,Person_03108,26,Kolkata,Associate
P03109,Person_03109,33,Indore,Suspect
P03110,Person_03110,52,Delhi,Suspect
P03111,Person_03111,42,Pune,Suspect
P03112,Person_03112,30,Surat,Suspect
P03113,Person_03113,25,Vadodara,Associate
P03114,Person_03114,42,Hyderabad,Suspect
P03115,Person_03115,28,Indore,Suspect
P03116,Person_03116,27,Bengaluru,Suspect
P03117,Person_03117,63,Delhi,Suspect
P03118,Person_03118,29,Ahmedabad,Suspect
P03119,Person_03119,58,Jaipur,Witness
P03120,Person_03120,26,Pune,Associate
P03121,Person_03121,43,Delhi,Associate
P03122,Person_03122,41,Mumbai,Associate
P03123,Person_03123,64,Bengaluru,Suspect
P03124,Person_03124,38,Delhi,Suspect
P03125,Person_03125,24,Vadodara,Person of Interest
P03126,Person_03126,32,Ahmedabad,Suspect
P03127,Person_03127,50,Ahmedabad,Person of Interest
P03128,Person_03128,41,Mumbai,Person of Interest
P03129,Person_03129,44,Pune,Suspect
P03130,Person_03130,61,Delhi,Suspect
P03131,Person_03131,27,Rajkot,Suspect
P03132,Person_03132,35,Surat,Suspect
P03133,Person_03133,35,Hyderabad,Suspect
P03134,Person_03134,27,Surat,Suspect
P03135,Person_03135,24,Indore,Associate
P03136,Person_03136,43,Surat,Person of Interest
P03137,Person_03137,54,Indore,Suspect
P03138,Person_03138,61,Mumbai,Associate
P03139,Person_03139,42,Jaipur,Suspect
P03140,Person_03140,41,Pune,Suspect
P03141,Person_03141,36,Kolkata,Suspect
P03142,Person_03142,52,Bengaluru,Suspect
P03143,Person_03143,27,Jaipur,Person of Interest
P03144,Person_03144,41,Bengaluru,Suspect
P03145,Person_03145,44,Kolkata,Suspect
P03146,Person_03146,39,Mumbai,Person of Interest
P03147,Person_03147,60,Vadodara,Suspect
P03148,Person_03148,47,Mumbai,Suspect
P03149,Person_03149,50,Indore,Associate
P03150,Person_03150,34,Rajkot,Suspect
P03151,Person_03151,30,Mumbai,Person of Interest
P03152,Person_03152,25,Jaipur,Person of Interest
P03153,Person_03153,55,Ahmedabad,Suspect
P03154,Person_03154,46,Surat,Associate
P03155,Person_03155,30,Rajkot,Witness
P03156,Person_03156,60,Kolkata,Suspect
P03157,Person_03157,39,Hyderabad,Suspect
P03158,Person_03158,45,Pune,Suspect
P03159,Person_03159,36,Surat,Suspect
P03160,Person_03160,46,Bengaluru,Person of Interest
P03161,Person_03161,41,Kolkata,Associate
P03162,Person_03162,62,Pune,Person of Interest
P03163,Person_03163,42,Rajkot,Associate
P03164,Person_03164,39,Delhi,Suspect
P03165,Person_03165,54,Mumbai,Person of Interest
P03166,Person_03166,37,Indore,Person of Interest
P03167,Person_03167,54,Indore,Person of Interest
P03168,Person_03168,56,Jaipur,Suspect
P03169,Person_03169,32,Mumbai,Witness
P03170,Person_03170,39,Indore,Suspect
P03171,Person_03171,40,Pune,Associate
P03172,Person_03172,45,Delhi,Suspect
P03173,Person_03173,28,Rajkot,Suspect
P03174,Person_03174,47,Vadodara,Suspect
P03175,Person_03175,30,Pune,Person of Interest
P03176,Person_03176,56,Mumbai,Suspect
P03177,Person_03177,42,Pune,Witness
P03178,Person_03178,30,Indore,Associate
P03179,Person_03179,56,Mumbai,Associate
P03180,Person_03180,41,Hyderabad,Associate
P03181,Person_03181,36,Rajkot,Associate
P03182,Person_03182,37,Kolkata,Suspect
P03183,Person_03183,46,Vadodara,Person of Interest
P03184,Person_03184,21,Vadodara,Associate
P03185,Person_03185,25,Ahmedabad,Person of Interest
P03186,Person_03186,25,Mumbai,Person of Interest
P03187,Person_03187,53,Hyderabad,Person of Interest
P03188,Person_03188,24,Hyderabad,Suspect
P03189,Person_03189,57,Vadodara,Suspect
P03190,Person_03190,51,Ahmedabad,Suspect
P03191,Person_03191,42,Kolkata,Suspect
P03192,Person_03192,23,Surat,Suspect
P03193,Person_03193,34,Hyderabad,Witness
P03194,Person_03194,59,Ahmedabad,Associate
P03195,Person_03195,26,Hyderabad,Suspect
P03196,Person_03196,40,Rajkot,Suspect
P03197,Person_03197,58,Pune,Person of Interest
P03198,Person_03198,53,Delhi,Associate
P03199,Person_03199,56,Indore,Suspect
P03200,Person_03200,38,Kolkata,Associate
P03201,Person_03201,25,Indore,Suspect
P03202,Person_03202,34,Hyderabad,Suspect
P03203,Person_03203,22,Hyderabad,Associate
P03204,Person_03204,61,Delhi,Associate
P03205,Person_03205,38,Jaipur,Suspect
P03206,Person_03206,28,Surat,Suspect
P03207,Person_03207,56,Indore,Suspect
P03208,Person_03208,63,Kolkata,Suspect
P03209,Person_03209,21,Surat,Suspect
P03210,Person_03210,42,Kolkata,Suspect
P03211,Person_03211,50,Mumbai,Person of Interest
P03212,Person_03212,41,Delhi,Associate
P03213,Person_03213,27,Surat,Suspect
P03214,Person_03214,25,Rajkot,Associate
P03215,Person_03215,50,Pune,Person of Interest
P03216,Person_03216,51,Ahmedabad,Suspect
P03217,Person_03217,50,Mumbai,Person of Interest
P03218,Person_03218,57,Kolkata,Suspect
P03219,Person_03219,46,Ahmedabad,Associate
P03220,Person_03220,54,Hyderabad,Suspect
P03221,Person_03221,31,Pune,Suspect
P03222,Person_03222,24,Indore,Person of Interest
P03223,Person_03223,57,Ahmedabad,Associate
P03224,Person_03224,53,Kolkata,Suspect
P03225,Person_03225,48,Kolkata,Suspect
P03226,Person_03226,30,Kolkata,Associate
P03227,Person_03227,53,Kolkata,Suspect
P03228,Person_03228,34,Indore,Person of Interest
P03229,Person_03229,59,Vadodara,Suspect
P03230,Person_03230,44,Bengaluru,Suspect
P03231,Person_03231,55,Kolkata,Person of Interest
P03232,Person_03232,50,Mumbai,Suspect
P03233,Person_03233,30,Pune,Suspect
P03234,Person_03234,53,Jaipur,Suspect
P03235,Person_03235,49,Surat,Associate
P03236,Person_03236,59,Surat,Associate
P03237,Person_03237,23,Jaipur,Associate
P03238,Person_03238,61,Rajkot,Person of Interest
P03239,Person_03239,36,Pune,Person of Interest
P03240,Person_03240,31,Bengaluru,Person of Interest
P03241,Person_03241,45,Jaipur,Suspect
P03242,Person_03242,41,Vadodara,Person of Interest
P03243,Person_03243,63,Ahmedabad,Associate
P03244,Person_03244,48,Pune,Suspect
P03245,Person_03245,43,Delhi,Associate
P03246,Person_03246,57,Jaipur,Suspect
P03247,Person_03247,23,Delhi,Suspect
P03248,Person_03248,62,Hyderabad,Suspect
P03249,Person_03249,62,Pune,Associate
P03250,Person_03250,32,Mumbai,Person of Interest
P03251,Person_03251,44,Rajkot,Person of Interest
P03252,Person_03252,40,Surat,Person of Interest
P03253,Person_03253,36,Rajkot,Suspect
P03254,Person_03254,40,Ahmedabad,Person of Interest
P03255,Person_03255,25,Kolkata,Suspect
P03256,Person_03256,46,Indore,Person of Interest
P03257,Person_03257,57,Pune,Suspect
P03258,Person_03258,49,Delhi,Suspect
P03259,Person_03259,59,Rajkot,Person of Interest
P03260,Person_03260,50,Rajkot,Person of Interest
P03261,Person_03261,39,Hyderabad,Associate
P03262,Person_03262,59,Ahmedabad,Person of Interest
P03263,Person_03263,60,Surat,Associate
P03264,Person_03264,36,Mumbai,Suspect
P03265,Person_03265,37,Kolkata,Suspect
P03266,Person_03266,52,Ahmedabad,Suspect
P03267,Person_03267,52,Surat,Suspect
P03268,Person_03268,60,Rajkot,Associate
P03269,Person_03269,52,Vadodara,Suspect
P03270,Person_03270,53,Vadodara,Suspect
P03271,Person_03271,52,Ahmedabad,Person of Interest
P03272,Person_03272,59,Kolkata,Person of Interest
P03273,Person_03273,22,Jaipur,Person of Interest
P03274,Person_03274,47,Bengaluru,Person of Interest
P03275,Person_03275,40,Indore,Suspect
P03276,Person_03276,33,Bengaluru,Person of Interest
P03277,Person_03277,29,Mumbai,Person of Interest
P03278,Person_03278,40,Bengaluru,Suspect
P03279,Person_03279,58,Pune,Associate
P03280,Person_03280,28,Kolkata,Witness
P03281,Person_03281,57,Ahmedabad,Suspect
P03282,Person_03282,42,Kolkata,Person of Interest
P03283,Person_03283,57,Vadodara,Suspect
P03284,Person_03284,60,Kolkata,Suspect
P03285,Person_03285,49,Mumbai,Associate
P03286,Person_03286,53,Kolkata,Suspect
P03287,Person_03287,24,Jaipur,Person of Interest
P03288,Person_03288,61,Surat,Associate
P03289,Person_03289,62,Delhi,Suspect
P03290,Person_03290,48,Bengaluru,Associate
P03291,Person_03291,55,Hyderabad,Associate
P03292,Person_03292,57,Ahmedabad,Suspect
P03293,Person_03293,61,Indore,Suspect
P03294,Person_03294,30,Rajkot,Associate
P03295,Person_03295,50,Indore,Associate
P03296,Person_03296,29,Surat,Person of Interest
P03297,Person_03297,54,Pune,Person of Interest
P03298,Person_03298,40,Surat,Suspect
P03299,Person_03299,59,Mumbai,Suspect
P03300,Person_03300,33,Bengaluru,Suspect
P03301,Person_03301,60,Surat,Suspect
P03302,Person_03302,36,Hyderabad,Person of Interest
P03303,Person_03303,42,Jaipur,Associate
P03304,Person_03304,54,Pune,Person of Interest
P03305,Person_03305,62,Jaipur,Associate
P03306,Person_03306,53,Bengaluru,Person of Interest
P03307,Person_03307,53,Hyderabad,Person of Interest
P03308,Person_03308,52,Ahmedabad,Associate
P03309,Person_03309,45,Kolkata,Associate
P03310,Person_03310,51,Ahmedabad,Suspect
P03311,Person_03311,36,Jaipur,Person of Interest
P03312,Person_03312,46,Surat,Suspect
P03313,Person_03313,59,Surat,Witness
P03314,Person_03314,24,Delhi,Suspect
P03315,Person_03315,22,Ahmedabad,Person of Interest
P03316,Person_03316,36,Bengaluru,Person of Interest
P03317,Person_03317,55,Kolkata,Suspect
P03318,Person_03318,29,Hyderabad,Suspect
P03319,Person_03319,52,Mumbai,Associate
P03320,Person_03320,43,Kolkata,Suspect
P03321,Person_03321,36,Bengaluru,Associate
P03322,Person_03322,48,Pune,Suspect
P03323,Person_03323,49,Indore,Person of Interest
P03324,Person_03324,53,Mumbai,Witness
P03325,Person_03325,29,Mumbai,Suspect
P03326,Person_03326,49,Mumbai,Suspect
P03327,Person_03327,37,Bengaluru,Associate
P03328,Person_03328,46,Delhi,Suspect
P03329,Person_03329,30,Delhi,Suspect
P03330,Person_03330,34,Mumbai,Suspect
P03331,Person_03331,25,Surat,Suspect
P03332,Person_03332,37,Kolkata,Witness
P03333,Person_03333,33,Pune,Suspect
P03334,Person_03334,45,Hyderabad,Person of Interest
P03335,Person_03335,39,Bengaluru,Suspect
P03336,Person_03336,39,Delhi,Suspect
P03337,Person_03337,42,Indore,Witness
P03338,Person_03338,64,Rajkot,Suspect
P03339,Person_03339,64,Bengaluru,Person of Interest
P03340,Person_03340,37,Vadodara,Associate
P03341,Person_03341,52,Ahmedabad,Suspect
P03342,Person_03342,21,Mumbai,Suspect
P03343,Person_03343,58,Indore,Witness
P03344,Person_03344,42,Kolkata,Suspect
P03345,Person_03345,31,Ahmedabad,Person of Interest
P03346,Person_03346,21,Hyderabad,Suspect
P03347,Person_03347,43,Vadodara,Suspect
P03348,Person_03348,22,Pune,Suspect
P03349,Person_03349,62,Vadodara,Person of Interest
P03350,Person_03350,29,Vadodara,Suspect
P03351,Person_03351,42,Kolkata,Person of Interest
P03352,Person_03352,24,Pune,Suspect
P03353,Person_03353,27,Delhi,Associate
P03354,Person_03354,61,Pune,Suspect
P03355,Person_03355,44,Surat,Suspect
P03356,Person_03356,28,Rajkot,Person of Interest
P03357,Person_03357,40,Hyderabad,Suspect
P03358,Person_03358,38,Rajkot,Suspect
P03359,Person_03359,28,Hyderabad,Suspect
P03360,Person_03360,29,Bengaluru,Associate
P03361,Person_03361,41,Delhi,Person of Interest
P03362,Person_03362,60,Pune,Person of Interest
P03363,Person_03363,45,Delhi,Person of Interest
P03364,Person_03364,23,Kolkata,Associate
P03365,Person_03365,34,Vadodara,Person of Interest
P03366,Person_03366,47,Surat,Associate
P03367,Person_03367,63,Mumbai,Suspect
P03368,Person_03368,51,Ahmedabad,Suspect
P03369,Person_03369,38,Delhi,Witness
P03370,Person_03370,21,Surat,Associate
P03371,Person_03371,32,Surat,Suspect
P03372,Person_03372,21,Vadodara,Suspect
P03373,Person_03373,31,Indore,Person of Interest
P03374,Person_03374,38,Bengaluru,Associate
P03375,Person_03375,61,Pune,Associate
P03376,Person_03376,23,Indore,Person of Interest
P03377,Person_03377,41,Vadodara,Suspect
P03378,Person_03378,51,Bengaluru,Suspect
P03379,Person_03379,52,Pune,Person of Interest
P03380,Person_03380,63,Delhi,Associate
P03381,Person_03381,54,Pune,Person of Interest
P03382,Person_03382,54,Hyderabad,Person of Interest
P03383,Person_03383,26,Pune,Suspect
P03384,Person_03384,34,Vadodara,Suspect
P03385,Person_03385,32,Kolkata,Person of Interest
P03386,Person_03386,54,Rajkot,Associate
P03387,Person_03387,21,Pune,Witness
P03388,Person_03388,52,Ahmedabad,Associate
P03389,Person_03389,57,Surat,Suspect
P03390,Person_03390,24,Rajkot,Associate
P03391,Person_03391,34,Jaipur,Suspect
P03392,Person_03392,41,Vadodara,Associate
P03393,Person_03393,42,Ahmedabad,Suspect
P03394,Person_03394,44,Mumbai,Person of Interest
P03395,Person_03395,42,Vadodara,Associate
P03396,Person_03396,35,Indore,Associate
P03397,Person_03397,46,Kolkata,Associate
P03398,Person_03398,27,Kolkata,Suspect
P03399,Person_03399,40,Hyderabad,Suspect
P03400,Person_03400,52,Jaipur,Suspect
P03401,Person_03401,29,Pune,Person of Interest
P03402,Person_03402,60,Ahmedabad,Suspect
P03403,Person_03403,46,Jaipur,Person of Interest
P03404,Person_03404,61,Indore,Suspect
P03405,Person_03405,22,Kolkata,Person of Interest
P03406,Person_03406,26,Surat,Suspect
P03407,Person_03407,25,Pune,Associate
P03408,Person_03408,41,Bengaluru,Person of Interest
P03409,Person_03409,29,Bengaluru,Suspect
P03410,Person_03410,55,Surat,Associate
P03411,Person_03411,60,Kolkata,Suspect
P03412,Person_03412,33,Rajkot,Suspect
P03413,Person_03413,59,Pune,Suspect
P03414,Person_03414,44,Delhi,Person of Interest
P03415,Person_03415,27,Kolkata,Suspect
P03416,Person_03416,41,Hyderabad,Suspect
P03417,Person_03417,49,Mumbai,Person of Interest
P03418,Person_03418,33,Mumbai,Person of Interest
P03419,Person_03419,54,Bengaluru,Associate
P03420,Person_03420,52,Indore,Person of Interest
P03421,Person_03421,27,Surat,Person of Interest
P03422,Person_03422,57,Jaipur,Person of Interest
P03423,Person_03423,58,Delhi,Suspect
P03424,Person_03424,34,Kolkata,Suspect
P03425,Person_03425,38,Jaipur,Person of Interest
P03426,Person_03426,45,Mumbai,Witness
P03427,Person_03427,23,Pune,Associate
P03428,Person_03428,36,Ahmedabad,Person of Interest
P03429,Person_03429,31,Rajkot,Suspect
P03430,Person_03430,60,Indore,Suspect
P03431,Person_03431,45,Ahmedabad,Suspect
P03432,Person_03432,46,Ahmedabad,Suspect
P03433,Person_03433,29,Vadodara,Suspect
P03434,Person_03434,23,Rajkot,Associate
P03435,Person_03435,60,Pune,Person of Interest
P03436,Person_03436,52,Indore,Associate
P03437,Person_03437,33,Delhi,Associate
P03438,Person_03438,26,Kolkata,Person of Interest
P03439,Person_03439,61,Rajkot,Suspect
P03440,Person_03440,34,Hyderabad,Suspect
P03441,Person_03441,59,Ahmedabad,Suspect
P03442,Person_03442,45,Rajkot,Person of Interest
P03443,Person_03443,28,Hyderabad,Person of Interest
P03444,Person_03444,55,Rajkot,Associate
P03445,Person_03445,37,Rajkot,Suspect
P03446,Person_03446,25,Hyderabad,Suspect
P03447,Person_03447,53,Hyderabad,Associate
P03448,Person_03448,36,Mumbai,Person of Interest
P03449,Person_03449,24,Mumbai,Suspect
P03450,Person_03450,42,Rajkot,Suspect
P03451,Person_03451,63,Bengaluru,Person of Interest
P03452,Person_03452,39,Indore,Suspect
P03453,Person_03453,63,Vadodara,Associate
P03454,Person_03454,48,Ahmedabad,Suspect
P03455,Person_03455,37,Vadodara,Person of Interest
P03456,Person_03456,45,Indore,Witness
P03457,Person_03457,60,Jaipur,Person of Interest
P03458,Person_03458,46,Kolkata,Suspect
P03459,Person_03459,45,Rajkot,Suspect
P03460,Person_03460,50,Rajkot,Associate
P03461,Person_03461,55,Jaipur,Person of Interest
P03462,Person_03462,48,Hyderabad,Person of Interest
P03463,Person_03463,36,Bengaluru,Suspect
P03464,Person_03464,49,Kolkata,Person of Interest
P03465,Person_03465,29,Hyderabad,Suspect
P03466,Person_03466,59,Ahmedabad,Suspect
P03467,Person_03467,34,Rajkot,Associate
P03468,Person_03468,39,Pune,Suspect
P03469,Person_03469,55,Ahmedabad,Suspect
P03470,Person_03470,56,Jaipur,Suspect
P03471,Person_03471,38,Mumbai,Person of Interest
P03472,Person_03472,62,Ahmedabad,Associate
P03473,Person_03473,28,Jaipur,Associate
P03474,Person_03474,31,Indore,Suspect
P03475,Person_03475,60,Indore,Suspect
P03476,Person_03476,37,Ahmedabad,Person of Interest
P03477,Person_03477,49,Hyderabad,Suspect
P03478,Person_03478,30,Hyderabad,Person of Interest
P03479,Person_03479,23,Bengaluru,Associate
P03480,Person_03480,57,Kolkata,Associate
P03481,Person_03481,52,Jaipur,Associate
P03482,Person_03482,30,Rajkot,Suspect
P03483,Person_03483,63,Rajkot,Suspect
P03484,Person_03484,31,Ahmedabad,Associate
P03485,Person_03485,57,Surat,Suspect
P03486,Person_03486,57,Vadodara,Witness
P03487,Person_03487,34,Delhi,Person of Interest
P03488,Person_03488,38,Rajkot,Suspect
P03489,Person_03489,62,Vadodara,Suspect
P03490,Person_03490,37,Pune,Associate
P03491,Person_03491,27,Pune,Suspect
P03492,Person_03492,30,Vadodara,Person of Interest
P03493,Person_03493,32,Vadodara,Person of Interest
P03494,Person_03494,59,Kolkata,Person of Interest
P03495,Person_03495,45,Pune,Associate
P03496,Person_03496,27,Jaipur,Suspect
P03497,Person_03497,45,Rajkot,Associate
P03498,Person_03498,52,Rajkot,Associate
P03499,Person_03499,61,Mumbai,Person of Interest
P03500,Person_03500,62,Rajkot,Suspect
P03501,Person_03501,41,Indore,Suspect
P03502,Person_03502,35,Hyderabad,Suspect
P03503,Person_03503,60,Bengaluru,Associate
P03504,Person_03504,32,Mumbai,Person of Interest
P03505,Person_03505,59,Rajkot,Associate
P03506,Person_03506,56,Kolkata,Person of Interest
P03507,Person_03507,36,Pune,Suspect
P03508,Person_03508,38,Pune,Person of Interest
P03509,Person_03509,62,Surat,Suspect
P03510,Person_03510,36,Kolkata,Associate
P03511,Person_03511,47,Delhi,Associate
P03512,Person_03512,38,Surat,Person of Interest
P03513,Person_03513,54,Indore,Person of Interest
P03514,Person_03514,29,Bengaluru,Suspect
P03515,Person_03515,39,Hyderabad,Associate
P03516,Person_03516,48,Indore,Associate
P03517,Person_03517,57,Hyderabad,Suspect
P03518,Person_03518,47,Bengaluru,Suspect
P03519,Person_03519,49,Kolkata,Suspect
P03520,Person_03520,37,Mumbai,Suspect
P03521,Person_03521,52,Kolkata,Suspect
P03522,Person_03522,50,Pune,Suspect
P03523,Person_03523,49,Delhi,Suspect
P03524,Person_03524,24,Delhi,Associate
P03525,Person_03525,27,Surat,Associate
P03526,Person_03526,27,Jaipur,Suspect
P03527,Person_03527,46,Vadodara,Associate
P03528,Person_03528,46,Surat,Suspect
P03529,Person_03529,49,Vadodara,Associate
P03530,Person_03530,39,Surat,Associate
P03531,Person_03531,30,Rajkot,Suspect
P03532,Person_03532,45,Ahmedabad,Suspect
P03533,Person_03533,54,Bengaluru,Person of Interest
P03534,Person_03534,38,Indore,Suspect
P03535,Person_03535,51,Jaipur,Suspect
P03536,Person_03536,53,Surat,Person of Interest
P03537,Person_03537,56,Ahmedabad,Associate
P03538,Person_03538,55,Ahmedabad,Suspect
P03539,Person_03539,55,Indore,Person of Interest
P03540,Person_03540,56,Indore,Person of Interest
P03541,Person_03541,37,Jaipur,Person of Interest
P03542,Person_03542,23,Rajkot,Suspect
P03543,Person_03543,54,Hyderabad,Associate
P03544,Person_03544,64,Delhi,Suspect
P03545,Person_03545,42,Bengaluru,Suspect
P03546,Person_03546,44,Pune,Associate
P03547,Person_03547,64,Indore,Suspect
P03548,Person_03548,22,Kolkata,Person of Interest
P03549,Person_03549,38,Bengaluru,Suspect
P03550,Person_03550,43,Indore,Associate
P03551,Person_03551,36,Delhi,Suspect
P03552,Person_03552,38,Vadodara,Suspect
P03553,Person_03553,40,Surat,Person of Interest
P03554,Person_03554,59,Kolkata,Person of Interest
P03555,Person_03555,31,Pune,Suspect
P03556,Person_03556,33,Vadodara,Suspect
P03557,Person_03557,24,Surat,Witness
P03558,Person_03558,46,Kolkata,Person of Interest
P03559,Person_03559,38,Vadodara,Suspect
P03560,Person_03560,58,Hyderabad,Suspect
P03561,Person_03561,29,Bengaluru,Suspect
P03562,Person_03562,49,Indore,Associate
P03563,Person_03563,44,Vadodara,Witness
P03564,Person_03564,23,Bengaluru,Person of Interest
P03565,Person_03565,47,Mumbai,Person of Interest
P03566,Person_03566,27,Pune,Person of Interest
P03567,Person_03567,57,Delhi,Associate
P03568,Person_03568,28,Indore,Suspect
P03569,Person_03569,24,Indore,Suspect
P03570,Person_03570,40,Hyderabad,Associate
P03571,Person_03571,62,Mumbai,Suspect
P03572,Person_03572,58,Surat,Suspect
P03573,Person_03573,52,Jaipur,Associate
P03574,Person_03574,28,Bengaluru,Witness
P03575,Person_03575,41,Pune,Suspect
P03576,Person_03576,63,Kolkata,Suspect
P03577,Person_03577,51,Mumbai,Witness
P03578,Person_03578,51,Delhi,Associate
P03579,Person_03579,30,Bengaluru,Suspect
P03580,Person_03580,64,Ahmedabad,Associate
P03581,Person_03581,33,Ahmedabad,Suspect
P03582,Person_03582,26,Pune,Suspect
P03583,Person_03583,27,Mumbai,Suspect
P03584,Person_03584,37,Pune,Associate
P03585,Person_03585,48,Surat,Associate
P03586,Person_03586,64,Jaipur,Suspect
P03587,Person_03587,42,Vadodara,Witness
P03588,Person_03588,28,Ahmedabad,Suspect
P03589,Person_03589,47,Hyderabad,Person of Interest
P03590,Person_03590,33,Delhi,Person of Interest
P03591,Person_03591,64,Delhi,Person of Interest
P03592,Person_03592,21,Indore,Associate
P03593,Person_03593,46,Pune,Associate
P03594,Person_03594,52,Bengaluru,Associate
P03595,Person_03595,49,Pune,Suspect
P03596,Person_03596,51,Mumbai,Associate
P03597,Person_03597,39,Hyderabad,Associate
P03598,Person_03598,55,Ahmedabad,Suspect
P03599,Person_03599,49,Ahmedabad,Suspect
P03600,Person_03600,41,Jaipur,Suspect
P03601,Person_03601,56,Kolkata,Suspect
P03602,Person_03602,48,Kolkata,Person of Interest
P03603,Person_03603,58,Delhi,Person of Interest
P03604,Person_03604,38,Kolkata,Suspect
P03605,Person_03605,23,Rajkot,Associate
P03606,Person_03606,52,Rajkot,Suspect
P03607,Person_03607,47,Indore,Suspect
P03608,Person_03608,58,Vadodara,Suspect
P03609,Person_03609,61,Bengaluru,Person of Interest
P03610,Person_03610,43,Mumbai,Suspect
P03611,Person_03611,29,Mumbai,Suspect
P03612,Person_03612,63,Rajkot,Associate
P03613,Person_03613,45,Pune,Suspect
P03614,Person_03614,56,Bengaluru,Suspect
P03615,Person_03615,38,Hyderabad,Person of Interest
P03616,Person_03616,38,Mumbai,Person of Interest
P03617,Person_03617,27,Jaipur,Suspect
P03618,Person_03618,59,Surat,Suspect
P03619,Person_03619,30,Jaipur,Suspect
P03620,Person_03620,55,Mumbai,Person of Interest
P03621,Person_03621,31,Vadodara,Person of Interest
P03622,Person_03622,50,Pune,Person of Interest
P03623,Person_03623,58,Jaipur,Suspect
P03624,Person_03624,59,Kolkata,Associate
P03625,Person_03625,22,Bengaluru,Associate
P03626,Person_03626,22,Vadodara,Suspect
P03627,Person_03627,55,Surat,Person of Interest
P03628,Person_03628,24,Pune,Suspect
P03629,Person_03629,63,Rajkot,Associate
P03630,Person_03630,61,Kolkata,Suspect
P03631,Person_03631,34,Surat,Associate
P03632,Person_03632,49,Vadodara,Person of Interest
P03633,Person_03633,37,Surat,Suspect
P03634,Person_03634,48,Bengaluru,Suspect
P03635,Person_03635,40,Vadodara,Person of Interest
P03636,Person_03636,58,Jaipur,Associate
P03637,Person_03637,48,Kolkata,Suspect
P03638,Person_03638,38,Rajkot,Associate
P03639,Person_03639,38,Delhi,Suspect
P03640,Person_03640,49,Hyderabad,Person of Interest
P03641,Person_03641,53,Indore,Suspect
P03642,Person_03642,26,Indore,Person of Interest
P03643,Person_03643,28,Mumbai,Associate
P03644,Person_03644,35,Delhi,Person of Interest
P03645,Person_03645,38,Mumbai,Suspect
P03646,Person_03646,59,Ahmedabad,Person of Interest
P03647,Person_03647,43,Rajkot,Person of Interest
P03648,Person_03648,54,Rajkot,Suspect
P03649,Person_03649,40,Mumbai,Suspect
P03650,Person_03650,23,Jaipur,Person of Interest
P03651,Person_03651,31,Mumbai,Associate
P03652,Person_03652,25,Surat,Person of Interest
P03653,Person_03653,59,Rajkot,Associate
P03654,Person_03654,61,Rajkot,Person of Interest
P03655,Person_03655,37,Mumbai,Person of Interest
P03656,Person_03656,36,Surat,Suspect
P03657,Person_03657,41,Pune,Suspect
P03658,Person_03658,38,Surat,Suspect
P03659,Person_03659,27,Indore,Associate
P03660,Person_03660,55,Surat,Associate
P03661,Person_03661,37,Pune,Person of Interest
P03662,Person_03662,54,Pune,Suspect
P03663,Person_03663,25,Surat,Witness
P03664,Person_03664,41,Vadodara,Associate
P03665,Person_03665,51,Vadodara,Associate
P03666,Person_03666,37,Vadodara,Witness
P03667,Person_03667,44,Pune,Suspect
P03668,Person_03668,51,Mumbai,Associate
P03669,Person_03669,28,Ahmedabad,Associate
P03670,Person_03670,56,Kolkata,Suspect
P03671,Person_03671,58,Pune,Person of Interest
P03672,Person_03672,45,Indore,Suspect
P03673,Person_03673,45,Pune,Person of Interest
P03674,Person_03674,37,Kolkata,Suspect
P03675,Person_03675,35,Pune,Suspect
P03676,Person_03676,26,Surat,Witness
P03677,Person_03677,28,Rajkot,Associate
P03678,Person_03678,31,Kolkata,Suspect
P03679,Person_03679,30,Mumbai,Suspect
P03680,Person_03680,27,Ahmedabad,Suspect
P03681,Person_03681,28,Ahmedabad,Suspect
P03682,Person_03682,25,Vadodara,Suspect
P03683,Person_03683,58,Kolkata,Associate
P03684,Person_03684,37,Pune,Associate
P03685,Person_03685,30,Hyderabad,Person of Interest
P03686,Person_03686,25,Ahmedabad,Associate
P03687,Person_03687,57,Bengaluru,Suspect
P03688,Person_03688,53,Jaipur,Suspect
P03689,Person_03689,53,Hyderabad,Suspect
P03690,Person_03690,22,Bengaluru,Suspect
P03691,Person_03691,62,Pune,Person of Interest
P03692,Person_03692,29,Ahmedabad,Person of Interest
P03693,Person_03693,40,Surat,Associate
P03694,Person_03694,59,Surat,Associate
P03695,Person_03695,62,Surat,Suspect
P03696,Person_03696,48,Jaipur,Suspect
P03697,Person_03697,26,Delhi,Suspect
P03698,Person_03698,49,Surat,Suspect
P03699,Person_03699,58,Pune,Person of Interest
P03700,Person_03700,55,Hyderabad,Suspect
P03701,Person_03701,41,Hyderabad,Person of Interest
P03702,Person_03702,44,Vadodara,Suspect
P03703,Person_03703,39,Rajkot,Associate
P03704,Person_03704,62,Delhi,Suspect
P03705,Person_03705,29,Hyderabad,Associate
P03706,Person_03706,39,Bengaluru,Associate
P03707,Person_03707,21,Rajkot,Suspect
P03708,Person_03708,63,Pune,Associate
P03709,Person_03709,57,Hyderabad,Suspect
P03710,Person_03710,25,Rajkot,Person of Interest
P03711,Person_03711,58,Kolkata,Associate
P03712,Person_03712,23,Rajkot,Suspect
P03713,Person_03713,36,Mumbai,Suspect
P03714,Person_03714,57,Mumbai,Suspect
P03715,Person_03715,36,Vadodara,Person of Interest
P03716,Person_03716,51,Mumbai,Person of Interest
P03717,Person_03717,60,Vadodara,Associate
P03718,Person_03718,58,Indore,Suspect
P03719,Person_03719,62,Hyderabad,Suspect
P03720,Person_03720,54,Jaipur,Witness
P03721,Person_03721,64,Jaipur,Associate
P03722,Person_03722,31,Surat,Suspect
P03723,Person_03723,36,Jaipur,Suspect
P03724,Person_03724,25,Pune,Person of Interest
P03725,Person_03725,50,Jaipur,Witness
P03726,Person_03726,63,Surat,Suspect
P03727,Person_03727,23,Surat,Suspect
P03728,Person_03728,40,Hyderabad,Suspect
P03729,Person_03729,50,Vadodara,Associate
P03730,Person_03730,41,Hyderabad,Person of Interest
P03731,Person_03731,36,Rajkot,Person of Interest
P03732,Person_03732,55,Rajkot,Suspect
P03733,Person_03733,36,Kolkata,Associate
P03734,Person_03734,34,Rajkot,Suspect
P03735,Person_03735,34,Kolkata,Person of Interest
P03736,Person_03736,43,Kolkata,Suspect
P03737,Person_03737,35,Jaipur,Suspect
P03738,Person_03738,45,Surat,Associate
P03739,Person_03739,56,Delhi,Suspect
P03740,Person_03740,35,Ahmedabad,Associate
P03741,Person_03741,22,Ahmedabad,Person of Interest
P03742,Person_03742,40,Indore,Suspect
P03743,Person_03743,51,Surat,Person of Interest
P03744,Person_03744,40,Hyderabad,Associate
P03745,Person_03745,54,Indore,Associate
P03746,Person_03746,32,Delhi,Person of Interest
P03747,Person_03747,44,Pune,Suspect
P03748,Person_03748,37,Mumbai,Associate
P03749,Person_03749,31,Rajkot,Person of Interest
P03750,Person_03750,28,Bengaluru,Suspect
P03751,Person_03751,41,Jaipur,Suspect
P03752,Person_03752,27,Bengaluru,Person of Interest
P03753,Person_03753,23,Indore,Suspect
P03754,Person_03754,42,Rajkot,Suspect
P03755,Person_03755,52,Indore,Suspect
P03756,Person_03756,40,Pune,Associate
P03757,Person_03757,39,Vadodara,Associate
P03758,Person_03758,52,Mumbai,Suspect
P03759,Person_03759,64,Vadodara,Associate
P03760,Person_03760,23,Jaipur,Associate
P03761,Person_03761,60,Rajkot,Associate
P03762,Person_03762,45,Delhi,Suspect
P03763,Person_03763,32,Ahmedabad,Suspect
P03764,Person_03764,45,Surat,Suspect
P03765,Person_03765,58,Kolkata,Associate
P03766,Person_03766,43,Pune,Suspect
P03767,Person_03767,59,Pune,Person of Interest
P03768,Person_03768,45,Hyderabad,Witness
P03769,Person_03769,41,Kolkata,Suspect
P03770,Person_03770,23,Mumbai,Suspect
P03771,Person_03771,55,Kolkata,Suspect
P03772,Person_03772,38,Rajkot,Suspect
P03773,Person_03773,57,Ahmedabad,Associate
P03774,Person_03774,21,Surat,Associate
P03775,Person_03775,39,Vadodara,Suspect
P03776,Person_03776,61,Kolkata,Person of Interest
P03777,Person_03777,42,Pune,Suspect
P03778,Person_03778,21,Delhi,Suspect
P03779,Person_03779,22,Surat,Suspect
P03780,Person_03780,28,Indore,Suspect
P03781,Person_03781,25,Jaipur,Suspect
P03782,Person_03782,55,Bengaluru,Witness
P03783,Person_03783,41,Ahmedabad,Suspect
P03784,Person_03784,54,Indore,Witness
P03785,Person_03785,29,Delhi,Suspect
P03786,Person_03786,53,Ahmedabad,Associate
P03787,Person_03787,60,Ahmedabad,Associate
P03788,Person_03788,31,Indore,Witness
P03789,Person_03789,56,Vadodara,Suspect
P03790,Person_03790,37,Rajkot,Suspect
P03791,Person_03791,55,Surat,Suspect
P03792,Person_03792,26,Bengaluru,Suspect
P03793,Person_03793,63,Bengaluru,Suspect
P03794,Person_03794,25,Ahmedabad,Suspect
P03795,Person_03795,63,Kolkata,Associate
P03796,Person_03796,55,Ahmedabad,Person of Interest
P03797,Person_03797,30,Vadodara,Suspect
P03798,Person_03798,31,Hyderabad,Suspect
P03799,Person_03799,50,Hyderabad,Associate
P03800,Person_03800,35,Delhi,Suspect
P03801,Person_03801,39,Ahmedabad,Person of Interest
P03802,Person_03802,54,Bengaluru,Witness
P03803,Person_03803,31,Bengaluru,Suspect
P03804,Person_03804,24,Mumbai,Person of Interest
P03805,Person_03805,36,Jaipur,Person of Interest
P03806,Person_03806,34,Rajkot,Associate
P03807,Person_03807,64,Kolkata,Person of Interest
P03808,Person_03808,25,Kolkata,Person of Interest
P03809,Person_03809,38,Kolkata,Suspect
P03810,Person_03810,40,Jaipur,Person of Interest
P03811,Person_03811,34,Surat,Suspect
P03812,Person_03812,39,Hyderabad,Suspect
P03813,Person_03813,48,Mumbai,Suspect
P03814,Person_03814,34,Indore,Suspect
P03815,Person_03815,24,Indore,Person of Interest
P03816,Person_03816,44,Bengaluru,Suspect
P03817,Person_03817,52,Rajkot,Person of Interest
P03818,Person_03818,31,Mumbai,Associate
P03819,Person_03819,48,Surat,Person of Interest
P03820,Person_03820,56,Indore,Suspect
P03821,Person_03821,46,Hyderabad,Associate
P03822,Person_03822,56,Kolkata,Associate
P03823,Person_03823,39,Mumbai,Associate
P03824,Person_03824,22,Jaipur,Person of Interest
P03825,Person_03825,29,Surat,Associate
P03826,Person_03826,36,Vadodara,Suspect
P03827,Person_03827,29,Indore,Suspect
P03828,Person_03828,49,Vadodara,Person of Interest
P03829,Person_03829,49,Vadodara,Person of Interest
P03830,Person_03830,35,Bengaluru,Suspect
P03831,Person_03831,31,Pune,Associate
P03832,Person_03832,27,Mumbai,Person of Interest
P03833,Person_03833,52,Indore,Person of Interest
P03834,Person_03834,23,Mumbai,Suspect
P03835,Person_03835,56,Bengaluru,Suspect
P03836,Person_03836,54,Ahmedabad,Suspect
P03837,Person_03837,53,Kolkata,Person of Interest
P03838,Person_03838,50,Hyderabad,Person of Interest
P03839,Person_03839,45,Surat,Person of Interest
P03840,Person_03840,52,Hyderabad,Suspect
P03841,Person_03841,63,Delhi,Suspect
P03842,Person_03842,26,Jaipur,Suspect
P03843,Person_03843,33,Vadodara,Person of Interest
P03844,Person_03844,28,Pune,Suspect
P03845,Person_03845,55,Hyderabad,Associate
P03846,Person_03846,50,Kolkata,Suspect
P03847,Person_03847,63,Ahmedabad,Associate
P03848,Person_03848,50,Indore,Suspect
P03849,Person_03849,23,Hyderabad,Associate
P03850,Person_03850,57,Kolkata,Associate
P03851,Person_03851,45,Rajkot,Associate
P03852,Person_03852,24,Delhi,Suspect
P03853,Person_03853,42,Kolkata,Associate
P03854,Person_03854,43,Pune,Suspect
P03855,Person_03855,36,Vadodara,Suspect
P03856,Person_03856,36,Hyderabad,Witness
P03857,Person_03857,36,Bengaluru,Associate
P03858,Person_03858,27,Mumbai,Associate
P03859,Person_03859,58,Delhi,Associate
P03860,Person_03860,54,Ahmedabad,Person of Interest
P03861,Person_03861,43,Bengaluru,Witness
P03862,Person_03862,30,Hyderabad,Suspect
P03863,Person_03863,28,Pune,Associate
P03864,Person_03864,64,Bengaluru,Suspect
P03865,Person_03865,51,Mumbai,Suspect
P03866,Person_03866,52,Kolkata,Witness
P03867,Person_03867,53,Vadodara,Associate
P03868,Person_03868,28,Surat,Person of Interest
P03869,Person_03869,21,Bengaluru,Suspect
P03870,Person_03870,59,Vadodara,Associate
P03871,Person_03871,51,Kolkata,Suspect
P03872,Person_03872,34,Surat,Suspect
P03873,Person_03873,52,Kolkata,Witness
P03874,Person_03874,58,Delhi,Person of Interest
P03875,Person_03875,53,Ahmedabad,Suspect
P03876,Person_03876,49,Mumbai,Suspect
P03877,Person_03877,42,Ahmedabad,Suspect
P03878,Person_03878,33,Bengaluru,Person of Interest
P03879,Person_03879,28,Pune,Suspect
P03880,Person_03880,35,Rajkot,Suspect
P03881,Person_03881,23,Pune,Person of Interest
P03882,Person_03882,45,Ahmedabad,Person of Interest
P03883,Person_03883,64,Mumbai,Suspect
P03884,Person_03884,57,Indore,Suspect
P03885,Person_03885,50,Bengaluru,Suspect
P03886,Person_03886,60,Ahmedabad,Associate
P03887,Person_03887,55,Mumbai,Suspect
P03888,Person_03888,25,Jaipur,Associate
P03889,Person_03889,44,Vadodara,Suspect
P03890,Person_03890,21,Kolkata,Associate
P03891,Person_03891,57,Kolkata,Associate
P03892,Person_03892,57,Rajkot,Person of Interest
P03893,Person_03893,29,Indore,Suspect
P03894,Person_03894,63,Pune,Suspect
P03895,Person_03895,26,Jaipur,Suspect
P03896,Person_03896,48,Jaipur,Person of Interest
P03897,Person_03897,57,Rajkot,Associate
P03898,Person_03898,64,Mumbai,Suspect
P03899,Person_03899,57,Pune,Suspect
P03900,Person_03900,41,Hyderabad,Suspect
P03901,Person_03901,39,Indore,Suspect
P03902,Person_03902,40,Indore,Suspect
P03903,Person_03903,36,Delhi,Associate
P03904,Person_03904,47,Hyderabad,Suspect
P03905,Person_03905,53,Bengaluru,Suspect
P03906,Person_03906,31,Delhi,Person of Interest
P03907,Person_03907,27,Hyderabad,Person of Interest
P03908,Person_03908,38,Mumbai,Person of Interest
P03909,Person_03909,57,Indore,Person of Interest
P03910,Person_03910,59,Bengaluru,Person of Interest
P03911,Person_03911,63,Vadodara,Suspect
P03912,Person_03912,62,Delhi,Person of Interest
P03913,Person_03913,37,Hyderabad,Suspect
P03914,Person_03914,42,Jaipur,Suspect
P03915,Person_03915,43,Indore,Associate
P03916,Person_03916,59,Rajkot,Suspect
P03917,Person_03917,62,Bengaluru,Suspect
P03918,Person_03918,56,Jaipur,Suspect
P03919,Person_03919,56,Mumbai,Person of Interest
P03920,Person_03920,49,Indore,Associate
P03921,Person_03921,54,Ahmedabad,Witness
P03922,Person_03922,39,Kolkata,Suspect
P03923,Person_03923,34,Ahmedabad,Suspect
P03924,Person_03924,49,Hyderabad,Suspect
P03925,Person_03925,36,Jaipur,Witness
P03926,Person_03926,59,Surat,Suspect
P03927,Person_03927,26,Ahmedabad,Suspect
P03928,Person_03928,64,Bengaluru,Associate
P03929,Person_03929,63,Bengaluru,Suspect
P03930,Person_03930,26,Delhi,Associate
P03931,Person_03931,25,Vadodara,Associate
P03932,Person_03932,40,Delhi,Suspect
P03933,Person_03933,52,Hyderabad,Person of Interest
P03934,Person_03934,57,Hyderabad,Person of Interest
P03935,Person_03935,55,Surat,Suspect
P03936,Person_03936,34,Hyderabad,Suspect
P03937,Person_03937,31,Surat,Suspect
P03938,Person_03938,31,Pune,Suspect
P03939,Person_03939,50,Delhi,Person of Interest
P03940,Person_03940,49,Surat,Person of Interest
P03941,Person_03941,33,Rajkot,Associate
P03942,Person_03942,31,Rajkot,Associate
P03943,Person_03943,53,Kolkata,Person of Interest
P03944,Person_03944,52,Indore,Suspect
P03945,Person_03945,55,Hyderabad,Person of Interest
P03946,Person_03946,35,Kolkata,Associate
P03947,Person_03947,37,Kolkata,Witness
P03948,Person_03948,28,Pune,Associate
P03949,Person_03949,60,Kolkata,Suspect
P03950,Person_03950,61,Indore,Suspect
P03951,Person_03951,47,Pune,Suspect
P03952,Person_03952,46,Pune,Witness
P03953,Person_03953,27,Mumbai,Associate
P03954,Person_03954,64,Ahmedabad,Person of Interest
P03955,Person_03955,33,Ahmedabad,Suspect
P03956,Person_03956,36,Pune,Associate
P03957,Person_03957,30,Indore,Associate
P03958,Person_03958,59,Hyderabad,Witness
P03959,Person_03959,56,Surat,Person of Interest
P03960,Person_03960,33,Pune,Suspect
P03961,Person_03961,32,Ahmedabad,Associate
P03962,Person_03962,34,Indore,Associate
P03963,Person_03963,55,Vadodara,Suspect
P03964,Person_03964,49,Mumbai,Suspect
P03965,Person_03965,30,Ahmedabad,Suspect
P03966,Person_03966,60,Jaipur,Person of Interest
P03967,Person_03967,44,Rajkot,Suspect
P03968,Person_03968,26,Jaipur,Associate
P03969,Person_03969,64,Vadodara,Suspect
P03970,Person_03970,61,Jaipur,Suspect
P03971,Person_03971,55,Hyderabad,Suspect
P03972,Person_03972,48,Rajkot,Suspect
P03973,Person_03973,39,Kolkata,Suspect
P03974,Person_03974,62,Kolkata,Associate
P03975,Person_03975,26,Indore,Suspect
P03976,Person_03976,25,Rajkot,Associate
P03977,Person_03977,39,Indore,Suspect
P03978,Person_03978,55,Ahmedabad,Suspect
P03979,Person_03979,63,Pune,Associate
P03980,Person_03980,36,Jaipur,Associate
P03981,Person_03981,46,Jaipur,Associate
P03982,Person_03982,63,Vadodara,Suspect
P03983,Person_03983,36,Pune,Person of Interest
P03984,Person_03984,48,Vadodara,Associate
P03985,Person_03985,40,Hyderabad,Suspect
P03986,Person_03986,57,Jaipur,Associate
P03987,Person_03987,45,Mumbai,Associate
P03988,Person_03988,64,Jaipur,Suspect
P03989,Person_03989,62,Vadodara,Person of Interest
P03990,Person_03990,63,Bengaluru,Suspect
P03991,Person_03991,62,Vadodara,Associate
P03992,Person_03992,62,Pune,Suspect
P03993,Person_03993,22,Vadodara,Person of Interest
P03994,Person_03994,49,Hyderabad,Suspect
P03995,Person_03995,50,Mumbai,Person of Interest
P03996,Person_03996,58,Bengaluru,Person of Interest
P03997,Person_03997,31,Vadodara,Associate
P03998,Person_03998,42,Mumbai,Suspect
P03999,Person_03999,30,Indore,Associate
P04000,Person_04000,38,Indore,Suspect
P04001,Person_04001,25,Indore,Suspect
P04002,Person_04002,53,Indore,Associate
P04003,Person_04003,61,Pune,Person of Interest
P04004,Person_04004,42,Delhi,Suspect
P04005,Person_04005,34,Ahmedabad,Suspect
P04006,Person_04006,37,Pune,Witness
P04007,Person_04007,61,Jaipur,Suspect
P04008,Person_04008,54,Indore,Associate
P04009,Person_04009,31,Kolkata,Suspect
P04010,Person_04010,64,Jaipur,Associate
P04011,Person_04011,21,Rajkot,Person of Interest
P04012,Person_04012,21,Hyderabad,Person of Interest
P04013,Person_04013,28,Kolkata,Suspect
P04014,Person_04014,62,Hyderabad,Suspect
P04015,Person_04015,47,Rajkot,Suspect
P04016,Person_04016,39,Rajkot,Person of Interest
P04017,Person_04017,25,Hyderabad,Associate
P04018,Person_04018,60,Kolkata,Associate
P04019,Person_04019,27,Delhi,Associate
P04020,Person_04020,52,Mumbai,Suspect
P04021,Person_04021,40,Rajkot,Suspect
P04022,Person_04022,26,Rajkot,Suspect
P04023,Person_04023,27,Kolkata,Person of Interest
P04024,Person_04024,32,Mumbai,Suspect
P04025,Person_04025,45,Ahmedabad,Associate
P04026,Person_04026,59,Kolkata,Suspect
P04027,Person_04027,39,Kolkata,Person of Interest
P04028,Person_04028,38,Delhi,Associate
P04029,Person_04029,64,Vadodara,Witness
P04030,Person_04030,53,Kolkata,Suspect
P04031,Person_04031,39,Ahmedabad,Person of Interest
P04032,Person_04032,61,Hyderabad,Witness
P04033,Person_04033,29,Surat,Person of Interest
P04034,Person_04034,28,Ahmedabad,Suspect
P04035,Person_04035,34,Bengaluru,Suspect
P04036,Person_04036,28,Vadodara,Suspect
P04037,Person_04037,34,Pune,Associate
P04038,Person_04038,58,Kolkata,Associate
P04039,Person_04039,58,Vadodara,Suspect
P04040,Person_04040,34,Surat,Suspect
P04041,Person_04041,30,Kolkata,Person of Interest
P04042,Person_04042,60,Delhi,Associate
P04043,Person_04043,40,Hyderabad,Suspect
P04044,Person_04044,57,Indore,Associate
P04045,Person_04045,38,Indore,Witness
P04046,Person_04046,39,Indore,Suspect
P04047,Person_04047,21,Surat,Suspect
P04048,Person_04048,34,Pune,Person of Interest
P04049,Person_04049,39,Kolkata,Associate
P04050,Person_04050,21,Mumbai,Person of Interest
P04051,Person_04051,58,Vadodara,Suspect
P04052,Person_04052,28,Bengaluru,Suspect
P04053,Person_04053,36,Mumbai,Associate
P04054,Person_04054,35,Delhi,Person of Interest
P04055,Person_04055,57,Indore,Associate
P04056,Person_04056,26,Surat,Suspect
P04057,Person_04057,56,Vadodara,Suspect
P04058,Person_04058,52,Indore,Associate
P04059,Person_04059,25,Bengaluru,Associate
P04060,Person_04060,22,Indore,Person of Interest
P04061,Person_04061,24,Surat,Suspect
P04062,Person_04062,53,Ahmedabad,Suspect
P04063,Person_04063,26,Mumbai,Associate
P04064,Person_04064,36,Vadodara,Suspect
P04065,Person_04065,53,Pune,Suspect
P04066,Person_04066,53,Jaipur,Person of Interest
P04067,Person_04067,21,Ahmedabad,Suspect
P04068,Person_04068,53,Mumbai,Suspect
P04069,Person_04069,54,Vadodara,Suspect
P04070,Person_04070,37,Vadodara,Witness
P04071,Person_04071,37,Jaipur,Person of Interest
P04072,Person_04072,22,Kolkata,Person of Interest
P04073,Person_04073,49,Hyderabad,Suspect
P04074,Person_04074,27,Indore,Person of Interest
P04075,Person_04075,46,Hyderabad,Suspect
P04076,Person_04076,35,Kolkata,Person of Interest
P04077,Person_04077,44,Mumbai,Person of Interest
P04078,Person_04078,48,Pune,Associate
P04079,Person_04079,63,Delhi,Person of Interest
P04080,Person_04080,31,Bengaluru,Person of Interest
P04081,Person_04081,43,Ahmedabad,Suspect
P04082,Person_04082,33,Delhi,Suspect
P04083,Person_04083,27,Pune,Suspect
P04084,Person_04084,56,Pune,Suspect
P04085,Person_04085,26,Ahmedabad,Person of Interest
P04086,Person_04086,22,Kolkata,Person of Interest
P04087,Person_04087,50,Indore,Person of Interest
P04088,Person_04088,28,Kolkata,Witness
P04089,Person_04089,22,Kolkata,Associate
P04090,Person_04090,52,Indore,Person of Interest
P04091,Person_04091,43,Rajkot,Suspect
P04092,Person_04092,38,Hyderabad,Suspect
P04093,Person_04093,50,Mumbai,Witness
P04094,Person_04094,58,Bengaluru,Associate
P04095,Person_04095,49,Surat,Person of Interest
P04096,Person_04096,33,Bengaluru,Suspect
P04097,Person_04097,30,Ahmedabad,Suspect
P04098,Person_04098,60,Pune,Suspect
P04099,Person_04099,49,Jaipur,Suspect
P04100,Person_04100,53,Hyderabad,Person of Interest
P04101,Person_04101,31,Vadodara,Suspect
P04102,Person_04102,58,Ahmedabad,Suspect
P04103,Person_04103,42,Jaipur,Associate
P04104,Person_04104,30,Surat,Suspect
P04105,Person_04105,34,Rajkot,Suspect
P04106,Person_04106,56,Pune,Suspect
P04107,Person_04107,40,Bengaluru,Suspect
P04108,Person_04108,49,Ahmedabad,Suspect
P04109,Person_04109,28,Surat,Suspect
P04110,Person_04110,25,Delhi,Associate
P04111,Person_04111,51,Jaipur,Person of Interest
P04112,Person_04112,23,Vadodara,Suspect
P04113,Person_04113,27,Kolkata,Person of Interest
P04114,Person_04114,31,Bengaluru,Suspect
P04115,Person_04115,49,Rajkot,Associate
P04116,Person_04116,64,Delhi,Person of Interest
P04117,Person_04117,33,Indore,Associate
P04118,Person_04118,45,Surat,Suspect
P04119,Person_04119,64,Delhi,Suspect
P04120,Person_04120,34,Indore,Person of Interest
P04121,Person_04121,64,Jaipur,Suspect
P04122,Person_04122,22,Bengaluru,Suspect
P04123,Person_04123,52,Jaipur,Suspect
P04124,Person_04124,48,Delhi,Suspect
P04125,Person_04125,45,Bengaluru,Suspect
P04126,Person_04126,34,Jaipur,Person of Interest
P04127,Person_04127,49,Jaipur,Associate
P04128,Person_04128,54,Ahmedabad,Suspect
P04129,Person_04129,63,Delhi,Suspect
P04130,Person_04130,56,Bengaluru,Suspect
P04131,Person_04131,30,Delhi,Suspect
P04132,Person_04132,60,Jaipur,Suspect
P04133,Person_04133,40,Ahmedabad,Suspect
P04134,Person_04134,48,Delhi,Person of Interest
P04135,Person_04135,36,Mumbai,Associate
P04136,Person_04136,23,Indore,Suspect
P04137,Person_04137,35,Mumbai,Suspect
P04138,Person_04138,58,Ahmedabad,Suspect
P04139,Person_04139,37,Indore,Associate
P04140,Person_04140,63,Surat,Suspect
P04141,Person_04141,43,Bengaluru,Suspect
P04142,Person_04142,26,Kolkata,Suspect
P04143,Person_04143,39,Jaipur,Person of Interest
P04144,Person_04144,42,Hyderabad,Suspect
P04145,Person_04145,30,Bengaluru,Suspect
P04146,Person_04146,50,Vadodara,Suspect
P04147,Person_04147,61,Bengaluru,Associate
P04148,Person_04148,50,Rajkot,Suspect
P04149,Person_04149,36,Kolkata,Suspect
P04150,Person_04150,37,Hyderabad,Person of Interest
P04151,Person_04151,56,Pune,Person of Interest
P04152,Person_04152,33,Hyderabad,Suspect
P04153,Person_04153,27,Pune,Person of Interest
P04154,Person_04154,41,Jaipur,Person of Interest
P04155,Person_04155,31,Rajkot,Associate
P04156,Person_04156,52,Vadodara,Suspect
P04157,Person_04157,28,Surat,Witness
P04158,Person_04158,24,Pune,Person of Interest
P04159,Person_04159,30,Pune,Suspect
P04160,Person_04160,63,Vadodara,Associate
P04161,Person_04161,50,Surat,Suspect
P04162,Person_04162,35,Delhi,Suspect
P04163,Person_04163,56,Mumbai,Associate
P04164,Person_04164,35,Vadodara,Person of Interest
P04165,Person_04165,60,Mumbai,Person of Interest
P04166,Person_04166,44,Ahmedabad,Associate
P04167,Person_04167,33,Indore,Suspect
P04168,Person_04168,61,Delhi,Suspect
P04169,Person_04169,45,Ahmedabad,Suspect
P04170,Person_04170,33,Mumbai,Suspect
P04171,Person_04171,36,Hyderabad,Witness
P04172,Person_04172,63,Ahmedabad,Associate
P04173,Person_04173,22,Hyderabad,Suspect
P04174,Person_04174,64,Rajkot,Associate
P04175,Person_04175,40,Pune,Suspect
P04176,Person_04176,34,Bengaluru,Suspect
P04177,Person_04177,22,Vadodara,Person of Interest
P04178,Person_04178,24,Kolkata,Associate
P04179,Person_04179,21,Indore,Suspect
P04180,Person_04180,41,Pune,Suspect
P04181,Person_04181,36,Mumbai,Suspect
P04182,Person_04182,43,Rajkot,Witness
P04183,Person_04183,36,Indore,Associate
P04184,Person_04184,64,Kolkata,Suspect
P04185,Person_04185,62,Delhi,Suspect
P04186,Person_04186,26,Bengaluru,Person of Interest
P04187,Person_04187,50,Surat,Person of Interest
P04188,Person_04188,59,Indore,Suspect
P04189,Person_04189,24,Vadodara,Suspect
P04190,Person_04190,42,Hyderabad,Person of Interest
P04191,Person_04191,30,Vadodara,Suspect
P04192,Person_04192,28,Jaipur,Suspect
P04193,Person_04193,56,Vadodara,Suspect
P04194,Person_04194,28,Vadodara,Associate
P04195,Person_04195,32,Ahmedabad,Suspect
P04196,Person_04196,25,Indore,Suspect
P04197,Person_04197,29,Hyderabad,Associate
P04198,Person_04198,53,Kolkata,Suspect
P04199,Person_04199,29,Pune,Person of Interest
P04200,Person_04200,59,Delhi,Suspect
P04201,Person_04201,57,Rajkot,Suspect
P04202,Person_04202,60,Delhi,Suspect
P04203,Person_04203,37,Jaipur,Suspect
P04204,Person_04204,35,Ahmedabad,Associate
P04205,Person_04205,58,Bengaluru,Person of Interest
P04206,Person_04206,54,Kolkata,Suspect
P04207,Person_04207,45,Kolkata,Associate
P04208,Person_04208,38,Ahmedabad,Person of Interest
P04209,Person_04209,59,Rajkot,Person of Interest
P04210,Person_04210,27,Mumbai,Suspect
P04211,Person_04211,45,Vadodara,Person of Interest
P04212,Person_04212,58,Kolkata,Suspect
P04213,Person_04213,26,Hyderabad,Person of Interest
P04214,Person_04214,29,Bengaluru,Suspect
P04215,Person_04215,64,Surat,Suspect
P04216,Person_04216,38,Delhi,Person of Interest
P04217,Person_04217,34,Indore,Associate
P04218,Person_04218,35,Delhi,Associate
P04219,Person_04219,28,Indore,Associate
P04220,Person_04220,33,Jaipur,Person of Interest
P04221,Person_04221,54,Bengaluru,Witness
P04222,Person_04222,44,Pune,Associate
P04223,Person_04223,43,Surat,Suspect
P04224,Person_04224,22,Bengaluru,Person of Interest
P04225,Person_04225,45,Delhi,Associate
P04226,Person_04226,25,Indore,Suspect
P04227,Person_04227,60,Kolkata,Associate
P04228,Person_04228,64,Bengaluru,Suspect
P04229,Person_04229,37,Ahmedabad,Person of Interest
P04230,Person_04230,57,Bengaluru,Person of Interest
P04231,Person_04231,36,Pune,Witness
P04232,Person_04232,38,Indore,Witness
P04233,Person_04233,37,Pune,Suspect
P04234,Person_04234,44,Surat,Suspect
P04235,Person_04235,22,Kolkata,Person of Interest
P04236,Person_04236,62,Hyderabad,Person of Interest
P04237,Person_04237,50,Pune,Person of Interest
P04238,Person_04238,28,Pune,Suspect
P04239,Person_04239,51,Pune,Associate
P04240,Person_04240,33,Vadodara,Suspect
P04241,Person_04241,51,Pune,Person of Interest
P04242,Person_04242,49,Pune,Witness
P04243,Person_04243,55,Delhi,Associate
P04244,Person_04244,30,Jaipur,Suspect
P04245,Person_04245,61,Bengaluru,Suspect
P04246,Person_04246,57,Rajkot,Associate
P04247,Person_04247,36,Ahmedabad,Associate
P04248,Person_04248,31,Kolkata,Person of Interest
P04249,Person_04249,28,Ahmedabad,Suspect
P04250,Person_04250,23,Surat,Suspect
P04251,Person_04251,28,Ahmedabad,Suspect
P04252,Person_04252,50,Jaipur,Suspect
P04253,Person_04253,49,Ahmedabad,Suspect
P04254,Person_04254,39,Kolkata,Suspect
P04255,Person_04255,41,Kolkata,Suspect
P04256,Person_04256,51,Delhi,Suspect
P04257,Person_04257,45,Rajkot,Associate
P04258,Person_04258,27,Pune,Associate
P04259,Person_04259,26,Hyderabad,Person of Interest
P04260,Person_04260,36,Pune,Suspect
P04261,Person_04261,27,Bengaluru,Person of Interest
P04262,Person_04262,27,Delhi,Suspect
P04263,Person_04263,37,Jaipur,Suspect
P04264,Person_04264,59,Rajkot,Person of Interest
P04265,Person_04265,35,Jaipur,Suspect
P04266,Person_04266,46,Hyderabad,Suspect
P04267,Person_04267,31,Ahmedabad,Associate
P04268,Person_04268,62,Delhi,Associate
P04269,Person_04269,30,Jaipur,Person of Interest
P04270,Person_04270,43,Indore,Suspect
P04271,Person_04271,34,Indore,Person of Interest
P04272,Person_04272,35,Bengaluru,Associate
P04273,Person_04273,39,Vadodara,Associate
P04274,Person_04274,31,Indore,Suspect
P04275,Person_04275,58,Surat,Person of Interest
P04276,Person_04276,26,Ahmedabad,Person of Interest
P04277,Person_04277,46,Vadodara,Associate
P04278,Person_04278,57,Pune,Suspect
P04279,Person_04279,39,Bengaluru,Person of Interest
P04280,Person_04280,27,Bengaluru,Person of Interest
P04281,Person_04281,64,Vadodara,Suspect
P04282,Person_04282,50,Delhi,Suspect
P04283,Person_04283,25,Rajkot,Person of Interest
P04284,Person_04284,29,Jaipur,Suspect
P04285,Person_04285,22,Jaipur,Person of Interest
P04286,Person_04286,23,Jaipur,Suspect
P04287,Person_04287,24,Surat,Associate
P04288,Person_04288,25,Pune,Associate
P04289,Person_04289,33,Rajkot,Person of Interest
P04290,Person_04290,23,Hyderabad,Person of Interest
P04291,Person_04291,31,Mumbai,Witness
P04292,Person_04292,52,Surat,Associate
P04293,Person_04293,60,Indore,Suspect
P04294,Person_04294,56,Bengaluru,Associate
P04295,Person_04295,22,Ahmedabad,Suspect
P04296,Person_04296,21,Hyderabad,Associate
P04297,Person_04297,41,Jaipur,Person of Interest
P04298,Person_04298,56,Surat,Person of Interest
P04299,Person_04299,44,Pune,Associate
P04300,Person_04300,54,Pune,Suspect
P04301,Person_04301,22,Kolkata,Suspect
P04302,Person_04302,34,Jaipur,Associate
P04303,Person_04303,24,Jaipur,Associate
P04304,Person_04304,22,Surat,Person of Interest
P04305,Person_04305,42,Jaipur,Suspect
P04306,Person_04306,29,Mumbai,Suspect
P04307,Person_04307,49,Kolkata,Suspect
P04308,Person_04308,59,Pune,Suspect
P04309,Person_04309,30,Rajkot,Suspect
P04310,Person_04310,56,Surat,Person of Interest
P04311,Person_04311,55,Bengaluru,Suspect
P04312,Person_04312,54,Kolkata,Associate
P04313,Person_04313,24,Delhi,Suspect
P04314,Person_04314,60,Jaipur,Suspect
P04315,Person_04315,37,Jaipur,Suspect
P04316,Person_04316,54,Indore,Associate
P04317,Person_04317,51,Rajkot,Person of Interest
P04318,Person_04318,61,Mumbai,Associate
P04319,Person_04319,54,Bengaluru,Person of Interest
P04320,Person_04320,50,Indore,Associate
P04321,Person_04321,22,Surat,Suspect
P04322,Person_04322,55,Kolkata,Suspect
P04323,Person_04323,30,Bengaluru,Suspect
P04324,Person_04324,54,Hyderabad,Person of Interest
P04325,Person_04325,42,Jaipur,Suspect
P04326,Person_04326,39,Ahmedabad,Suspect
P04327,Person_04327,51,Vadodara,Person of Interest
P04328,Person_04328,21,Vadodara,Suspect
P04329,Person_04329,25,Bengaluru,Suspect
P04330,Person_04330,40,Hyderabad,Associate
P04331,Person_04331,38,Jaipur,Associate
P04332,Person_04332,55,Surat,Associate
P04333,Person_04333,57,Rajkot,Associate
P04334,Person_04334,50,Hyderabad,Suspect
P04335,Person_04335,63,Ahmedabad,Witness
P04336,Person_04336,59,Jaipur,Person of Interest
P04337,Person_04337,51,Mumbai,Witness
P04338,Person_04338,38,Indore,Suspect
P04339,Person_04339,22,Bengaluru,Person of Interest
P04340,Person_04340,39,Bengaluru,Person of Interest
P04341,Person_04341,50,Hyderabad,Suspect
P04342,Person_04342,45,Jaipur,Suspect
P04343,Person_04343,31,Pune,Suspect
P04344,Person_04344,58,Indore,Person of Interest
P04345,Person_04345,36,Delhi,Suspect
P04346,Person_04346,43,Vadodara,Associate
P04347,Person_04347,27,Surat,Suspect
P04348,Person_04348,23,Kolkata,Suspect
P04349,Person_04349,30,Pune,Suspect
P04350,Person_04350,36,Surat,Person of Interest
P04351,Person_04351,44,Surat,Suspect
P04352,Person_04352,48,Mumbai,Suspect
P04353,Person_04353,34,Vadodara,Associate
P04354,Person_04354,26,Bengaluru,Witness
P04355,Person_04355,42,Rajkot,Suspect
P04356,Person_04356,56,Hyderabad,Person of Interest
P04357,Person_04357,63,Mumbai,Suspect
P04358,Person_04358,53,Rajkot,Suspect
P04359,Person_04359,22,Hyderabad,Witness
P04360,Person_04360,64,Vadodara,Suspect
P04361,Person_04361,41,Pune,Associate
P04362,Person_04362,37,Jaipur,Suspect
P04363,Person_04363,46,Indore,Person of Interest
P04364,Person_04364,54,Ahmedabad,Witness
P04365,Person_04365,63,Rajkot,Associate
P04366,Person_04366,36,Bengaluru,Suspect
P04367,Person_04367,29,Bengaluru,Suspect
P04368,Person_04368,55,Kolkata,Person of Interest
P04369,Person_04369,22,Surat,Person of Interest
P04370,Person_04370,21,Kolkata,Suspect
P04371,Person_04371,61,Pune,Suspect
P04372,Person_04372,27,Vadodara,Associate
P04373,Person_04373,42,Jaipur,Suspect
P04374,Person_04374,47,Kolkata,Suspect
P04375,Person_04375,41,Ahmedabad,Suspect
P04376,Person_04376,61,Rajkot,Suspect
P04377,Person_04377,32,Delhi,Associate
P04378,Person_04378,56,Bengaluru,Associate
P04379,Person_04379,37,Bengaluru,Witness
P04380,Person_04380,31,Jaipur,Suspect
P04381,Person_04381,22,Pune,Associate
P04382,Person_04382,37,Mumbai,Suspect
P04383,Person_04383,38,Bengaluru,Witness
P04384,Person_04384,64,Hyderabad,Suspect
P04385,Person_04385,58,Hyderabad,Person of Interest
P04386,Person_04386,29,Hyderabad,Suspect
P04387,Person_04387,58,Jaipur,Witness
P04388,Person_04388,43,Kolkata,Person of Interest
P04389,Person_04389,62,Kolkata,Witness
P04390,Person_04390,64,Vadodara,Suspect
P04391,Person_04391,21,Hyderabad,Person of Interest
P04392,Person_04392,39,Kolkata,Suspect
P04393,Person_04393,28,Delhi,Associate
P04394,Person_04394,54,Ahmedabad,Associate
P04395,Person_04395,35,Pune,Suspect
P04396,Person_04396,21,Indore,Person of Interest
P04397,Person_04397,50,Delhi,Suspect
P04398,Person_04398,47,Pune,Suspect
P04399,Person_04399,41,Indore,Person of Interest
P04400,Person_04400,21,Hyderabad,Associate
P04401,Person_04401,39,Indore,Associate
P04402,Person_04402,28,Rajkot,Associate
P04403,Person_04403,50,Mumbai,Person of Interest
P04404,Person_04404,23,Kolkata,Associate
P04405,Person_04405,25,Pune,Suspect
P04406,Person_04406,32,Delhi,Suspect
P04407,Person_04407,64,Bengaluru,Associate
P04408,Person_04408,52,Pune,Associate
P04409,Person_04409,57,Surat,Suspect
P04410,Person_04410,56,Hyderabad,Suspect
P04411,Person_04411,25,Ahmedabad,Associate
P04412,Person_04412,42,Jaipur,Suspect
P04413,Person_04413,47,Ahmedabad,Suspect
P04414,Person_04414,43,Indore,Associate
P04415,Person_04415,60,Vadodara,Suspect
P04416,Person_04416,61,Surat,Suspect
P04417,Person_04417,24,Jaipur,Person of Interest
P04418,Person_04418,39,Kolkata,Suspect
P04419,Person_04419,22,Vadodara,Associate
P04420,Person_04420,56,Indore,Suspect
P04421,Person_04421,32,Kolkata,Person of Interest
P04422,Person_04422,24,Surat,Person of Interest
P04423,Person_04423,51,Pune,Suspect
P04424,Person_04424,39,Kolkata,Person of Interest
P04425,Person_04425,24,Rajkot,Suspect
P04426,Person_04426,27,Mumbai,Suspect
P04427,Person_04427,35,Jaipur,Suspect
P04428,Person_04428,51,Rajkot,Person of Interest
P04429,Person_04429,22,Bengaluru,Witness
P04430,Person_04430,37,Kolkata,Suspect
P04431,Person_04431,60,Hyderabad,Suspect
P04432,Person_04432,21,Hyderabad,Suspect
P04433,Person_04433,56,Delhi,Suspect
P04434,Person_04434,28,Pune,Associate
P04435,Person_04435,46,Vadodara,Suspect
P04436,Person_04436,64,Kolkata,Person of Interest
P04437,Person_04437,55,Pune,Associate
P04438,Person_04438,38,Indore,Person of Interest
P04439,Person_04439,45,Vadodara,Associate
P04440,Person_04440,50,Mumbai,Associate
P04441,Person_04441,51,Kolkata,Suspect
P04442,Person_04442,48,Jaipur,Associate
P04443,Person_04443,49,Hyderabad,Person of Interest
P04444,Person_04444,40,Delhi,Suspect
P04445,Person_04445,31,Surat,Suspect
P04446,Person_04446,23,Indore,Associate
P04447,Person_04447,44,Pune,Suspect
P04448,Person_04448,27,Ahmedabad,Suspect
P04449,Person_04449,56,Surat,Suspect
P04450,Person_04450,63,Kolkata,Suspect
P04451,Person_04451,64,Vadodara,Person of Interest
P04452,Person_04452,59,Pune,Suspect
P04453,Person_04453,40,Surat,Suspect
P04454,Person_04454,42,Ahmedabad,Witness
P04455,Person_04455,44,Bengaluru,Person of Interest
P04456,Person_04456,31,Ahmedabad,Person of Interest
P04457,Person_04457,51,Rajkot,Suspect
P04458,Person_04458,62,Vadodara,Associate
P04459,Person_04459,55,Delhi,Person of Interest
P04460,Person_04460,41,Vadodara,Suspect
P04461,Person_04461,63,Rajkot,Suspect
P04462,Person_04462,38,Ahmedabad,Witness
P04463,Person_04463,25,Bengaluru,Suspect
P04464,Person_04464,35,Jaipur,Associate
P04465,Person_04465,52,Kolkata,Suspect
P04466,Person_04466,25,Vadodara,Suspect
P04467,Person_04467,35,Ahmedabad,Suspect
P04468,Person_04468,57,Jaipur,Suspect
P04469,Person_04469,52,Hyderabad,Witness
P04470,Person_04470,28,Rajkot,Suspect
P04471,Person_04471,37,Bengaluru,Person of Interest
P04472,Person_04472,53,Ahmedabad,Suspect
P04473,Person_04473,33,Vadodara,Associate
P04474,Person_04474,45,Rajkot,Suspect
P04475,Person_04475,25,Rajkot,Associate
P04476,Person_04476,29,Mumbai,Suspect
P04477,Person_04477,30,Vadodara,Person of Interest
P04478,Person_04478,24,Indore,Witness
P04479,Person_04479,26,Indore,Associate
P04480,Person_04480,21,Pune,Suspect
P04481,Person_04481,30,Hyderabad,Suspect
P04482,Person_04482,46,Hyderabad,Associate
P04483,Person_04483,56,Surat,Suspect
P04484,Person_04484,24,Surat,Suspect
P04485,Person_04485,49,Pune,Suspect
P04486,Person_04486,42,Indore,Suspect
P04487,Person_04487,57,Mumbai,Witness
P04488,Person_04488,45,Rajkot,Person of Interest
P04489,Person_04489,57,Mumbai,Associate
P04490,Person_04490,55,Kolkata,Person of Interest
P04491,Person_04491,62,Surat,Suspect
P04492,Person_04492,48,Surat,Suspect
P04493,Person_04493,21,Hyderabad,Suspect
P04494,Person_04494,24,Surat,Suspect
P04495,Person_04495,47,Rajkot,Associate
P04496,Person_04496,55,Hyderabad,Suspect
P04497,Person_04497,53,Indore,Associate
P04498,Person_04498,52,Jaipur,Associate
P04499,Person_04499,59,Hyderabad,Suspect
P04500,Person_04500,53,Jaipur,Witness
P04501,Person_04501,57,Pune,Suspect
P04502,Person_04502,63,Rajkot,Suspect
P04503,Person_04503,52,Kolkata,Associate
P04504,Person_04504,27,Pune,Person of Interest
P04505,Person_04505,44,Pune,Associate
P04506,Person_04506,48,Delhi,Associate
P04507,Person_04507,59,Pune,Suspect
P04508,Person_04508,30,Vadodara,Suspect
P04509,Person_04509,29,Bengaluru,Suspect
P04510,Person_04510,52,Jaipur,Suspect
P04511,Person_04511,56,Ahmedabad,Suspect
P04512,Person_04512,34,Surat,Suspect
P04513,Person_04513,29,Surat,Associate
P04514,Person_04514,57,Surat,Suspect
P04515,Person_04515,48,Hyderabad,Person of Interest
P04516,Person_04516,48,Mumbai,Witness
P04517,Person_04517,61,Pune,Suspect
P04518,Person_04518,33,Pune,Associate
P04519,Person_04519,44,Delhi,Person of Interest
P04520,Person_04520,56,Indore,Suspect
P04521,Person_04521,27,Pune,Person of Interest
P04522,Person_04522,47,Indore,Witness
P04523,Person_04523,55,Bengaluru,Suspect
P04524,Person_04524,40,Jaipur,Person of Interest
P04525,Person_04525,64,Kolkata,Person of Interest
P04526,Person_04526,60,Ahmedabad,Suspect
P04527,Person_04527,37,Pune,Associate
P04528,Person_04528,32,Delhi,Suspect
P04529,Person_04529,63,Rajkot,Person of Interest
P04530,Person_04530,41,Surat,Suspect
P04531,Person_04531,22,Ahmedabad,Associate
P04532,Person_04532,34,Mumbai,Person of Interest
P04533,Person_04533,26,Pune,Witness
P04534,Person_04534,57,Vadodara,Person of Interest
P04535,Person_04535,47,Delhi,Suspect
P04536,Person_04536,32,Surat,Suspect
P04537,Person_04537,49,Ahmedabad,Associate
P04538,Person_04538,48,Hyderabad,Suspect
P04539,Person_04539,52,Hyderabad,Suspect
P04540,Person_04540,60,Jaipur,Suspect
P04541,Person_04541,26,Rajkot,Suspect
P04542,Person_04542,35,Ahmedabad,Suspect
P04543,Person_04543,53,Surat,Suspect
P04544,Person_04544,56,Hyderabad,Suspect
P04545,Person_04545,43,Bengaluru,Associate
P04546,Person_04546,25,Bengaluru,Suspect
P04547,Person_04547,63,Delhi,Associate
P04548,Person_04548,40,Rajkot,Suspect
P04549,Person_04549,50,Jaipur,Associate
P04550,Person_04550,25,Pune,Person of Interest
P04551,Person_04551,24,Kolkata,Suspect
P04552,Person_04552,38,Ahmedabad,Associate
P04553,Person_04553,30,Delhi,Witness
P04554,Person_04554,24,Bengaluru,Person of Interest
P04555,Person_04555,44,Ahmedabad,Suspect
P04556,Person_04556,63,Jaipur,Associate
P04557,Person_04557,41,Vadodara,Suspect
P04558,Person_04558,26,Bengaluru,Suspect
P04559,Person_04559,53,Ahmedabad,Suspect
P04560,Person_04560,33,Vadodara,Associate
P04561,Person_04561,26,Ahmedabad,Suspect
P04562,Person_04562,39,Jaipur,Suspect
P04563,Person_04563,31,Hyderabad,Associate
P04564,Person_04564,29,Bengaluru,Person of Interest
P04565,Person_04565,64,Indore,Suspect
P04566,Person_04566,21,Jaipur,Associate
P04567,Person_04567,56,Pune,Person of Interest
P04568,Person_04568,45,Vadodara,Person of Interest
P04569,Person_04569,38,Ahmedabad,Suspect
P04570,Person_04570,39,Vadodara,Associate
P04571,Person_04571,29,Bengaluru,Associate
P04572,Person_04572,32,Kolkata,Suspect
P04573,Person_04573,47,Delhi,Associate
P04574,Person_04574,24,Surat,Associate
P04575,Person_04575,41,Bengaluru,Suspect
P04576,Person_04576,56,Bengaluru,Person of Interest
P04577,Person_04577,63,Mumbai,Suspect
P04578,Person_04578,45,Bengaluru,Suspect
P04579,Person_04579,37,Bengaluru,Suspect
P04580,Person_04580,25,Mumbai,Suspect
P04581,Person_04581,29,Kolkata,Associate
P04582,Person_04582,54,Kolkata,Suspect
P04583,Person_04583,35,Indore,Suspect
P04584,Person_04584,47,Hyderabad,Associate
P04585,Person_04585,21,Surat,Associate
P04586,Person_04586,31,Hyderabad,Suspect
P04587,Person_04587,38,Ahmedabad,Associate
P04588,Person_04588,50,Mumbai,Associate
P04589,Person_04589,41,Rajkot,Suspect
P04590,Person_04590,61,Hyderabad,Associate
P04591,Person_04591,56,Pune,Suspect
P04592,Person_04592,62,Kolkata,Associate
P04593,Person_04593,31,Vadodara,Suspect
P04594,Person_04594,54,Ahmedabad,Suspect
P04595,Person_04595,59,Jaipur,Suspect
P04596,Person_04596,53,Ahmedabad,Witness
P04597,Person_04597,52,Ahmedabad,Associate
P04598,Person_04598,45,Mumbai,Suspect
P04599,Person_04599,37,Vadodara,Associate
P04600,Person_04600,31,Kolkata,Person of Interest
P04601,Person_04601,22,Vadodara,Suspect
P04602,Person_04602,54,Vadodara,Witness
P04603,Person_04603,40,Pune,Suspect
P04604,Person_04604,29,Pune,Suspect
P04605,Person_04605,33,Ahmedabad,Suspect
P04606,Person_04606,23,Delhi,Associate
P04607,Person_04607,32,Jaipur,Suspect
P04608,Person_04608,51,Hyderabad,Suspect
P04609,Person_04609,31,Rajkot,Associate
P04610,Person_04610,22,Jaipur,Suspect
P04611,Person_04611,45,Ahmedabad,Associate
P04612,Person_04612,32,Ahmedabad,Suspect
P04613,Person_04613,23,Mumbai,Witness
P04614,Person_04614,49,Indore,Suspect
P04615,Person_04615,50,Pune,Person of Interest
P04616,Person_04616,38,Vadodara,Suspect
P04617,Person_04617,40,Vadodara,Suspect
P04618,Person_04618,45,Mumbai,Suspect
P04619,Person_04619,39,Surat,Suspect
P04620,Person_04620,55,Indore,Associate
P04621,Person_04621,31,Vadodara,Suspect
P04622,Person_04622,27,Ahmedabad,Suspect
P04623,Person_04623,50,Indore,Person of Interest
P04624,Person_04624,27,Delhi,Suspect
P04625,Person_04625,46,Rajkot,Suspect
P04626,Person_04626,47,Surat,Suspect
P04627,Person_04627,42,Hyderabad,Suspect
P04628,Person_04628,41,Rajkot,Person of Interest
P04629,Person_04629,50,Mumbai,Suspect
P04630,Person_04630,30,Pune,Person of Interest
P04631,Person_04631,55,Mumbai,Suspect
P04632,Person_04632,57,Kolkata,Suspect
P04633,Person_04633,43,Kolkata,Suspect
P04634,Person_04634,35,Mumbai,Person of Interest
P04635,Person_04635,42,Kolkata,Witness
P04636,Person_04636,54,Vadodara,Person of Interest
P04637,Person_04637,49,Jaipur,Associate
P04638,Person_04638,58,Jaipur,Associate
P04639,Person_04639,23,Pune,Associate
P04640,Person_04640,33,Vadodara,Associate
P04641,Person_04641,60,Hyderabad,Suspect
P04642,Person_04642,52,Rajkot,Suspect
P04643,Person_04643,63,Indore,Suspect
P04644,Person_04644,32,Hyderabad,Associate
P04645,Person_04645,36,Kolkata,Suspect
P04646,Person_04646,29,Delhi,Person of Interest
P04647,Person_04647,24,Mumbai,Associate
P04648,Person_04648,24,Jaipur,Suspect
P04649,Person_04649,21,Rajkot,Associate
P04650,Person_04650,28,Surat,Person of Interest
P04651,Person_04651,34,Hyderabad,Associate
P04652,Person_04652,41,Hyderabad,Suspect
P04653,Person_04653,29,Pune,Witness
P04654,Person_04654,50,Mumbai,Person of Interest
P04655,Person_04655,23,Jaipur,Person of Interest
P04656,Person_04656,22,Ahmedabad,Associate
P04657,Person_04657,26,Ahmedabad,Suspect
P04658,Person_04658,61,Rajkot,Associate
P04659,Person_04659,45,Delhi,Person of Interest
P04660,Person_04660,45,Bengaluru,Person of Interest
P04661,Person_04661,48,Mumbai,Suspect
P04662,Person_04662,48,Indore,Associate
P04663,Person_04663,51,Pune,Suspect
P04664,Person_04664,40,Rajkot,Suspect
P04665,Person_04665,42,Pune,Witness
P04666,Person_04666,40,Jaipur,Suspect
P04667,Person_04667,26,Kolkata,Associate
P04668,Person_04668,52,Jaipur,Associate
P04669,Person_04669,54,Ahmedabad,Associate
P04670,Person_04670,48,Bengaluru,Person of Interest
P04671,Person_04671,64,Rajkot,Witness
P04672,Person_04672,34,Surat,Associate
P04673,Person_04673,35,Rajkot,Suspect
P04674,Person_04674,39,Jaipur,Suspect
P04675,Person_04675,61,Mumbai,Person of Interest
P04676,Person_04676,61,Delhi,Associate
P04677,Person_04677,41,Surat,Person of Interest
P04678,Person_04678,36,Rajkot,Suspect
P04679,Person_04679,48,Pune,Person of Interest
P04680,Person_04680,43,Surat,Person of Interest
P04681,Person_04681,57,Jaipur,Suspect
P04682,Person_04682,24,Hyderabad,Associate
P04683,Person_04683,37,Vadodara,Person of Interest
P04684,Person_04684,47,Bengaluru,Suspect
P04685,Person_04685,35,Pune,Suspect
P04686,Person_04686,50,Kolkata,Person of Interest
P04687,Person_04687,38,Vadodara,Suspect
P04688,Person_04688,43,Rajkot,Associate
P04689,Person_04689,26,Surat,Person of Interest
P04690,Person_04690,63,Pune,Person of Interest
P04691,Person_04691,36,Pune,Person of Interest
P04692,Person_04692,52,Vadodara,Associate
P04693,Person_04693,56,Indore,Suspect
P04694,Person_04694,47,Hyderabad,Suspect
P04695,Person_04695,26,Bengaluru,Person of Interest
P04696,Person_04696,64,Vadodara,Associate
P04697,Person_04697,37,Kolkata,Suspect
P04698,Person_04698,29,Surat,Person of Interest
P04699,Person_04699,21,Pune,Associate
P04700,Person_04700,22,Ahmedabad,Person of Interest
P04701,Person_04701,40,Mumbai,Suspect
P04702,Person_04702,41,Kolkata,Suspect
P04703,Person_04703,30,Indore,Person of Interest
P04704,Person_04704,28,Kolkata,Witness
P04705,Person_04705,38,Delhi,Witness
P04706,Person_04706,35,Surat,Person of Interest
P04707,Person_04707,40,Rajkot,Associate
P04708,Person_04708,55,Surat,Person of Interest
P04709,Person_04709,47,Bengaluru,Suspect
P04710,Person_04710,34,Kolkata,Suspect
P04711,Person_04711,49,Delhi,Witness
P04712,Person_04712,49,Mumbai,Suspect
P04713,Person_04713,36,Kolkata,Suspect
P04714,Person_04714,51,Indore,Suspect
P04715,Person_04715,47,Delhi,Suspect
P04716,Person_04716,42,Delhi,Person of Interest
P04717,Person_04717,39,Mumbai,Suspect
P04718,Person_04718,51,Vadodara,Suspect
P04719,Person_04719,34,Indore,Person of Interest
P04720,Person_04720,60,Surat,Person of Interest
P04721,Person_04721,30,Vadodara,Suspect
P04722,Person_04722,52,Mumbai,Person of Interest
P04723,Person_04723,53,Rajkot,Person of Interest
P04724,Person_04724,64,Pune,Associate
P04725,Person_04725,45,Mumbai,Suspect
P04726,Person_04726,54,Vadodara,Suspect
P04727,Person_04727,41,Jaipur,Suspect
P04728,Person_04728,40,Mumbai,Associate
P04729,Person_04729,31,Hyderabad,Associate
P04730,Person_04730,39,Kolkata,Suspect
P04731,Person_04731,52,Hyderabad,Suspect
P04732,Person_04732,47,Indore,Associate
P04733,Person_04733,45,Kolkata,Person of Interest
P04734,Person_04734,33,Delhi,Suspect
P04735,Person_04735,25,Ahmedabad,Person of Interest
P04736,Person_04736,44,Indore,Suspect
P04737,Person_04737,60,Delhi,Person of Interest
P04738,Person_04738,32,Pune,Suspect
P04739,Person_04739,52,Jaipur,Person of Interest
P04740,Person_04740,41,Indore,Witness
P04741,Person_04741,48,Delhi,Associate
P04742,Person_04742,45,Indore,Associate
P04743,Person_04743,39,Kolkata,Person of Interest
P04744,Person_04744,58,Surat,Person of Interest
P04745,Person_04745,39,Mumbai,Witness
P04746,Person_04746,51,Rajkot,Suspect
P04747,Person_04747,58,Jaipur,Suspect
P04748,Person_04748,24,Hyderabad,Suspect
P04749,Person_04749,44,Kolkata,Suspect
P04750,Person_04750,49,Bengaluru,Suspect
P04751,Person_04751,40,Surat,Suspect
P04752,Person_04752,48,Vadodara,Suspect
P04753,Person_04753,31,Vadodara,Person of Interest
P04754,Person_04754,39,Pune,Suspect
P04755,Person_04755,39,Hyderabad,Suspect
P04756,Person_04756,37,Jaipur,Associate
P04757,Person_04757,61,Ahmedabad,Suspect
P04758,Person_04758,31,Kolkata,Suspect
P04759,Person_04759,62,Delhi,Suspect
P04760,Person_04760,58,Delhi,Associate
P04761,Person_04761,59,Mumbai,Associate
P04762,Person_04762,31,Ahmedabad,Associate
P04763,Person_04763,34,Pune,Suspect
P04764,Person_04764,35,Bengaluru,Suspect
P04765,Person_04765,63,Surat,Person of Interest
P04766,Person_04766,53,Pune,Associate
P04767,Person_04767,21,Jaipur,Suspect
P04768,Person_04768,50,Kolkata,Suspect
P04769,Person_04769,64,Pune,Person of Interest
P04770,Person_04770,41,Vadodara,Suspect
P04771,Person_04771,26,Kolkata,Suspect
P04772,Person_04772,42,Bengaluru,Person of Interest
P04773,Person_04773,61,Vadodara,Associate
P04774,Person_04774,32,Delhi,Person of Interest
P04775,Person_04775,24,Delhi,Suspect
P04776,Person_04776,23,Delhi,Person of Interest
P04777,Person_04777,52,Pune,Suspect
P04778,Person_04778,37,Pune,Associate
P04779,Person_04779,59,Surat,Suspect
P04780,Person_04780,25,Jaipur,Associate
P04781,Person_04781,50,Hyderabad,Person of Interest
P04782,Person_04782,33,Surat,Suspect
P04783,Person_04783,42,Rajkot,Witness
P04784,Person_04784,44,Hyderabad,Suspect
P04785,Person_04785,56,Jaipur,Person of Interest
P04786,Person_04786,49,Kolkata,Suspect
P04787,Person_04787,30,Surat,Suspect
P04788,Person_04788,55,Jaipur,Person of Interest
P04789,Person_04789,49,Mumbai,Suspect
P04790,Person_04790,33,Pune,Suspect
P04791,Person_04791,39,Pune,Suspect
P04792,Person_04792,43,Delhi,Associate
P04793,Person_04793,28,Indore,Person of Interest
P04794,Person_04794,48,Indore,Associate
P04795,Person_04795,52,Jaipur,Suspect
P04796,Person_04796,38,Mumbai,Suspect
P04797,Person_04797,42,Rajkot,Witness
P04798,Person_04798,36,Bengaluru,Suspect
P04799,Person_04799,51,Surat,Associate
P04800,Person_04800,61,Surat,Person of Interest
P04801,Person_04801,55,Ahmedabad,Associate
P04802,Person_04802,35,Ahmedabad,Person of Interest
P04803,Person_04803,32,Jaipur,Suspect
P04804,Person_04804,26,Rajkot,Suspect
P04805,Person_04805,59,Delhi,Suspect
P04806,Person_04806,34,Ahmedabad,Person of Interest
P04807,Person_04807,46,Surat,Associate
P04808,Person_04808,36,Mumbai,Person of Interest
P04809,Person_04809,26,Delhi,Suspect
P04810,Person_04810,51,Rajkot,Suspect
P04811,Person_04811,53,Pune,Suspect
P04812,Person_04812,28,Surat,Person of Interest
P04813,Person_04813,55,Mumbai,Suspect
P04814,Person_04814,36,Kolkata,Person of Interest
P04815,Person_04815,30,Bengaluru,Suspect
P04816,Person_04816,57,Kolkata,Suspect
P04817,Person_04817,31,Ahmedabad,Associate
P04818,Person_04818,23,Ahmedabad,Associate
P04819,Person_04819,53,Vadodara,Person of Interest
P04820,Person_04820,54,Hyderabad,Suspect
P04821,Person_04821,49,Jaipur,Associate
P04822,Person_04822,33,Hyderabad,Suspect
P04823,Person_04823,37,Bengaluru,Person of Interest
P04824,Person_04824,61,Surat,Witness
P04825,Person_04825,53,Delhi,Suspect
P04826,Person_04826,35,Kolkata,Suspect
P04827,Person_04827,41,Delhi,Person of Interest
P04828,Person_04828,47,Indore,Suspect
P04829,Person_04829,37,Rajkot,Person of Interest
P04830,Person_04830,49,Kolkata,Suspect
P04831,Person_04831,36,Mumbai,Suspect
P04832,Person_04832,35,Vadodara,Person of Interest
P04833,Person_04833,36,Hyderabad,Person of Interest
P04834,Person_04834,45,Kolkata,Suspect
P04835,Person_04835,43,Delhi,Suspect
P04836,Person_04836,59,Vadodara,Suspect
P04837,Person_04837,46,Surat,Associate
P04838,Person_04838,40,Kolkata,Suspect
P04839,Person_04839,56,Vadodara,Associate
P04840,Person_04840,40,Bengaluru,Suspect
P04841,Person_04841,31,Surat,Suspect
P04842,Person_04842,53,Rajkot,Suspect
P04843,Person_04843,22,Rajkot,Associate
P04844,Person_04844,44,Indore,Person of Interest
P04845,Person_04845,27,Jaipur,Suspect
P04846,Person_04846,26,Delhi,Person of Interest
P04847,Person_04847,47,Bengaluru,Suspect
P04848,Person_04848,23,Surat,Associate
P04849,Person_04849,33,Bengaluru,Suspect
P04850,Person_04850,43,Pune,Person of Interest
P04851,Person_04851,38,Delhi,Suspect
P04852,Person_04852,30,Mumbai,Suspect
P04853,Person_04853,31,Hyderabad,Person of Interest
P04854,Person_04854,22,Delhi,Associate
P04855,Person_04855,40,Rajkot,Suspect
P04856,Person_04856,47,Hyderabad,Associate
P04857,Person_04857,42,Mumbai,Associate
P04858,Person_04858,27,Mumbai,Suspect
P04859,Person_04859,52,Delhi,Suspect
P04860,Person_04860,41,Jaipur,Suspect
P04861,Person_04861,29,Jaipur,Person of Interest
P04862,Person_04862,39,Mumbai,Associate
P04863,Person_04863,27,Delhi,Associate
P04864,Person_04864,42,Mumbai,Suspect
P04865,Person_04865,24,Delhi,Associate
P04866,Person_04866,34,Mumbai,Suspect
P04867,Person_04867,38,Bengaluru,Associate
P04868,Person_04868,59,Delhi,Person of Interest
P04869,Person_04869,46,Bengaluru,Suspect
P04870,Person_04870,28,Mumbai,Associate
P04871,Person_04871,31,Mumbai,Person of Interest
P04872,Person_04872,53,Bengaluru,Person of Interest
P04873,Person_04873,64,Surat,Person of Interest
P04874,Person_04874,59,Vadodara,Person of Interest
P04875,Person_04875,41,Delhi,Person of Interest
P04876,Person_04876,41,Delhi,Person of Interest
P04877,Person_04877,48,Vadodara,Person of Interest
P04878,Person_04878,54,Jaipur,Suspect
P04879,Person_04879,23,Pune,Person of Interest
P04880,Person_04880,62,Rajkot,Suspect
P04881,Person_04881,55,Kolkata,Suspect
P04882,Person_04882,57,Bengaluru,Suspect
P04883,Person_04883,55,Vadodara,Associate
P04884,Person_04884,56,Hyderabad,Associate
P04885,Person_04885,53,Bengaluru,Suspect
P04886,Person_04886,37,Rajkot,Associate
P04887,Person_04887,60,Pune,Suspect
P04888,Person_04888,44,Surat,Associate
P04889,Person_04889,49,Bengaluru,Suspect
P04890,Person_04890,63,Kolkata,Suspect
P04891,Person_04891,44,Mumbai,Witness
P04892,Person_04892,37,Pune,Suspect
P04893,Person_04893,60,Surat,Suspect
P04894,Person_04894,48,Surat,Suspect
P04895,Person_04895,62,Vadodara,Associate
P04896,Person_04896,37,Hyderabad,Suspect
P04897,Person_04897,32,Surat,Person of Interest
P04898,Person_04898,58,Hyderabad,Suspect
P04899,Person_04899,43,Mumbai,Suspect
P04900,Person_04900,64,Rajkot,Witness
P04901,Person_04901,24,Kolkata,Associate
P04902,Person_04902,59,Indore,Person of Interest
P04903,Person_04903,52,Surat,Suspect
P04904,Person_04904,42,Pune,Suspect
P04905,Person_04905,51,Mumbai,Suspect
P04906,Person_04906,44,Pune,Witness
P04907,Person_04907,48,Ahmedabad,Suspect
P04908,Person_04908,54,Indore,Suspect
P04909,Person_04909,32,Jaipur,Person of Interest
P04910,Person_04910,36,Surat,Suspect
P04911,Person_04911,35,Indore,Suspect
P04912,Person_04912,43,Delhi,Suspect
P04913,Person_04913,30,Delhi,Associate
P04914,Person_04914,27,Bengaluru,Suspect
P04915,Person_04915,44,Bengaluru,Suspect
P04916,Person_04916,63,Rajkot,Suspect
P04917,Person_04917,50,Kolkata,Suspect
P04918,Person_04918,28,Ahmedabad,Suspect
P04919,Person_04919,25,Vadodara,Witness
P04920,Person_04920,63,Jaipur,Suspect
P04921,Person_04921,64,Bengaluru,Suspect
P04922,Person_04922,33,Surat,Associate
P04923,Person_04923,59,Mumbai,Associate
P04924,Person_04924,40,Mumbai,Suspect
P04925,Person_04925,33,Mumbai,Person of Interest
P04926,Person_04926,45,Ahmedabad,Person of Interest
P04927,Person_04927,61,Vadodara,Suspect
P04928,Person_04928,54,Rajkot,Associate
P04929,Person_04929,44,Rajkot,Person of Interest
P04930,Person_04930,42,Hyderabad,Person of Interest
P04931,Person_04931,41,Delhi,Suspect
P04932,Person_04932,33,Pune,Suspect
P04933,Person_04933,34,Pune,Suspect
P04934,Person_04934,54,Indore,Person of Interest
P04935,Person_04935,53,Vadodara,Suspect
P04936,Person_04936,50,Pune,Suspect
P04937,Person_04937,63,Surat,Associate
P04938,Person_04938,29,Vadodara,Witness
P04939,Person_04939,28,Rajkot,Associate
P04940,Person_04940,43,Ahmedabad,Person of Interest
P04941,Person_04941,54,Surat,Suspect
P04942,Person_04942,53,Ahmedabad,Person of Interest
P04943,Person_04943,53,Bengaluru,Person of Interest
P04944,Person_04944,44,Kolkata,Suspect
P04945,Person_04945,41,Rajkot,Suspect
P04946,Person_04946,25,Bengaluru,Associate
P04947,Person_04947,55,Bengaluru,Suspect
P04948,Person_04948,41,Vadodara,Person of Interest
P04949,Person_04949,29,Hyderabad,Person of Interest
P04950,Person_04950,32,Vadodara,Person of Interest
P04951,Person_04951,25,Ahmedabad,Suspect
P04952,Person_04952,57,Pune,Suspect
P04953,Person_04953,61,Hyderabad,Person of Interest
P04954,Person_04954,61,Pune,Associate
P04955,Person_04955,50,Pune,Suspect
P04956,Person_04956,56,Jaipur,Associate
P04957,Person_04957,42,Surat,Suspect
P04958,Person_04958,28,Vadodara,Suspect
P04959,Person_04959,50,Delhi,Suspect
P04960,Person_04960,44,Surat,Person of Interest
P04961,Person_04961,56,Vadodara,Witness
P04962,Person_04962,30,Delhi,Suspect
P04963,Person_04963,34,Bengaluru,Suspect
P04964,Person_04964,31,Bengaluru,Person of Interest
P04965,Person_04965,23,Mumbai,Suspect
P04966,Person_04966,24,Ahmedabad,Person of Interest
P04967,Person_04967,40,Vadodara,Suspect
P04968,Person_04968,61,Hyderabad,Suspect
P04969,Person_04969,41,Delhi,Associate
P04970,Person_04970,55,Surat,Suspect
P04971,Person_04971,63,Jaipur,Associate
P04972,Person_04972,63,Indore,Associate
P04973,Person_04973,37,Mumbai,Suspect
P04974,Person_04974,39,Kolkata,Associate
P04975,Person_04975,27,Delhi,Associate
P04976,Person_04976,38,Pune,Person of Interest
P04977,Person_04977,36,Pune,Suspect
P04978,Person_04978,25,Hyderabad,Person of Interest
P04979,Person_04979,63,Surat,Person of Interest
P04980,Person_04980,50,Hyderabad,Suspect
P04981,Person_04981,23,Jaipur,Witness
P04982,Person_04982,62,Bengaluru,Suspect
P04983,Person_04983,62,Bengaluru,Witness
P04984,Person_04984,21,Hyderabad,Associate
P04985,Person_04985,63,Ahmedabad,Associate
P04986,Person_04986,25,Indore,Suspect
P04987,Person_04987,46,Surat,Suspect
P04988,Person_04988,34,Surat,Associate
P04989,Person_04989,34,Vadodara,Associate
P04990,Person_04990,61,Ahmedabad,Witness
P04991,Person_04991,62,Surat,Suspect
P04992,Person_04992,61,Ahmedabad,Associate
P04993,Person_04993,36,Pune,Person of Interest
P04994,Person_04994,39,Pune,Associate
P04995,Person_04995,56,Jaipur,Associate
P04996,Person_04996,34,Rajkot,Person of Interest
P04997,Person_04997,57,Ahmedabad,Person of Interest
P04998,Person_04998,24,Kolkata,Witness
P04999,Person_04999,62,Rajkot,Person of Interest
P05000,Person_05000,28,Mumbai,Person of Interest
P05001,Person_05001,37,Rajkot,Associate
P05002,Person_05002,44,Ahmedabad,Suspect
P05003,Person_05003,62,Ahmedabad,Associate
P05004,Person_05004,36,Bengaluru,Associate
P05005,Person_05005,40,Mumbai,Suspect
P05006,Person_05006,23,Surat,Associate
P05007,Person_05007,64,Kolkata,Associate
P05008,Person_05008,37,Ahmedabad,Person of Interest
P05009,Person_05009,39,Surat,Suspect
P05010,Person_05010,61,Rajkot,Person of Interest
P05011,Person_05011,40,Surat,Suspect
P05012,Person_05012,27,Pune,Suspect
P05013,Person_05013,23,Jaipur,Suspect
P05014,Person_05014,27,Surat,Person of Interest
P05015,Person_05015,38,Vadodara,Associate
P05016,Person_05016,57,Hyderabad,Witness
P05017,Person_05017,27,Kolkata,Suspect
P05018,Person_05018,21,Ahmedabad,Suspect
P05019,Person_05019,31,Kolkata,Suspect
P05020,Person_05020,21,Pune,Person of Interest
P05021,Person_05021,27,Ahmedabad,Suspect
P05022,Person_05022,32,Jaipur,Suspect
P05023,Person_05023,26,Mumbai,Suspect
P05024,Person_05024,28,Indore,Associate
P05025,Person_05025,55,Indore,Suspect
P05026,Person_05026,57,Pune,Associate
P05027,Person_05027,32,Jaipur,Suspect
P05028,Person_05028,29,Rajkot,Suspect
P05029,Person_05029,54,Kolkata,Associate
P05030,Person_05030,28,Ahmedabad,Suspect
P05031,Person_05031,23,Ahmedabad,Person of Interest
P05032,Person_05032,33,Mumbai,Suspect
P05033,Person_05033,44,Vadodara,Suspect
P05034,Person_05034,48,Hyderabad,Suspect
P05035,Person_05035,31,Kolkata,Person of Interest
P05036,Person_05036,53,Bengaluru,Suspect
P05037,Person_05037,53,Delhi,Suspect
P05038,Person_05038,28,Delhi,Suspect
P05039,Person_05039,64,Jaipur,Suspect
P05040,Person_05040,34,Kolkata,Associate
P05041,Person_05041,45,Surat,Associate
P05042,Person_05042,45,Rajkot,Associate
P05043,Person_05043,51,Indore,Suspect
P05044,Person_05044,30,Mumbai,Suspect
P05045,Person_05045,25,Indore,Associate
P05046,Person_05046,27,Mumbai,Suspect
P05047,Person_05047,63,Jaipur,Suspect
P05048,Person_05048,64,Ahmedabad,Suspect
P05049,Person_05049,40,Indore,Person of Interest
P05050,Person_05050,45,Mumbai,Person of Interest
P05051,Person_05051,44,Bengaluru,Witness
P05052,Person_05052,60,Hyderabad,Person of Interest
P05053,Person_05053,63,Delhi,Person of Interest
P05054,Person_05054,40,Ahmedabad,Associate
P05055,Person_05055,57,Kolkata,Person of Interest
P05056,Person_05056,35,Ahmedabad,Person of Interest
P05057,Person_05057,48,Rajkot,Suspect
P05058,Person_05058,21,Rajkot,Associate
P05059,Person_05059,49,Indore,Person of Interest
P05060,Person_05060,62,Ahmedabad,Suspect
P05061,Person_05061,57,Delhi,Associate
P05062,Person_05062,51,Bengaluru,Suspect
P05063,Person_05063,53,Jaipur,Person of Interest
P05064,Person_05064,28,Surat,Person of Interest
P05065,Person_05065,63,Surat,Suspect
P05066,Person_05066,57,Pune,Person of Interest
P05067,Person_05067,34,Jaipur,Suspect
P05068,Person_05068,45,Pune,Person of Interest
P05069,Person_05069,56,Ahmedabad,Suspect
P05070,Person_05070,59,Rajkot,Person of Interest
P05071,Person_05071,47,Indore,Person of Interest
P05072,Person_05072,43,Delhi,Person of Interest
P05073,Person_05073,50,Jaipur,Person of Interest
P05074,Person_05074,44,Delhi,Associate
P05075,Person_05075,50,Delhi,Suspect
P05076,Person_05076,58,Mumbai,Suspect
P05077,Person_05077,59,Rajkot,Suspect
P05078,Person_05078,38,Jaipur,Witness
P05079,Person_05079,33,Delhi,Suspect
P05080,Person_05080,60,Pune,Person of Interest
P05081,Person_05081,50,Hyderabad,Suspect
P05082,Person_05082,33,Kolkata,Suspect
P05083,Person_05083,41,Pune,Associate
P05084,Person_05084,46,Surat,Suspect
P05085,Person_05085,33,Vadodara,Suspect
P05086,Person_05086,56,Mumbai,Suspect
P05087,Person_05087,21,Kolkata,Suspect
P05088,Person_05088,28,Indore,Associate
P05089,Person_05089,35,Kolkata,Person of Interest
P05090,Person_05090,44,Hyderabad,Person of Interest
P05091,Person_05091,22,Mumbai,Suspect
P05092,Person_05092,59,Mumbai,Suspect
P05093,Person_05093,38,Hyderabad,Associate
P05094,Person_05094,50,Bengaluru,Associate
P05095,Person_05095,36,Mumbai,Person of Interest
P05096,Person_05096,35,Jaipur,Suspect
P05097,Person_05097,45,Indore,Person of Interest
P05098,Person_05098,64,Vadodara,Associate
P05099,Person_05099,36,Rajkot,Suspect
P05100,Person_05100,64,Kolkata,Person of Interest
P05101,Person_05101,56,Pune,Suspect
P05102,Person_05102,39,Hyderabad,Person of Interest
P05103,Person_05103,23,Kolkata,Person of Interest
P05104,Person_05104,31,Rajkot,Associate
P05105,Person_05105,36,Kolkata,Associate
P05106,Person_05106,64,Ahmedabad,Suspect
P05107,Person_05107,35,Bengaluru,Associate
P05108,Person_05108,58,Hyderabad,Associate
P05109,Person_05109,59,Rajkot,Suspect
P05110,Person_05110,51,Jaipur,Suspect
P05111,Person_05111,62,Pune,Suspect
P05112,Person_05112,42,Surat,Associate
P05113,Person_05113,38,Mumbai,Associate
P05114,Person_05114,33,Delhi,Associate
P05115,Person_05115,57,Ahmedabad,Suspect
P05116,Person_05116,21,Surat,Suspect
P05117,Person_05117,40,Indore,Person of Interest
P05118,Person_05118,47,Rajkot,Associate
P05119,Person_05119,52,Indore,Person of Interest
P05120,Person_05120,47,Hyderabad,Suspect
P05121,Person_05121,42,Hyderabad,Person of Interest
P05122,Person_05122,64,Ahmedabad,Person of Interest
P05123,Person_05123,35,Vadodara,Witness
P05124,Person_05124,28,Delhi,Suspect
P05125,Person_05125,33,Mumbai,Suspect
P05126,Person_05126,60,Rajkot,Person of Interest
P05127,Person_05127,27,Kolkata,Suspect
P05128,Person_05128,45,Surat,Person of Interest
P05129,Person_05129,42,Delhi,Associate
P05130,Person_05130,61,Jaipur,Associate
P05131,Person_05131,32,Mumbai,Suspect
P05132,Person_05132,23,Jaipur,Suspect
P05133,Person_05133,52,Delhi,Suspect
P05134,Person_05134,57,Surat,Person of Interest
P05135,Person_05135,42,Jaipur,Suspect
P05136,Person_05136,52,Vadodara,Suspect
P05137,Person_05137,33,Pune,Suspect
P05138,Person_05138,53,Jaipur,Person of Interest
P05139,Person_05139,32,Delhi,Person of Interest
P05140,Person_05140,21,Pune,Suspect
P05141,Person_05141,54,Bengaluru,Suspect
P05142,Person_05142,41,Mumbai,Person of Interest
P05143,Person_05143,24,Hyderabad,Suspect
P05144,Person_05144,60,Bengaluru,Associate
P05145,Person_05145,21,Delhi,Associate
P05146,Person_05146,32,Vadodara,Person of Interest
P05147,Person_05147,30,Hyderabad,Suspect
P05148,Person_05148,51,Ahmedabad,Person of Interest
P05149,Person_05149,37,Delhi,Suspect
P05150,Person_05150,59,Ahmedabad,Associate
P05151,Person_05151,21,Vadodara,Person of Interest
P05152,Person_05152,24,Surat,Suspect
P05153,Person_05153,50,Vadodara,Person of Interest
P05154,Person_05154,34,Hyderabad,Person of Interest
P05155,Person_05155,27,Jaipur,Associate
P05156,Person_05156,60,Jaipur,Suspect
P05157,Person_05157,46,Bengaluru,Associate
P05158,Person_05158,45,Mumbai,Person of Interest
P05159,Person_05159,54,Rajkot,Suspect
P05160,Person_05160,21,Indore,Suspect
P05161,Person_05161,59,Delhi,Suspect
P05162,Person_05162,51,Pune,Suspect
P05163,Person_05163,41,Pune,Associate
P05164,Person_05164,55,Vadodara,Person of Interest
P05165,Person_05165,40,Jaipur,Associate
P05166,Person_05166,50,Pune,Person of Interest
P05167,Person_05167,24,Pune,Suspect
P05168,Person_05168,60,Indore,Associate
P05169,Person_05169,39,Kolkata,Suspect
P05170,Person_05170,55,Rajkot,Suspect
P05171,Person_05171,62,Vadodara,Suspect
P05172,Person_05172,57,Pune,Associate
P05173,Person_05173,27,Ahmedabad,Person of Interest
P05174,Person_05174,39,Jaipur,Person of Interest
P05175,Person_05175,22,Hyderabad,Associate
P05176,Person_05176,39,Rajkot,Associate
P05177,Person_05177,38,Jaipur,Associate
P05178,Person_05178,40,Indore,Suspect
P05179,Person_05179,38,Delhi,Person of Interest
P05180,Person_05180,33,Delhi,Associate
P05181,Person_05181,26,Bengaluru,Suspect
P05182,Person_05182,25,Surat,Associate
P05183,Person_05183,59,Jaipur,Suspect
P05184,Person_05184,30,Pune,Person of Interest
P05185,Person_05185,24,Ahmedabad,Person of Interest
P05186,Person_05186,34,Rajkot,Witness
P05187,Person_05187,41,Surat,Associate
P05188,Person_05188,31,Jaipur,Suspect
P05189,Person_05189,28,Mumbai,Associate
P05190,Person_05190,35,Pune,Person of Interest
P05191,Person_05191,39,Bengaluru,Associate
P05192,Person_05192,35,Kolkata,Suspect
P05193,Person_05193,39,Jaipur,Suspect
P05194,Person_05194,61,Delhi,Associate
P05195,Person_05195,59,Bengaluru,Person of Interest
P05196,Person_05196,39,Mumbai,Suspect
P05197,Person_05197,41,Ahmedabad,Person of Interest
P05198,Person_05198,45,Jaipur,Person of Interest
P05199,Person_05199,50,Vadodara,Associate
P05200,Person_05200,53,Delhi,Associate
P05201,Person_05201,34,Bengaluru,Associate
P05202,Person_05202,25,Surat,Associate
P05203,Person_05203,31,Pune,Suspect
P05204,Person_05204,35,Vadodara,Person of Interest
P05205,Person_05205,56,Kolkata,Person of Interest
P05206,Person_05206,50,Pune,Suspect
P05207,Person_05207,41,Rajkot,Person of Interest
P05208,Person_05208,46,Mumbai,Associate
P05209,Person_05209,43,Vadodara,Witness
P05210,Person_05210,48,Rajkot,Associate
P05211,Person_05211,22,Pune,Suspect
P05212,Person_05212,43,Jaipur,Associate
P05213,Person_05213,63,Jaipur,Associate
P05214,Person_05214,21,Mumbai,Associate
P05215,Person_05215,49,Pune,Suspect
P05216,Person_05216,52,Delhi,Associate
P05217,Person_05217,25,Vadodara,Suspect
P05218,Person_05218,63,Jaipur,Suspect
P05219,Person_05219,34,Rajkot,Suspect
P05220,Person_05220,52,Bengaluru,Associate
P05221,Person_05221,34,Pune,Suspect
P05222,Person_05222,50,Delhi,Associate
P05223,Person_05223,45,Kolkata,Associate
P05224,Person_05224,44,Hyderabad,Suspect
P05225,Person_05225,57,Ahmedabad,Witness
P05226,Person_05226,45,Rajkot,Person of Interest
P05227,Person_05227,53,Indore,Suspect
P05228,Person_05228,44,Kolkata,Associate
P05229,Person_05229,22,Mumbai,Associate
P05230,Person_05230,36,Kolkata,Associate
P05231,Person_05231,28,Kolkata,Suspect
P05232,Person_05232,25,Hyderabad,Suspect
P05233,Person_05233,26,Bengaluru,Witness
P05234,Person_05234,47,Mumbai,Associate
P05235,Person_05235,52,Hyderabad,Suspect
P05236,Person_05236,28,Vadodara,Person of Interest
P05237,Person_05237,60,Bengaluru,Associate
P05238,Person_05238,33,Surat,Suspect
P05239,Person_05239,43,Bengaluru,Person of Interest
P05240,Person_05240,32,Kolkata,Person of Interest
P05241,Person_05241,60,Rajkot,Associate
P05242,Person_05242,49,Rajkot,Person of Interest
P05243,Person_05243,30,Kolkata,Suspect
P05244,Person_05244,52,Pune,Suspect
P05245,Person_05245,42,Hyderabad,Suspect
P05246,Person_05246,63,Delhi,Suspect
P05247,Person_05247,59,Mumbai,Person of Interest
P05248,Person_05248,64,Vadodara,Associate
P05249,Person_05249,60,Mumbai,Suspect
P05250,Person_05250,54,Bengaluru,Person of Interest
P05251,Person_05251,57,Rajkot,Suspect
P05252,Person_05252,63,Kolkata,Associate
P05253,Person_05253,54,Rajkot,Person of Interest
P05254,Person_05254,25,Indore,Person of Interest
P05255,Person_05255,52,Hyderabad,Associate
P05256,Person_05256,52,Pune,Suspect
P05257,Person_05257,41,Jaipur,Associate
P05258,Person_05258,64,Hyderabad,Associate
P05259,Person_05259,40,Pune,Person of Interest
P05260,Person_05260,62,Surat,Suspect
P05261,Person_05261,38,Jaipur,Associate
P05262,Person_05262,41,Ahmedabad,Suspect
P05263,Person_05263,60,Hyderabad,Suspect
P05264,Person_05264,26,Indore,Person of Interest
P05265,Person_05265,22,Rajkot,Suspect
P05266,Person_05266,40,Vadodara,Witness
P05267,Person_05267,29,Delhi,Suspect
P05268,Person_05268,48,Mumbai,Associate
P05269,Person_05269,39,Surat,Suspect
P05270,Person_05270,31,Mumbai,Associate
P05271,Person_05271,54,Bengaluru,Associate
P05272,Person_05272,48,Ahmedabad,Suspect
P05273,Person_05273,47,Ahmedabad,Suspect
P05274,Person_05274,59,Surat,Person of Interest
P05275,Person_05275,40,Ahmedabad,Associate
P05276,Person_05276,29,Bengaluru,Suspect
P05277,Person_05277,63,Bengaluru,Person of Interest
P05278,Person_05278,48,Indore,Suspect
P05279,Person_05279,64,Bengaluru,Associate
P05280,Person_05280,63,Pune,Suspect
P05281,Person_05281,23,Kolkata,Witness
P05282,Person_05282,27,Surat,Suspect
P05283,Person_05283,25,Pune,Witness
P05284,Person_05284,39,Bengaluru,Suspect
P05285,Person_05285,30,Ahmedabad,Associate
P05286,Person_05286,38,Vadodara,Suspect
P05287,Person_05287,36,Bengaluru,Associate
P05288,Person_05288,61,Jaipur,Suspect
P05289,Person_05289,61,Delhi,Person of Interest
P05290,Person_05290,56,Jaipur,Person of Interest
P05291,Person_05291,31,Rajkot,Suspect
P05292,Person_05292,43,Vadodara,Associate
P05293,Person_05293,24,Rajkot,Person of Interest
P05294,Person_05294,61,Kolkata,Suspect
P05295,Person_05295,39,Kolkata,Person of Interest
P05296,Person_05296,60,Vadodara,Suspect
P05297,Person_05297,46,Ahmedabad,Person of Interest
P05298,Person_05298,29,Pune,Witness
P05299,Person_05299,53,Hyderabad,Associate
P05300,Person_05300,39,Indore,Suspect
P05301,Person_05301,33,Mumbai,Person of Interest
P05302,Person_05302,31,Delhi,Person of Interest
P05303,Person_05303,43,Ahmedabad,Suspect
P05304,Person_05304,48,Mumbai,Person of Interest
P05305,Person_05305,59,Vadodara,Suspect
P05306,Person_05306,63,Jaipur,Associate
P05307,Person_05307,58,Bengaluru,Person of Interest
P05308,Person_05308,44,Kolkata,Person of Interest
P05309,Person_05309,61,Bengaluru,Person of Interest
P05310,Person_05310,47,Kolkata,Suspect
P05311,Person_05311,64,Hyderabad,Witness
P05312,Person_05312,45,Mumbai,Associate
P05313,Person_05313,62,Vadodara,Person of Interest
P05314,Person_05314,43,Pune,Person of Interest
P05315,Person_05315,40,Jaipur,Person of Interest
P05316,Person_05316,38,Delhi,Suspect
P05317,Person_05317,25,Jaipur,Suspect
P05318,Person_05318,62,Mumbai,Suspect
P05319,Person_05319,25,Pune,Associate
P05320,Person_05320,63,Bengaluru,Associate
P05321,Person_05321,61,Mumbai,Associate
P05322,Person_05322,36,Surat,Suspect
P05323,Person_05323,35,Bengaluru,Suspect
P05324,Person_05324,48,Vadodara,Suspect
P05325,Person_05325,27,Mumbai,Suspect
P05326,Person_05326,37,Delhi,Associate
P05327,Person_05327,41,Ahmedabad,Associate
P05328,Person_05328,26,Indore,Person of Interest
P05329,Person_05329,25,Mumbai,Person of Interest
P05330,Person_05330,50,Bengaluru,Associate
P05331,Person_05331,22,Kolkata,Suspect
P05332,Person_05332,64,Pune,Suspect
P05333,Person_05333,63,Delhi,Associate
P05334,Person_05334,31,Ahmedabad,Person of Interest
P05335,Person_05335,24,Delhi,Suspect
P05336,Person_05336,38,Surat,Suspect
P05337,Person_05337,50,Delhi,Person of Interest
P05338,Person_05338,63,Pune,Suspect
P05339,Person_05339,30,Surat,Person of Interest
P05340,Person_05340,33,Bengaluru,Suspect
P05341,Person_05341,39,Hyderabad,Associate
P05342,Person_05342,26,Jaipur,Associate
P05343,Person_05343,21,Pune,Associate
P05344,Person_05344,53,Indore,Witness
P05345,Person_05345,39,Jaipur,Suspect
P05346,Person_05346,61,Vadodara,Suspect
P05347,Person_05347,51,Jaipur,Associate
P05348,Person_05348,22,Jaipur,Suspect
P05349,Person_05349,30,Ahmedabad,Person of Interest
P05350,Person_05350,49,Delhi,Suspect
P05351,Person_05351,30,Rajkot,Person of Interest
P05352,Person_05352,43,Rajkot,Suspect
P05353,Person_05353,36,Rajkot,Associate
P05354,Person_05354,43,Kolkata,Suspect
P05355,Person_05355,61,Vadodara,Person of Interest
P05356,Person_05356,42,Hyderabad,Person of Interest
P05357,Person_05357,39,Pune,Suspect
P05358,Person_05358,31,Kolkata,Suspect
P05359,Person_05359,37,Indore,Person of Interest
P05360,Person_05360,55,Pune,Suspect
P05361,Person_05361,60,Hyderabad,Suspect
P05362,Person_05362,50,Ahmedabad,Associate
P05363,Person_05363,59,Pune,Suspect
P05364,Person_05364,51,Pune,Suspect
P05365,Person_05365,63,Indore,Person of Interest
P05366,Person_05366,45,Bengaluru,Suspect
P05367,Person_05367,58,Mumbai,Person of Interest
P05368,Person_05368,48,Pune,Suspect
P05369,Person_05369,62,Mumbai,Associate
P05370,Person_05370,64,Rajkot,Associate
P05371,Person_05371,35,Ahmedabad,Suspect
P05372,Person_05372,23,Hyderabad,Suspect
P05373,Person_05373,64,Rajkot,Suspect
P05374,Person_05374,51,Surat,Person of Interest
P05375,Person_05375,56,Delhi,Suspect
P05376,Person_05376,59,Delhi,Person of Interest
P05377,Person_05377,54,Pune,Associate
P05378,Person_05378,51,Mumbai,Associate
P05379,Person_05379,48,Ahmedabad,Witness
P05380,Person_05380,29,Indore,Suspect
P05381,Person_05381,50,Ahmedabad,Person of Interest
P05382,Person_05382,26,Pune,Person of Interest
P05383,Person_05383,35,Bengaluru,Suspect
P05384,Person_05384,35,Ahmedabad,Suspect
P05385,Person_05385,22,Jaipur,Person of Interest
P05386,Person_05386,49,Vadodara,Person of Interest
P05387,Person_05387,37,Ahmedabad,Suspect
P05388,Person_05388,31,Delhi,Associate
P05389,Person_05389,52,Rajkot,Associate
P05390,Person_05390,35,Delhi,Suspect
P05391,Person_05391,31,Hyderabad,Suspect
P05392,Person_05392,29,Indore,Person of Interest
P05393,Person_05393,23,Hyderabad,Suspect
P05394,Person_05394,50,Ahmedabad,Suspect
P05395,Person_05395,50,Pune,Suspect
P05396,Person_05396,29,Jaipur,Person of Interest
P05397,Person_05397,28,Hyderabad,Suspect
P05398,Person_05398,58,Ahmedabad,Associate
P05399,Person_05399,36,Ahmedabad,Person of Interest
P05400,Person_05400,23,Delhi,Suspect
P05401,Person_05401,50,Bengaluru,Suspect
P05402,Person_05402,43,Bengaluru,Suspect
P05403,Person_05403,50,Delhi,Associate
P05404,Person_05404,49,Jaipur,Suspect
P05405,Person_05405,49,Hyderabad,Person of Interest
P05406,Person_05406,37,Indore,Associate
P05407,Person_05407,39,Jaipur,Person of Interest
P05408,Person_05408,24,Kolkata,Suspect
P05409,Person_05409,36,Ahmedabad,Suspect
P05410,Person_05410,35,Jaipur,Suspect
P05411,Person_05411,26,Ahmedabad,Associate
P05412,Person_05412,43,Mumbai,Associate
P05413,Person_05413,33,Bengaluru,Suspect
P05414,Person_05414,49,Ahmedabad,Suspect
P05415,Person_05415,55,Delhi,Suspect
P05416,Person_05416,47,Vadodara,Suspect
P05417,Person_05417,30,Indore,Associate
P05418,Person_05418,60,Surat,Suspect
P05419,Person_05419,59,Indore,Suspect
P05420,Person_05420,61,Vadodara,Associate
P05421,Person_05421,56,Ahmedabad,Associate
P05422,Person_05422,25,Surat,Associate
P05423,Person_05423,34,Jaipur,Suspect
P05424,Person_05424,21,Delhi,Suspect
P05425,Person_05425,37,Surat,Suspect
P05426,Person_05426,60,Rajkot,Suspect
P05427,Person_05427,54,Delhi,Suspect
P05428,Person_05428,34,Kolkata,Associate
P05429,Person_05429,40,Kolkata,Person of Interest
P05430,Person_05430,33,Indore,Person of Interest
P05431,Person_05431,24,Hyderabad,Associate
P05432,Person_05432,23,Indore,Suspect
P05433,Person_05433,56,Bengaluru,Associate
P05434,Person_05434,51,Indore,Suspect
P05435,Person_05435,25,Ahmedabad,Suspect
P05436,Person_05436,52,Kolkata,Person of Interest
P05437,Person_05437,27,Delhi,Suspect
P05438,Person_05438,22,Mumbai,Person of Interest
P05439,Person_05439,46,Delhi,Associate
P05440,Person_05440,34,Bengaluru,Suspect
P05441,Person_05441,29,Surat,Suspect
P05442,Person_05442,30,Pune,Suspect
P05443,Person_05443,50,Delhi,Suspect
P05444,Person_05444,29,Surat,Person of Interest
P05445,Person_05445,54,Pune,Person of Interest
P05446,Person_05446,28,Kolkata,Person of Interest
P05447,Person_05447,39,Bengaluru,Suspect
P05448,Person_05448,31,Hyderabad,Suspect
P05449,Person_05449,34,Ahmedabad,Suspect
P05450,Person_05450,47,Delhi,Suspect
P05451,Person_05451,21,Surat,Person of Interest
P05452,Person_05452,50,Ahmedabad,Suspect
P05453,Person_05453,57,Indore,Suspect
P05454,Person_05454,50,Mumbai,Suspect
P05455,Person_05455,23,Kolkata,Associate
P05456,Person_05456,58,Jaipur,Associate
P05457,Person_05457,45,Delhi,Witness
P05458,Person_05458,22,Jaipur,Person of Interest
P05459,Person_05459,33,Bengaluru,Suspect
P05460,Person_05460,50,Surat,Suspect
P05461,Person_05461,29,Jaipur,Suspect
P05462,Person_05462,44,Pune,Suspect
P05463,Person_05463,44,Jaipur,Associate
P05464,Person_05464,49,Jaipur,Suspect
P05465,Person_05465,23,Bengaluru,Suspect
P05466,Person_05466,26,Kolkata,Witness
P05467,Person_05467,35,Pune,Suspect
P05468,Person_05468,45,Vadodara,Person of Interest
P05469,Person_05469,22,Rajkot,Suspect
P05470,Person_05470,50,Indore,Associate
P05471,Person_05471,60,Vadodara,Associate
P05472,Person_05472,55,Hyderabad,Suspect
P05473,Person_05473,60,Kolkata,Person of Interest
P05474,Person_05474,25,Bengaluru,Suspect
P05475,Person_05475,64,Jaipur,Associate
P05476,Person_05476,22,Kolkata,Suspect
P05477,Person_05477,35,Ahmedabad,Associate
P05478,Person_05478,52,Rajkot,Person of Interest
P05479,Person_05479,22,Jaipur,Person of Interest
P05480,Person_05480,59,Pune,Associate
P05481,Person_05481,39,Vadodara,Suspect
P05482,Person_05482,24,Surat,Person of Interest
P05483,Person_05483,44,Mumbai,Suspect
P05484,Person_05484,34,Jaipur,Associate
P05485,Person_05485,61,Pune,Associate
P05486,Person_05486,62,Delhi,Suspect
P05487,Person_05487,27,Delhi,Associate
P05488,Person_05488,41,Kolkata,Suspect
P05489,Person_05489,37,Jaipur,Suspect
P05490,Person_05490,56,Delhi,Suspect
P05491,Person_05491,50,Kolkata,Associate
P05492,Person_05492,53,Mumbai,Associate
P05493,Person_05493,61,Vadodara,Suspect
P05494,Person_05494,22,Vadodara,Suspect
P05495,Person_05495,22,Rajkot,Suspect
P05496,Person_05496,24,Jaipur,Suspect
P05497,Person_05497,46,Mumbai,Associate
P05498,Person_05498,42,Pune,Suspect
P05499,Person_05499,58,Ahmedabad,Suspect
P05500,Person_05500,41,Surat,Suspect
P05501,Person_05501,51,Rajkot,Suspect
P05502,Person_05502,33,Rajkot,Suspect
P05503,Person_05503,56,Vadodara,Person of Interest
P05504,Person_05504,48,Vadodara,Witness
P05505,Person_05505,64,Surat,Witness
P05506,Person_05506,25,Mumbai,Suspect
P05507,Person_05507,56,Hyderabad,Person of Interest
P05508,Person_05508,54,Hyderabad,Witness
P05509,Person_05509,30,Mumbai,Suspect
P05510,Person_05510,22,Bengaluru,Person of Interest
P05511,Person_05511,48,Hyderabad,Associate
P05512,Person_05512,45,Pune,Suspect
P05513,Person_05513,21,Kolkata,Associate
P05514,Person_05514,58,Pune,Suspect
P05515,Person_05515,21,Hyderabad,Suspect
P05516,Person_05516,23,Surat,Suspect
P05517,Person_05517,21,Hyderabad,Person of Interest
P05518,Person_05518,25,Vadodara,Suspect
P05519,Person_05519,41,Pune,Associate
P05520,Person_05520,38,Jaipur,Associate
P05521,Person_05521,40,Indore,Person of Interest
P05522,Person_05522,23,Indore,Associate
P05523,Person_05523,33,Rajkot,Suspect
P05524,Person_05524,58,Hyderabad,Associate
P05525,Person_05525,30,Mumbai,Person of Interest
P05526,Person_05526,33,Vadodara,Person of Interest
P05527,Person_05527,38,Rajkot,Witness
P05528,Person_05528,52,Indore,Suspect
P05529,Person_05529,21,Hyderabad,Person of Interest
P05530,Person_05530,47,Ahmedabad,Suspect
P05531,Person_05531,60,Delhi,Person of Interest
P05532,Person_05532,28,Kolkata,Suspect
P05533,Person_05533,30,Kolkata,Associate
P05534,Person_05534,49,Kolkata,Associate
P05535,Person_05535,60,Kolkata,Person of Interest
P05536,Person_05536,51,Delhi,Suspect
P05537,Person_05537,22,Bengaluru,Person of Interest
P05538,Person_05538,42,Bengaluru,Suspect
P05539,Person_05539,22,Mumbai,Associate
P05540,Person_05540,54,Delhi,Associate
P05541,Person_05541,33,Kolkata,Person of Interest
P05542,Person_05542,35,Mumbai,Suspect
P05543,Person_05543,54,Pune,Suspect
P05544,Person_05544,49,Mumbai,Person of Interest
P05545,Person_05545,28,Kolkata,Person of Interest
P05546,Person_05546,49,Pune,Suspect
P05547,Person_05547,39,Rajkot,Person of Interest
P05548,Person_05548,34,Jaipur,Associate
P05549,Person_05549,59,Kolkata,Suspect
P05550,Person_05550,37,Delhi,Person of Interest
P05551,Person_05551,54,Ahmedabad,Suspect
P05552,Person_05552,26,Jaipur,Suspect
P05553,Person_05553,34,Indore,Suspect
P05554,Person_05554,56,Jaipur,Person of Interest
P05555,Person_05555,32,Mumbai,Associate
P05556,Person_05556,60,Kolkata,Associate
P05557,Person_05557,26,Jaipur,Associate
P05558,Person_05558,27,Rajkot,Associate
P05559,Person_05559,30,Bengaluru,Associate
P05560,Person_05560,29,Hyderabad,Suspect
P05561,Person_05561,51,Kolkata,Witness
P05562,Person_05562,32,Jaipur,Person of Interest
P05563,Person_05563,41,Surat,Suspect
P05564,Person_05564,27,Pune,Suspect
P05565,Person_05565,41,Mumbai,Suspect
P05566,Person_05566,27,Ahmedabad,Associate
P05567,Person_05567,37,Surat,Suspect
P05568,Person_05568,45,Pune,Person of Interest
P05569,Person_05569,63,Ahmedabad,Witness
P05570,Person_05570,26,Bengaluru,Associate
P05571,Person_05571,46,Pune,Associate
P05572,Person_05572,61,Mumbai,Suspect
P05573,Person_05573,48,Delhi,Suspect
P05574,Person_05574,52,Kolkata,Person of Interest
P05575,Person_05575,27,Rajkot,Person of Interest
P05576,Person_05576,35,Ahmedabad,Associate
P05577,Person_05577,59,Bengaluru,Suspect
P05578,Person_05578,45,Vadodara,Associate
P05579,Person_05579,44,Rajkot,Person of Interest
P05580,Person_05580,42,Bengaluru,Suspect
P05581,Person_05581,44,Indore,Person of Interest
P05582,Person_05582,46,Hyderabad,Person of Interest
P05583,Person_05583,23,Rajkot,Suspect
P05584,Person_05584,32,Mumbai,Suspect
P05585,Person_05585,43,Surat,Person of Interest
P05586,Person_05586,31,Pune,Suspect
P05587,Person_05587,43,Kolkata,Associate
P05588,Person_05588,61,Surat,Person of Interest
P05589,Person_05589,25,Kolkata,Person of Interest
P05590,Person_05590,23,Hyderabad,Suspect
P05591,Person_05591,43,Jaipur,Person of Interest
P05592,Person_05592,50,Bengaluru,Person of Interest
P05593,Person_05593,21,Rajkot,Associate
P05594,Person_05594,50,Kolkata,Suspect
P05595,Person_05595,38,Hyderabad,Suspect
P05596,Person_05596,58,Ahmedabad,Suspect
P05597,Person_05597,45,Ahmedabad,Suspect
P05598,Person_05598,36,Bengaluru,Person of Interest
P05599,Person_05599,34,Surat,Person of Interest
P05600,Person_05600,46,Surat,Person of Interest
P05601,Person_05601,38,Surat,Person of Interest
P05602,Person_05602,54,Hyderabad,Suspect
P05603,Person_05603,61,Kolkata,Associate
P05604,Person_05604,40,Ahmedabad,Associate
P05605,Person_05605,57,Indore,Person of Interest
P05606,Person_05606,23,Surat,Person of Interest
P05607,Person_05607,51,Delhi,Person of Interest
P05608,Person_05608,43,Vadodara,Associate
P05609,Person_05609,50,Bengaluru,Associate
P05610,Person_05610,23,Surat,Suspect
P05611,Person_05611,26,Vadodara,Suspect
P05612,Person_05612,41,Bengaluru,Associate
P05613,Person_05613,43,Jaipur,Person of Interest
P05614,Person_05614,40,Delhi,Person of Interest
P05615,Person_05615,56,Jaipur,Suspect
P05616,Person_05616,50,Kolkata,Witness
P05617,Person_05617,33,Rajkot,Person of Interest
P05618,Person_05618,41,Indore,Suspect
P05619,Person_05619,21,Ahmedabad,Suspect
P05620,Person_05620,54,Rajkot,Associate
P05621,Person_05621,49,Hyderabad,Suspect
P05622,Person_05622,33,Rajkot,Suspect
P05623,Person_05623,31,Jaipur,Suspect
P05624,Person_05624,29,Kolkata,Suspect
P05625,Person_05625,28,Hyderabad,Suspect
P05626,Person_05626,54,Jaipur,Suspect
P05627,Person_05627,34,Delhi,Suspect
P05628,Person_05628,41,Pune,Person of Interest
P05629,Person_05629,62,Hyderabad,Person of Interest
P05630,Person_05630,53,Delhi,Suspect
P05631,Person_05631,44,Bengaluru,Person of Interest
P05632,Person_05632,21,Rajkot,Witness
P05633,Person_05633,54,Indore,Suspect
P05634,Person_05634,27,Mumbai,Suspect
P05635,Person_05635,22,Hyderabad,Person of Interest
P05636,Person_05636,62,Rajkot,Suspect
P05637,Person_05637,41,Kolkata,Person of Interest
P05638,Person_05638,47,Indore,Suspect
P05639,Person_05639,39,Ahmedabad,Suspect
P05640,Person_05640,49,Delhi,Suspect
P05641,Person_05641,28,Delhi,Associate
P05642,Person_05642,31,Mumbai,Suspect
P05643,Person_05643,62,Rajkot,Associate
P05644,Person_05644,32,Rajkot,Suspect
P05645,Person_05645,60,Bengaluru,Suspect
P05646,Person_05646,32,Kolkata,Suspect
P05647,Person_05647,53,Surat,Witness
P05648,Person_05648,58,Rajkot,Associate
P05649,Person_05649,59,Kolkata,Suspect
P05650,Person_05650,58,Kolkata,Suspect
P05651,Person_05651,48,Mumbai,Witness
P05652,Person_05652,35,Pune,Person of Interest
P05653,Person_05653,48,Pune,Suspect
P05654,Person_05654,40,Hyderabad,Associate
P05655,Person_05655,57,Jaipur,Suspect
P05656,Person_05656,51,Bengaluru,Associate
P05657,Person_05657,59,Surat,Person of Interest
P05658,Person_05658,21,Jaipur,Associate
P05659,Person_05659,56,Rajkot,Suspect
P05660,Person_05660,53,Mumbai,Associate
P05661,Person_05661,47,Indore,Suspect
P05662,Person_05662,58,Indore,Person of Interest
P05663,Person_05663,58,Vadodara,Associate
P05664,Person_05664,53,Bengaluru,Suspect
P05665,Person_05665,56,Kolkata,Suspect
P05666,Person_05666,55,Pune,Associate
P05667,Person_05667,38,Vadodara,Suspect
P05668,Person_05668,35,Mumbai,Suspect
P05669,Person_05669,24,Kolkata,Suspect
P05670,Person_05670,23,Bengaluru,Associate
P05671,Person_05671,59,Vadodara,Suspect
P05672,Person_05672,29,Rajkot,Associate
P05673,Person_05673,52,Surat,Suspect
P05674,Person_05674,32,Vadodara,Associate
P05675,Person_05675,63,Ahmedabad,Suspect
P05676,Person_05676,50,Mumbai,Suspect
P05677,Person_05677,38,Ahmedabad,Person of Interest
P05678,Person_05678,50,Rajkot,Associate
P05679,Person_05679,23,Pune,Person of Interest
P05680,Person_05680,45,Surat,Associate
P05681,Person_05681,34,Vadodara,Suspect
P05682,Person_05682,56,Jaipur,Person of Interest
P05683,Person_05683,45,Ahmedabad,Associate
P05684,Person_05684,51,Rajkot,Suspect
P05685,Person_05685,48,Delhi,Suspect
P05686,Person_05686,32,Indore,Associate
P05687,Person_05687,57,Rajkot,Person of Interest
P05688,Person_05688,29,Hyderabad,Person of Interest
P05689,Person_05689,50,Kolkata,Person of Interest
P05690,Person_05690,45,Kolkata,Suspect
P05691,Person_05691,37,Delhi,Person of Interest
P05692,Person_05692,41,Surat,Suspect
P05693,Person_05693,35,Pune,Associate
P05694,Person_05694,45,Surat,Suspect
P05695,Person_05695,46,Bengaluru,Suspect
P05696,Person_05696,45,Vadodara,Suspect
P05697,Person_05697,58,Rajkot,Associate
P05698,Person_05698,33,Pune,Suspect
P05699,Person_05699,36,Bengaluru,Associate
P05700,Person_05700,25,Pune,Suspect
P05701,Person_05701,32,Indore,Suspect
P05702,Person_05702,52,Ahmedabad,Associate
P05703,Person_05703,27,Bengaluru,Suspect
P05704,Person_05704,63,Indore,Associate
P05705,Person_05705,51,Bengaluru,Suspect
P05706,Person_05706,34,Mumbai,Suspect
P05707,Person_05707,62,Bengaluru,Suspect
P05708,Person_05708,64,Vadodara,Person of Interest
P05709,Person_05709,25,Surat,Associate
P05710,Person_05710,35,Vadodara,Witness
P05711,Person_05711,38,Jaipur,Suspect
P05712,Person_05712,38,Pune,Suspect
P05713,Person_05713,24,Pune,Associate
P05714,Person_05714,58,Ahmedabad,Person of Interest
P05715,Person_05715,26,Jaipur,Associate
P05716,Person_05716,59,Ahmedabad,Suspect
P05717,Person_05717,39,Pune,Suspect
P05718,Person_05718,58,Hyderabad,Person of Interest
P05719,Person_05719,47,Delhi,Person of Interest
P05720,Person_05720,42,Kolkata,Person of Interest
P05721,Person_05721,56,Delhi,Associate
P05722,Person_05722,48,Surat,Person of Interest
P05723,Person_05723,41,Surat,Suspect
P05724,Person_05724,54,Rajkot,Associate
P05725,Person_05725,51,Ahmedabad,Associate
P05726,Person_05726,32,Bengaluru,Suspect
P05727,Person_05727,31,Ahmedabad,Suspect
P05728,Person_05728,23,Rajkot,Suspect
P05729,Person_05729,44,Vadodara,Person of Interest
P05730,Person_05730,44,Hyderabad,Suspect
P05731,Person_05731,27,Rajkot,Associate
P05732,Person_05732,27,Rajkot,Suspect
P05733,Person_05733,47,Surat,Suspect
P05734,Person_05734,47,Indore,Associate
P05735,Person_05735,60,Jaipur,Suspect
P05736,Person_05736,29,Vadodara,Person of Interest
P05737,Person_05737,52,Delhi,Suspect
P05738,Person_05738,53,Pune,Person of Interest
P05739,Person_05739,38,Indore,Suspect
P05740,Person_05740,47,Ahmedabad,Person of Interest
P05741,Person_05741,58,Ahmedabad,Suspect
P05742,Person_05742,24,Kolkata,Person of Interest
P05743,Person_05743,46,Rajkot,Suspect
P05744,Person_05744,25,Pune,Associate
P05745,Person_05745,39,Hyderabad,Associate
P05746,Person_05746,30,Jaipur,Person of Interest
P05747,Person_05747,40,Mumbai,Person of Interest
P05748,Person_05748,64,Bengaluru,Person of Interest
P05749,Person_05749,28,Delhi,Suspect
P05750,Person_05750,21,Kolkata,Associate
P05751,Person_05751,48,Indore,Suspect
P05752,Person_05752,54,Kolkata,Person of Interest
P05753,Person_05753,59,Indore,Associate
P05754,Person_05754,31,Indore,Person of Interest
P05755,Person_05755,36,Mumbai,Person of Interest
P05756,Person_05756,43,Rajkot,Associate
P05757,Person_05757,35,Rajkot,Suspect
P05758,Person_05758,27,Mumbai,Suspect
P05759,Person_05759,55,Delhi,Suspect
P05760,Person_05760,23,Delhi,Suspect
P05761,Person_05761,22,Mumbai,Witness
P05762,Person_05762,57,Bengaluru,Suspect
P05763,Person_05763,60,Jaipur,Witness
P05764,Person_05764,62,Ahmedabad,Associate
P05765,Person_05765,41,Jaipur,Person of Interest
P05766,Person_05766,49,Indore,Suspect
P05767,Person_05767,49,Surat,Person of Interest
P05768,Person_05768,22,Bengaluru,Suspect
P05769,Person_05769,22,Vadodara,Associate
P05770,Person_05770,52,Pune,Suspect
P05771,Person_05771,34,Delhi,Suspect
P05772,Person_05772,44,Bengaluru,Suspect
P05773,Person_05773,58,Indore,Person of Interest
P05774,Person_05774,51,Delhi,Suspect
P05775,Person_05775,53,Jaipur,Suspect
P05776,Person_05776,21,Indore,Person of Interest
P05777,Person_05777,38,Rajkot,Suspect
P05778,Person_05778,46,Pune,Associate
P05779,Person_05779,63,Delhi,Witness
P05780,Person_05780,21,Indore,Person of Interest
P05781,Person_05781,60,Bengaluru,Suspect
P05782,Person_05782,36,Hyderabad,Person of Interest
P05783,Person_05783,35,Ahmedabad,Suspect
P05784,Person_05784,60,Indore,Associate
P05785,Person_05785,42,Vadodara,Suspect
P05786,Person_05786,61,Rajkot,Associate
P05787,Person_05787,40,Pune,Associate
P05788,Person_05788,64,Vadodara,Associate
P05789,Person_05789,55,Indore,Associate
P05790,Person_05790,63,Pune,Associate
P05791,Person_05791,42,Indore,Suspect
P05792,Person_05792,58,Bengaluru,Associate
P05793,Person_05793,33,Surat,Person of Interest
P05794,Person_05794,48,Mumbai,Person of Interest
P05795,Person_05795,31,Indore,Associate
P05796,Person_05796,56,Ahmedabad,Suspect
P05797,Person_05797,50,Pune,Person of Interest
P05798,Person_05798,42,Indore,Person of Interest
P05799,Person_05799,47,Pune,Person of Interest
P05800,Person_05800,40,Bengaluru,Suspect
P05801,Person_05801,31,Kolkata,Person of Interest
P05802,Person_05802,24,Ahmedabad,Associate
P05803,Person_05803,56,Indore,Suspect
P05804,Person_05804,39,Vadodara,Suspect
P05805,Person_05805,32,Hyderabad,Witness
P05806,Person_05806,21,Ahmedabad,Suspect
P05807,Person_05807,24,Rajkot,Suspect
P05808,Person_05808,28,Ahmedabad,Suspect
P05809,Person_05809,50,Mumbai,Associate
P05810,Person_05810,37,Mumbai,Associate
P05811,Person_05811,36,Surat,Person of Interest
P05812,Person_05812,25,Vadodara,Associate
P05813,Person_05813,41,Ahmedabad,Suspect
P05814,Person_05814,25,Surat,Suspect
P05815,Person_05815,60,Hyderabad,Associate
P05816,Person_05816,25,Surat,Person of Interest
P05817,Person_05817,36,Kolkata,Suspect
P05818,Person_05818,23,Surat,Person of Interest
P05819,Person_05819,22,Rajkot,Suspect
P05820,Person_05820,57,Kolkata,Witness
P05821,Person_05821,34,Bengaluru,Suspect
P05822,Person_05822,46,Mumbai,Suspect
P05823,Person_05823,56,Ahmedabad,Suspect
P05824,Person_05824,38,Mumbai,Associate
P05825,Person_05825,25,Kolkata,Associate
P05826,Person_05826,60,Pune,Suspect
P05827,Person_05827,63,Delhi,Person of Interest
P05828,Person_05828,42,Jaipur,Suspect
P05829,Person_05829,44,Bengaluru,Suspect
P05830,Person_05830,37,Rajkot,Suspect
P05831,Person_05831,58,Surat,Associate
P05832,Person_05832,61,Mumbai,Suspect
P05833,Person_05833,22,Rajkot,Associate
P05834,Person_05834,38,Vadodara,Witness
P05835,Person_05835,25,Vadodara,Associate
P05836,Person_05836,61,Jaipur,Suspect
P05837,Person_05837,47,Rajkot,Suspect
P05838,Person_05838,40,Ahmedabad,Person of Interest
P05839,Person_05839,32,Ahmedabad,Suspect
P05840,Person_05840,57,Vadodara,Suspect
P05841,Person_05841,22,Delhi,Person of Interest
P05842,Person_05842,63,Surat,Person of Interest
P05843,Person_05843,23,Bengaluru,Person of Interest
P05844,Person_05844,30,Indore,Suspect
P05845,Person_05845,50,Ahmedabad,Suspect
P05846,Person_05846,38,Jaipur,Person of Interest
P05847,Person_05847,33,Pune,Associate
P05848,Person_05848,31,Indore,Associate
P05849,Person_05849,38,Vadodara,Suspect
P05850,Person_05850,48,Vadodara,Suspect
P05851,Person_05851,38,Vadodara,Person of Interest
P05852,Person_05852,42,Bengaluru,Person of Interest
P05853,Person_05853,27,Bengaluru,Person of Interest
P05854,Person_05854,64,Ahmedabad,Suspect
P05855,Person_05855,64,Hyderabad,Suspect
P05856,Person_05856,54,Delhi,Suspect
P05857,Person_05857,39,Kolkata,Suspect
P05858,Person_05858,32,Mumbai,Suspect
P05859,Person_05859,61,Pune,Witness
P05860,Person_05860,24,Indore,Person of Interest
P05861,Person_05861,60,Vadodara,Suspect
P05862,Person_05862,47,Vadodara,Suspect
P05863,Person_05863,59,Jaipur,Person of Interest
P05864,Person_05864,24,Hyderabad,Associate
P05865,Person_05865,49,Pune,Associate
P05866,Person_05866,24,Bengaluru,Associate
P05867,Person_05867,64,Vadodara,Suspect
P05868,Person_05868,34,Kolkata,Suspect
P05869,Person_05869,22,Surat,Associate
P05870,Person_05870,26,Delhi,Person of Interest
P05871,Person_05871,53,Pune,Person of Interest
P05872,Person_05872,45,Ahmedabad,Suspect
P05873,Person_05873,29,Hyderabad,Suspect
P05874,Person_05874,64,Indore,Suspect
P05875,Person_05875,37,Pune,Suspect
P05876,Person_05876,45,Rajkot,Person of Interest
P05877,Person_05877,47,Pune,Associate
P05878,Person_05878,49,Mumbai,Witness
P05879,Person_05879,25,Surat,Person of Interest
P05880,Person_05880,61,Mumbai,Person of Interest
P05881,Person_05881,47,Kolkata,Suspect
P05882,Person_05882,24,Hyderabad,Suspect
P05883,Person_05883,49,Delhi,Suspect
P05884,Person_05884,56,Vadodara,Suspect
P05885,Person_05885,50,Jaipur,Person of Interest
P05886,Person_05886,51,Ahmedabad,Associate
P05887,Person_05887,48,Jaipur,Person of Interest
P05888,Person_05888,63,Mumbai,Suspect
P05889,Person_05889,57,Jaipur,Suspect
P05890,Person_05890,45,Vadodara,Suspect
P05891,Person_05891,49,Hyderabad,Associate
P05892,Person_05892,29,Delhi,Person of Interest
P05893,Person_05893,44,Indore,Witness
P05894,Person_05894,52,Delhi,Person of Interest
P05895,Person_05895,41,Surat,Associate
P05896,Person_05896,25,Mumbai,Person of Interest
P05897,Person_05897,25,Rajkot,Person of Interest
P05898,Person_05898,48,Vadodara,Associate
P05899,Person_05899,56,Ahmedabad,Suspect
P05900,Person_05900,31,Kolkata,Suspect
P05901,Person_05901,36,Pune,Suspect
P05902,Person_05902,23,Hyderabad,Associate
P05903,Person_05903,35,Pune,Suspect
P05904,Person_05904,26,Jaipur,Suspect
P05905,Person_05905,61,Ahmedabad,Suspect
P05906,Person_05906,44,Jaipur,Suspect
P05907,Person_05907,61,Ahmedabad,Associate
P05908,Person_05908,43,Delhi,Associate
P05909,Person_05909,26,Ahmedabad,Person of Interest
P05910,Person_05910,59,Pune,Suspect
P05911,Person_05911,39,Indore,Suspect
P05912,Person_05912,63,Delhi,Suspect
P05913,Person_05913,23,Surat,Suspect
P05914,Person_05914,39,Delhi,Associate
P05915,Person_05915,53,Hyderabad,Person of Interest
P05916,Person_05916,31,Pune,Associate
P05917,Person_05917,28,Ahmedabad,Suspect
P05918,Person_05918,31,Hyderabad,Person of Interest
P05919,Person_05919,26,Bengaluru,Suspect
P05920,Person_05920,28,Surat,Suspect
P05921,Person_05921,28,Pune,Suspect
P05922,Person_05922,47,Bengaluru,Suspect
P05923,Person_05923,45,Delhi,Associate
P05924,Person_05924,60,Hyderabad,Person of Interest
P05925,Person_05925,26,Kolkata,Associate
P05926,Person_05926,64,Ahmedabad,Suspect
P05927,Person_05927,22,Jaipur,Suspect
P05928,Person_05928,51,Pune,Person of Interest
P05929,Person_05929,47,Mumbai,Person of Interest
P05930,Person_05930,56,Rajkot,Suspect
P05931,Person_05931,60,Bengaluru,Suspect
P05932,Person_05932,55,Delhi,Associate
P05933,Person_05933,52,Surat,Person of Interest
P05934,Person_05934,47,Surat,Associate
P05935,Person_05935,26,Mumbai,Associate
P05936,Person_05936,42,Surat,Suspect
P05937,Person_05937,57,Mumbai,Suspect
P05938,Person_05938,42,Bengaluru,Suspect
P05939,Person_05939,46,Pune,Associate
P05940,Person_05940,23,Surat,Suspect
P05941,Person_05941,35,Vadodara,Suspect
P05942,Person_05942,36,Ahmedabad,Person of Interest
P05943,Person_05943,24,Delhi,Person of Interest
P05944,Person_05944,32,Ahmedabad,Suspect
P05945,Person_05945,32,Delhi,Person of Interest
P05946,Person_05946,36,Mumbai,Suspect
P05947,Person_05947,34,Rajkot,Suspect
P05948,Person_05948,40,Kolkata,Person of Interest
P05949,Person_05949,57,Delhi,Suspect
P05950,Person_05950,21,Pune,Associate
P05951,Person_05951,21,Bengaluru,Suspect
P05952,Person_05952,38,Bengaluru,Person of Interest
P05953,Person_05953,46,Bengaluru,Associate
P05954,Person_05954,40,Pune,Person of Interest
P05955,Person_05955,21,Hyderabad,Associate
P05956,Person_05956,24,Pune,Suspect
P05957,Person_05957,31,Rajkot,Suspect
P05958,Person_05958,55,Vadodara,Suspect
P05959,Person_05959,42,Rajkot,Witness
P05960,Person_05960,51,Pune,Suspect
P05961,Person_05961,36,Jaipur,Suspect
P05962,Person_05962,22,Delhi,Suspect
P05963,Person_05963,55,Pune,Suspect
P05964,Person_05964,60,Pune,Suspect
P05965,Person_05965,22,Kolkata,Person of Interest
P05966,Person_05966,49,Indore,Associate
P05967,Person_05967,28,Jaipur,Witness
P05968,Person_05968,55,Bengaluru,Associate
P05969,Person_05969,44,Rajkot,Person of Interest
P05970,Person_05970,64,Kolkata,Suspect
P05971,Person_05971,39,Hyderabad,Suspect
P05972,Person_05972,43,Vadodara,Suspect
P05973,Person_05973,48,Kolkata,Witness
P05974,Person_05974,29,Bengaluru,Associate
P05975,Person_05975,47,Surat,Person of Interest
P05976,Person_05976,25,Pune,Associate
P05977,Person_05977,52,Mumbai,Suspect
P05978,Person_05978,39,Kolkata,Witness
P05979,Person_05979,24,Vadodara,Witness
P05980,Person_05980,35,Ahmedabad,Person of Interest
P05981,Person_05981,62,Bengaluru,Suspect
P05982,Person_05982,34,Kolkata,Person of Interest
P05983,Person_05983,38,Surat,Associate
P05984,Person_05984,35,Ahmedabad,Person of Interest
P05985,Person_05985,40,Indore,Suspect
P05986,Person_05986,22,Surat,Suspect
P05987,Person_05987,46,Hyderabad,Suspect
P05988,Person_05988,56,Kolkata,Suspect
P05989,Person_05989,26,Pune,Person of Interest
P05990,Person_05990,32,Mumbai,Person of Interest
P05991,Person_05991,61,Jaipur,Suspect
P05992,Person_05992,38,Surat,Suspect
P05993,Person_05993,54,Mumbai,Associate
P05994,Person_05994,21,Pune,Person of Interest
P05995,Person_05995,24,Kolkata,Suspect
P05996,Person_05996,47,Kolkata,Suspect
P05997,Person_05997,28,Delhi,Person of Interest
P05998,Person_05998,61,Hyderabad,Suspect
P05999,Person_05999,63,Jaipur,Suspect
P06000,Person_06000,59,Rajkot,Person of Interest
P06001,Person_06001,57,Surat,Suspect
P06002,Person_06002,53,Rajkot,Suspect
P06003,Person_06003,63,Jaipur,Suspect
P06004,Person_06004,50,Surat,Associate
P06005,Person_06005,35,Ahmedabad,Suspect
P06006,Person_06006,28,Surat,Associate
P06007,Person_06007,33,Mumbai,Suspect
P06008,Person_06008,52,Rajkot,Associate
P06009,Person_06009,56,Vadodara,Associate
P06010,Person_06010,58,Kolkata,Person of Interest
P06011,Person_06011,32,Mumbai,Suspect
P06012,Person_06012,31,Hyderabad,Person of Interest
P06013,Person_06013,57,Jaipur,Person of Interest
P06014,Person_06014,57,Surat,Associate
P06015,Person_06015,44,Surat,Suspect
P06016,Person_06016,56,Ahmedabad,Witness
P06017,Person_06017,33,Mumbai,Suspect
P06018,Person_06018,56,Pune,Suspect
P06019,Person_06019,59,Indore,Associate
P06020,Person_06020,24,Kolkata,Suspect
P06021,Person_06021,54,Delhi,Suspect
P06022,Person_06022,60,Mumbai,Person of Interest
P06023,Person_06023,53,Kolkata,Associate
P06024,Person_06024,38,Delhi,Suspect
P06025,Person_06025,54,Ahmedabad,Suspect
P06026,Person_06026,39,Bengaluru,Suspect
P06027,Person_06027,49,Pune,Suspect
P06028,Person_06028,43,Pune,Associate
P06029,Person_06029,34,Surat,Associate
P06030,Person_06030,58,Mumbai,Witness
P06031,Person_06031,21,Hyderabad,Person of Interest
P06032,Person_06032,27,Ahmedabad,Suspect
P06033,Person_06033,61,Rajkot,Person of Interest
P06034,Person_06034,60,Bengaluru,Associate
P06035,Person_06035,44,Indore,Suspect
P06036,Person_06036,55,Delhi,Suspect
P06037,Person_06037,31,Pune,Suspect
P06038,Person_06038,53,Rajkot,Suspect
P06039,Person_06039,38,Rajkot,Associate
P06040,Person_06040,35,Mumbai,Suspect
P06041,Person_06041,46,Vadodara,Associate
P06042,Person_06042,25,Hyderabad,Suspect
P06043,Person_06043,24,Bengaluru,Associate
P06044,Person_06044,33,Surat,Witness
P06045,Person_06045,37,Pune,Associate
P06046,Person_06046,24,Hyderabad,Person of Interest
P06047,Person_06047,52,Pune,Suspect
P06048,Person_06048,50,Pune,Suspect
P06049,Person_06049,53,Rajkot,Suspect
P06050,Person_06050,39,Surat,Associate
P06051,Person_06051,28,Kolkata,Suspect
P06052,Person_06052,36,Rajkot,Suspect
P06053,Person_06053,27,Rajkot,Person of Interest
P06054,Person_06054,23,Surat,Suspect
P06055,Person_06055,50,Pune,Associate
P06056,Person_06056,38,Vadodara,Suspect
P06057,Person_06057,58,Kolkata,Suspect
P06058,Person_06058,49,Pune,Person of Interest
P06059,Person_06059,33,Ahmedabad,Associate
P06060,Person_06060,29,Surat,Person of Interest
P06061,Person_06061,22,Vadodara,Suspect
P06062,Person_06062,24,Bengaluru,Person of Interest
P06063,Person_06063,63,Bengaluru,Witness
P06064,Person_06064,21,Jaipur,Suspect
P06065,Person_06065,25,Hyderabad,Suspect
P06066,Person_06066,58,Pune,Witness
P06067,Person_06067,30,Rajkot,Associate
P06068,Person_06068,60,Indore,Person of Interest
P06069,Person_06069,54,Bengaluru,Person of Interest
P06070,Person_06070,27,Ahmedabad,Person of Interest
P06071,Person_06071,61,Pune,Suspect
P06072,Person_06072,58,Indore,Suspect
P06073,Person_06073,26,Pune,Associate
P06074,Person_06074,26,Bengaluru,Suspect
P06075,Person_06075,53,Mumbai,Suspect
P06076,Person_06076,22,Delhi,Associate
P06077,Person_06077,49,Vadodara,Suspect
P06078,Person_06078,62,Pune,Associate
P06079,Person_06079,59,Bengaluru,Suspect
P06080,Person_06080,22,Kolkata,Suspect
P06081,Person_06081,27,Rajkot,Associate
P06082,Person_06082,29,Rajkot,Associate
P06083,Person_06083,27,Indore,Suspect
P06084,Person_06084,42,Mumbai,Associate
P06085,Person_06085,46,Pune,Associate
P06086,Person_06086,39,Mumbai,Witness
P06087,Person_06087,53,Vadodara,Witness
P06088,Person_06088,49,Vadodara,Suspect
P06089,Person_06089,33,Ahmedabad,Associate
P06090,Person_06090,46,Hyderabad,Suspect
P06091,Person_06091,25,Jaipur,Suspect
P06092,Person_06092,64,Rajkot,Associate
P06093,Person_06093,62,Rajkot,Person of Interest
P06094,Person_06094,50,Pune,Suspect
P06095,Person_06095,36,Jaipur,Suspect
P06096,Person_06096,42,Bengaluru,Associate
P06097,Person_06097,61,Bengaluru,Person of Interest
P06098,Person_06098,38,Delhi,Suspect
P06099,Person_06099,40,Mumbai,Suspect
P06100,Person_06100,41,Vadodara,Suspect
P06101,Person_06101,29,Hyderabad,Suspect
P06102,Person_06102,25,Pune,Suspect
P06103,Person_06103,41,Kolkata,Person of Interest
P06104,Person_06104,37,Vadodara,Suspect
P06105,Person_06105,44,Hyderabad,Associate
P06106,Person_06106,54,Rajkot,Suspect
P06107,Person_06107,46,Bengaluru,Associate
P06108,Person_06108,62,Vadodara,Suspect
P06109,Person_06109,56,Delhi,Person of Interest
P06110,Person_06110,47,Hyderabad,Suspect
P06111,Person_06111,36,Mumbai,Suspect
P06112,Person_06112,54,Surat,Suspect
P06113,Person_06113,63,Mumbai,Associate
P06114,Person_06114,55,Pune,Suspect
P06115,Person_06115,37,Vadodara,Suspect
P06116,Person_06116,44,Pune,Associate
P06117,Person_06117,59,Vadodara,Suspect
P06118,Person_06118,34,Mumbai,Person of Interest
P06119,Person_06119,53,Hyderabad,Suspect
P06120,Person_06120,30,Rajkot,Suspect
P06121,Person_06121,24,Mumbai,Witness
P06122,Person_06122,54,Bengaluru,Associate
P06123,Person_06123,62,Vadodara,Suspect
P06124,Person_06124,33,Hyderabad,Suspect
P06125,Person_06125,21,Rajkot,Person of Interest
P06126,Person_06126,33,Indore,Suspect
P06127,Person_06127,34,Hyderabad,Associate
P06128,Person_06128,38,Jaipur,Suspect
P06129,Person_06129,48,Kolkata,Witness
P06130,Person_06130,53,Vadodara,Suspect
P06131,Person_06131,30,Pune,Person of Interest
P06132,Person_06132,27,Surat,Suspect
P06133,Person_06133,52,Pune,Person of Interest
P06134,Person_06134,56,Indore,Associate
P06135,Person_06135,51,Hyderabad,Suspect
P06136,Person_06136,48,Hyderabad,Person of Interest
P06137,Person_06137,22,Pune,Suspect
P06138,Person_06138,51,Rajkot,Suspect
P06139,Person_06139,56,Ahmedabad,Suspect
P06140,Person_06140,32,Rajkot,Associate
P06141,Person_06141,56,Ahmedabad,Suspect
P06142,Person_06142,33,Pune,Suspect
P06143,Person_06143,52,Pune,Suspect
P06144,Person_06144,45,Kolkata,Person of Interest
P06145,Person_06145,59,Indore,Associate
P06146,Person_06146,39,Indore,Suspect
P06147,Person_06147,23,Surat,Suspect
P06148,Person_06148,26,Pune,Suspect
P06149,Person_06149,31,Indore,Associate
P06150,Person_06150,31,Delhi,Suspect
P06151,Person_06151,53,Hyderabad,Person of Interest
P06152,Person_06152,46,Jaipur,Associate
P06153,Person_06153,30,Surat,Suspect
P06154,Person_06154,21,Vadodara,Person of Interest
P06155,Person_06155,55,Indore,Suspect
P06156,Person_06156,61,Bengaluru,Suspect
P06157,Person_06157,28,Jaipur,Suspect
P06158,Person_06158,49,Surat,Suspect
P06159,Person_06159,22,Kolkata,Suspect
P06160,Person_06160,61,Rajkot,Suspect
P06161,Person_06161,28,Bengaluru,Person of Interest
P06162,Person_06162,36,Hyderabad,Person of Interest
P06163,Person_06163,48,Indore,Suspect
P06164,Person_06164,36,Hyderabad,Associate
P06165,Person_06165,54,Indore,Suspect
P06166,Person_06166,32,Rajkot,Suspect
P06167,Person_06167,40,Surat,Suspect
P06168,Person_06168,34,Surat,Suspect
P06169,Person_06169,50,Mumbai,Person of Interest
P06170,Person_06170,58,Indore,Associate
P06171,Person_06171,47,Kolkata,Suspect
P06172,Person_06172,54,Indore,Suspect
P06173,Person_06173,52,Jaipur,Person of Interest
P06174,Person_06174,36,Mumbai,Person of Interest
P06175,Person_06175,21,Indore,Person of Interest
P06176,Person_06176,61,Bengaluru,Suspect
P06177,Person_06177,58,Pune,Person of Interest
P06178,Person_06178,41,Rajkot,Person of Interest
P06179,Person_06179,52,Indore,Associate
P06180,Person_06180,31,Bengaluru,Suspect
P06181,Person_06181,37,Surat,Associate
P06182,Person_06182,56,Jaipur,Suspect
P06183,Person_06183,34,Vadodara,Suspect
P06184,Person_06184,44,Mumbai,Person of Interest
P06185,Person_06185,64,Kolkata,Associate
P06186,Person_06186,50,Jaipur,Suspect
P06187,Person_06187,39,Ahmedabad,Suspect
P06188,Person_06188,22,Mumbai,Suspect
P06189,Person_06189,32,Bengaluru,Associate
P06190,Person_06190,57,Jaipur,Witness
P06191,Person_06191,24,Pune,Suspect
P06192,Person_06192,40,Surat,Person of Interest
P06193,Person_06193,34,Vadodara,Person of Interest
P06194,Person_06194,49,Hyderabad,Associate
P06195,Person_06195,48,Indore,Witness
P06196,Person_06196,62,Mumbai,Suspect
P06197,Person_06197,59,Surat,Suspect
P06198,Person_06198,30,Vadodara,Person of Interest
P06199,Person_06199,44,Delhi,Suspect
P06200,Person_06200,39,Indore,Person of Interest
P06201,Person_06201,32,Surat,Suspect
P06202,Person_06202,27,Surat,Associate
P06203,Person_06203,44,Bengaluru,Person of Interest
P06204,Person_06204,30,Mumbai,Suspect
P06205,Person_06205,56,Indore,Suspect
P06206,Person_06206,29,Delhi,Associate
P06207,Person_06207,39,Jaipur,Suspect
P06208,Person_06208,27,Ahmedabad,Associate
P06209,Person_06209,22,Pune,Person of Interest
P06210,Person_06210,36,Mumbai,Suspect
P06211,Person_06211,21,Pune,Associate
P06212,Person_06212,24,Delhi,Associate
P06213,Person_06213,27,Delhi,Suspect
P06214,Person_06214,24,Hyderabad,Suspect
P06215,Person_06215,43,Vadodara,Associate
P06216,Person_06216,23,Mumbai,Associate
P06217,Person_06217,50,Pune,Associate
P06218,Person_06218,57,Kolkata,Suspect
P06219,Person_06219,27,Rajkot,Associate
P06220,Person_06220,29,Kolkata,Person of Interest
P06221,Person_06221,55,Pune,Suspect
P06222,Person_06222,34,Vadodara,Suspect
P06223,Person_06223,57,Indore,Person of Interest
P06224,Person_06224,45,Kolkata,Person of Interest
P06225,Person_06225,53,Jaipur,Associate
P06226,Person_06226,53,Bengaluru,Suspect
P06227,Person_06227,46,Vadodara,Suspect
P06228,Person_06228,21,Surat,Suspect
P06229,Person_06229,30,Kolkata,Suspect
P06230,Person_06230,41,Delhi,Associate
P06231,Person_06231,23,Bengaluru,Person of Interest
P06232,Person_06232,60,Kolkata,Suspect
P06233,Person_06233,22,Bengaluru,Associate
P06234,Person_06234,40,Vadodara,Suspect
P06235,Person_06235,26,Pune,Associate
P06236,Person_06236,27,Indore,Suspect
P06237,Person_06237,49,Jaipur,Associate
P06238,Person_06238,49,Kolkata,Associate
P06239,Person_06239,29,Mumbai,Suspect
P06240,Person_06240,63,Ahmedabad,Associate
P06241,Person_06241,42,Bengaluru,Suspect
P06242,Person_06242,64,Jaipur,Associate
P06243,Person_06243,22,Surat,Witness
P06244,Person_06244,24,Delhi,Witness
P06245,Person_06245,37,Mumbai,Suspect
P06246,Person_06246,37,Hyderabad,Suspect
P06247,Person_06247,50,Ahmedabad,Associate
P06248,Person_06248,49,Delhi,Witness
P06249,Person_06249,48,Bengaluru,Associate
P06250,Person_06250,37,Bengaluru,Person of Interest
P06251,Person_06251,42,Surat,Suspect
P06252,Person_06252,34,Bengaluru,Suspect
P06253,Person_06253,27,Bengaluru,Suspect
P06254,Person_06254,48,Surat,Associate
P06255,Person_06255,41,Surat,Person of Interest
P06256,Person_06256,44,Jaipur,Suspect
P06257,Person_06257,30,Ahmedabad,Associate
P06258,Person_06258,36,Indore,Suspect
P06259,Person_06259,27,Surat,Person of Interest
P06260,Person_06260,49,Indore,Suspect
P06261,Person_06261,28,Mumbai,Suspect
P06262,Person_06262,62,Delhi,Suspect
P06263,Person_06263,59,Delhi,Suspect
P06264,Person_06264,25,Rajkot,Person of Interest
P06265,Person_06265,24,Pune,Suspect
P06266,Person_06266,39,Indore,Suspect
P06267,Person_06267,27,Bengaluru,Person of Interest
P06268,Person_06268,59,Bengaluru,Associate
P06269,Person_06269,51,Bengaluru,Associate
P06270,Person_06270,55,Bengaluru,Suspect
P06271,Person_06271,50,Hyderabad,Suspect
P06272,Person_06272,41,Rajkot,Suspect
P06273,Person_06273,51,Surat,Suspect
P06274,Person_06274,54,Pune,Suspect
P06275,Person_06275,41,Kolkata,Person of Interest
P06276,Person_06276,48,Indore,Person of Interest
P06277,Person_06277,37,Rajkot,Suspect
P06278,Person_06278,42,Surat,Person of Interest
P06279,Person_06279,50,Mumbai,Associate
P06280,Person_06280,21,Rajkot,Suspect
P06281,Person_06281,42,Kolkata,Person of Interest
P06282,Person_06282,24,Hyderabad,Person of Interest
P06283,Person_06283,57,Hyderabad,Associate
P06284,Person_06284,39,Surat,Person of Interest
P06285,Person_06285,34,Vadodara,Associate
P06286,Person_06286,63,Vadodara,Associate
P06287,Person_06287,25,Ahmedabad,Associate
P06288,Person_06288,59,Bengaluru,Associate
P06289,Person_06289,57,Mumbai,Associate
P06290,Person_06290,49,Ahmedabad,Person of Interest
P06291,Person_06291,53,Surat,Person of Interest
P06292,Person_06292,58,Ahmedabad,Person of Interest
P06293,Person_06293,62,Hyderabad,Suspect
P06294,Person_06294,26,Bengaluru,Suspect
P06295,Person_06295,62,Hyderabad,Suspect
P06296,Person_06296,41,Delhi,Witness
P06297,Person_06297,56,Kolkata,Suspect
P06298,Person_06298,56,Ahmedabad,Person of Interest
P06299,Person_06299,22,Hyderabad,Witness
P06300,Person_06300,51,Rajkot,Suspect
P06301,Person_06301,59,Vadodara,Suspect
P06302,Person_06302,61,Mumbai,Suspect
P06303,Person_06303,44,Mumbai,Person of Interest
P06304,Person_06304,57,Pune,Suspect
P06305,Person_06305,51,Ahmedabad,Suspect
P06306,Person_06306,35,Rajkot,Suspect
P06307,Person_06307,30,Jaipur,Person of Interest
P06308,Person_06308,53,Surat,Suspect
P06309,Person_06309,27,Mumbai,Associate
P06310,Person_06310,41,Surat,Associate
P06311,Person_06311,29,Kolkata,Associate
P06312,Person_06312,27,Surat,Associate
P06313,Person_06313,27,Kolkata,Suspect
P06314,Person_06314,36,Pune,Suspect
P06315,Person_06315,34,Delhi,Associate
P06316,Person_06316,61,Delhi,Suspect
P06317,Person_06317,60,Bengaluru,Associate
P06318,Person_06318,33,Jaipur,Associate
P06319,Person_06319,58,Pune,Person of Interest
P06320,Person_06320,44,Pune,Associate
P06321,Person_06321,35,Jaipur,Suspect
P06322,Person_06322,47,Kolkata,Suspect
P06323,Person_06323,33,Kolkata,Person of Interest
P06324,Person_06324,38,Bengaluru,Associate
P06325,Person_06325,36,Indore,Person of Interest
P06326,Person_06326,33,Bengaluru,Suspect
P06327,Person_06327,58,Jaipur,Person of Interest
P06328,Person_06328,55,Pune,Witness
P06329,Person_06329,56,Ahmedabad,Person of Interest
P06330,Person_06330,63,Mumbai,Associate
P06331,Person_06331,35,Delhi,Person of Interest
P06332,Person_06332,52,Delhi,Person of Interest
P06333,Person_06333,34,Hyderabad,Suspect
P06334,Person_06334,28,Pune,Person of Interest
P06335,Person_06335,51,Rajkot,Suspect
P06336,Person_06336,45,Jaipur,Suspect
P06337,Person_06337,27,Kolkata,Associate
P06338,Person_06338,55,Bengaluru,Suspect
P06339,Person_06339,30,Pune,Person of Interest
P06340,Person_06340,27,Ahmedabad,Suspect
P06341,Person_06341,60,Vadodara,Suspect
P06342,Person_06342,40,Ahmedabad,Suspect
P06343,Person_06343,24,Hyderabad,Suspect
P06344,Person_06344,42,Ahmedabad,Suspect
P06345,Person_06345,21,Hyderabad,Associate
P06346,Person_06346,24,Vadodara,Associate
P06347,Person_06347,31,Bengaluru,Suspect
P06348,Person_06348,57,Delhi,Person of Interest
P06349,Person_06349,36,Jaipur,Person of Interest
P06350,Person_06350,31,Bengaluru,Suspect
P06351,Person_06351,36,Bengaluru,Person of Interest
P06352,Person_06352,61,Pune,Suspect
P06353,Person_06353,61,Ahmedabad,Suspect
P06354,Person_06354,53,Bengaluru,Person of Interest
P06355,Person_06355,53,Vadodara,Associate
P06356,Person_06356,38,Vadodara,Person of Interest
P06357,Person_06357,36,Mumbai,Suspect
P06358,Person_06358,51,Rajkot,Suspect
P06359,Person_06359,28,Bengaluru,Suspect
P06360,Person_06360,25,Rajkot,Suspect
P06361,Person_06361,52,Mumbai,Associate
P06362,Person_06362,47,Jaipur,Suspect
P06363,Person_06363,31,Vadodara,Suspect
P06364,Person_06364,60,Kolkata,Person of Interest
P06365,Person_06365,49,Indore,Suspect
P06366,Person_06366,22,Jaipur,Suspect
P06367,Person_06367,54,Jaipur,Suspect
P06368,Person_06368,21,Bengaluru,Person of Interest
P06369,Person_06369,58,Vadodara,Witness
P06370,Person_06370,51,Jaipur,Person of Interest
P06371,Person_06371,44,Vadodara,Suspect
P06372,Person_06372,42,Bengaluru,Associate
P06373,Person_06373,46,Delhi,Suspect
P06374,Person_06374,41,Kolkata,Suspect
P06375,Person_06375,41,Bengaluru,Suspect
P06376,Person_06376,60,Bengaluru,Suspect
P06377,Person_06377,55,Delhi,Associate
P06378,Person_06378,23,Jaipur,Associate
P06379,Person_06379,50,Bengaluru,Associate
P06380,Person_06380,42,Delhi,Suspect
P06381,Person_06381,48,Ahmedabad,Associate
P06382,Person_06382,33,Indore,Associate
P06383,Person_06383,43,Rajkot,Suspect
P06384,Person_06384,50,Delhi,Suspect
P06385,Person_06385,63,Hyderabad,Suspect
P06386,Person_06386,36,Vadodara,Suspect
P06387,Person_06387,31,Bengaluru,Suspect
P06388,Person_06388,27,Indore,Suspect
P06389,Person_06389,38,Surat,Suspect
P06390,Person_06390,63,Ahmedabad,Person of Interest
P06391,Person_06391,62,Surat,Person of Interest
P06392,Person_06392,39,Indore,Associate
P06393,Person_06393,46,Vadodara,Suspect
P06394,Person_06394,45,Indore,Person of Interest
P06395,Person_06395,35,Bengaluru,Suspect
P06396,Person_06396,24,Mumbai,Suspect
P06397,Person_06397,62,Mumbai,Associate
P06398,Person_06398,63,Bengaluru,Associate
P06399,Person_06399,50,Pune,Suspect
P06400,Person_06400,23,Mumbai,Suspect
P06401,Person_06401,55,Rajkot,Suspect
P06402,Person_06402,30,Vadodara,Associate
P06403,Person_06403,59,Indore,Suspect
P06404,Person_06404,52,Jaipur,Person of Interest
P06405,Person_06405,45,Delhi,Associate
P06406,Person_06406,52,Rajkot,Suspect
P06407,Person_06407,36,Indore,Suspect
P06408,Person_06408,48,Mumbai,Associate
P06409,Person_06409,35,Pune,Witness
P06410,Person_06410,40,Bengaluru,Person of Interest
P06411,Person_06411,54,Mumbai,Witness
P06412,Person_06412,64,Surat,Associate
P06413,Person_06413,25,Pune,Suspect
P06414,Person_06414,62,Kolkata,Person of Interest
P06415,Person_06415,26,Jaipur,Suspect
P06416,Person_06416,38,Vadodara,Associate
P06417,Person_06417,37,Mumbai,Person of Interest
P06418,Person_06418,32,Jaipur,Suspect
P06419,Person_06419,26,Delhi,Person of Interest
P06420,Person_06420,61,Vadodara,Person of Interest
P06421,Person_06421,58,Indore,Witness
P06422,Person_06422,53,Vadodara,Associate
P06423,Person_06423,43,Delhi,Associate
P06424,Person_06424,24,Surat,Person of Interest
P06425,Person_06425,34,Jaipur,Person of Interest
P06426,Person_06426,40,Mumbai,Suspect
P06427,Person_06427,41,Mumbai,Person of Interest
P06428,Person_06428,54,Surat,Suspect
P06429,Person_06429,49,Pune,Associate
P06430,Person_06430,33,Hyderabad,Suspect
P06431,Person_06431,26,Mumbai,Suspect
P06432,Person_06432,27,Delhi,Associate
P06433,Person_06433,21,Hyderabad,Suspect
P06434,Person_06434,50,Mumbai,Person of Interest
P06435,Person_06435,52,Pune,Witness
P06436,Person_06436,45,Kolkata,Person of Interest
P06437,Person_06437,31,Bengaluru,Person of Interest
P06438,Person_06438,47,Ahmedabad,Person of Interest
P06439,Person_06439,52,Jaipur,Associate
P06440,Person_06440,38,Pune,Suspect
P06441,Person_06441,33,Bengaluru,Associate
P06442,Person_06442,23,Pune,Suspect
P06443,Person_06443,43,Ahmedabad,Associate
P06444,Person_06444,55,Mumbai,Person of Interest
P06445,Person_06445,27,Delhi,Witness
P06446,Person_06446,22,Surat,Person of Interest
P06447,Person_06447,64,Bengaluru,Suspect
P06448,Person_06448,53,Kolkata,Suspect
P06449,Person_06449,40,Indore,Witness
P06450,Person_06450,60,Ahmedabad,Suspect
P06451,Person_06451,46,Indore,Suspect
P06452,Person_06452,47,Pune,Person of Interest
P06453,Person_06453,63,Delhi,Associate
P06454,Person_06454,46,Indore,Associate
P06455,Person_06455,27,Hyderabad,Person of Interest
P06456,Person_06456,45,Hyderabad,Person of Interest
P06457,Person_06457,46,Rajkot,Associate
P06458,Person_06458,48,Kolkata,Person of Interest
P06459,Person_06459,62,Bengaluru,Suspect
P06460,Person_06460,59,Rajkot,Person of Interest
P06461,Person_06461,36,Mumbai,Associate
P06462,Person_06462,38,Rajkot,Suspect
P06463,Person_06463,51,Jaipur,Suspect
P06464,Person_06464,55,Pune,Associate
P06465,Person_06465,28,Jaipur,Person of Interest
P06466,Person_06466,39,Delhi,Suspect
P06467,Person_06467,60,Vadodara,Associate
P06468,Person_06468,62,Ahmedabad,Suspect
P06469,Person_06469,32,Indore,Person of Interest
P06470,Person_06470,39,Ahmedabad,Associate
P06471,Person_06471,52,Delhi,Suspect
P06472,Person_06472,62,Delhi,Suspect
P06473,Person_06473,25,Ahmedabad,Suspect
P06474,Person_06474,35,Indore,Associate
P06475,Person_06475,46,Hyderabad,Witness
P06476,Person_06476,60,Surat,Suspect
P06477,Person_06477,57,Delhi,Suspect
P06478,Person_06478,36,Hyderabad,Person of Interest
P06479,Person_06479,33,Surat,Suspect
P06480,Person_06480,24,Rajkot,Associate
P06481,Person_06481,49,Bengaluru,Person of Interest
P06482,Person_06482,44,Kolkata,Witness
P06483,Person_06483,42,Ahmedabad,Associate
P06484,Person_06484,35,Jaipur,Suspect
P06485,Person_06485,23,Surat,Person of Interest
P06486,Person_06486,58,Rajkot,Suspect
P06487,Person_06487,55,Delhi,Suspect
P06488,Person_06488,40,Rajkot,Suspect
P06489,Person_06489,59,Delhi,Associate
P06490,Person_06490,56,Surat,Associate
P06491,Person_06491,36,Delhi,Suspect
P06492,Person_06492,39,Kolkata,Associate
P06493,Person_06493,53,Delhi,Associate
P06494,Person_06494,46,Kolkata,Suspect
P06495,Person_06495,56,Pune,Suspect
P06496,Person_06496,39,Delhi,Suspect
P06497,Person_06497,50,Surat,Person of Interest
P06498,Person_06498,49,Pune,Associate
P06499,Person_06499,39,Jaipur,Associate
P06500,Person_06500,36,Pune,Person of Interest
P06501,Person_06501,45,Bengaluru,Person of Interest
P06502,Person_06502,23,Hyderabad,Suspect
P06503,Person_06503,56,Ahmedabad,Associate
P06504,Person_06504,45,Jaipur,Person of Interest
P06505,Person_06505,28,Indore,Person of Interest
P06506,Person_06506,59,Indore,Suspect
P06507,Person_06507,54,Surat,Person of Interest
P06508,Person_06508,30,Bengaluru,Person of Interest
P06509,Person_06509,40,Ahmedabad,Person of Interest
P06510,Person_06510,61,Kolkata,Person of Interest
P06511,Person_06511,54,Kolkata,Suspect
P06512,Person_06512,36,Mumbai,Suspect
P06513,Person_06513,64,Kolkata,Suspect
P06514,Person_06514,61,Pune,Suspect
P06515,Person_06515,22,Hyderabad,Person of Interest
P06516,Person_06516,21,Mumbai,Suspect
P06517,Person_06517,59,Surat,Suspect
P06518,Person_06518,63,Ahmedabad,Suspect
P06519,Person_06519,62,Mumbai,Suspect
P06520,Person_06520,47,Vadodara,Suspect
P06521,Person_06521,59,Pune,Associate
P06522,Person_06522,43,Vadodara,Associate
P06523,Person_06523,63,Rajkot,Suspect
P06524,Person_06524,45,Hyderabad,Associate
P06525,Person_06525,39,Bengaluru,Suspect
P06526,Person_06526,42,Indore,Associate
P06527,Person_06527,42,Surat,Person of Interest
P06528,Person_06528,56,Surat,Suspect
P06529,Person_06529,48,Mumbai,Suspect
P06530,Person_06530,48,Vadodara,Suspect
P06531,Person_06531,55,Vadodara,Person of Interest
P06532,Person_06532,61,Indore,Suspect
P06533,Person_06533,30,Vadodara,Person of Interest
P06534,Person_06534,40,Bengaluru,Suspect
P06535,Person_06535,43,Bengaluru,Person of Interest
P06536,Person_06536,27,Kolkata,Suspect
P06537,Person_06537,50,Indore,Associate
P06538,Person_06538,29,Hyderabad,Suspect
P06539,Person_06539,23,Indore,Suspect
P06540,Person_06540,55,Rajkot,Suspect
P06541,Person_06541,49,Rajkot,Person of Interest
P06542,Person_06542,58,Surat,Suspect
P06543,Person_06543,42,Hyderabad,Person of Interest
P06544,Person_06544,26,Mumbai,Person of Interest
P06545,Person_06545,51,Delhi,Associate
P06546,Person_06546,57,Vadodara,Suspect
P06547,Person_06547,36,Rajkot,Associate
P06548,Person_06548,41,Hyderabad,Person of Interest
P06549,Person_06549,21,Surat,Suspect
P06550,Person_06550,24,Rajkot,Person of Interest
P06551,Person_06551,49,Kolkata,Associate
P06552,Person_06552,60,Surat,Person of Interest
P06553,Person_06553,38,Surat,Suspect
P06554,Person_06554,45,Surat,Associate
P06555,Person_06555,62,Indore,Suspect
P06556,Person_06556,62,Vadodara,Suspect
P06557,Person_06557,50,Bengaluru,Suspect
P06558,Person_06558,30,Vadodara,Suspect
P06559,Person_06559,58,Mumbai,Person of Interest
P06560,Person_06560,23,Ahmedabad,Associate
P06561,Person_06561,26,Bengaluru,Suspect
P06562,Person_06562,51,Kolkata,Suspect
P06563,Person_06563,32,Indore,Associate
P06564,Person_06564,41,Surat,Suspect
P06565,Person_06565,36,Jaipur,Person of Interest
P06566,Person_06566,51,Kolkata,Suspect
P06567,Person_06567,47,Bengaluru,Associate
P06568,Person_06568,42,Surat,Suspect
P06569,Person_06569,49,Rajkot,Associate
P06570,Person_06570,58,Bengaluru,Associate
P06571,Person_06571,25,Pune,Person of Interest
P06572,Person_06572,24,Surat,Person of Interest
P06573,Person_06573,53,Rajkot,Person of Interest
P06574,Person_06574,31,Hyderabad,Suspect
P06575,Person_06575,33,Bengaluru,Suspect
P06576,Person_06576,22,Ahmedabad,Suspect
P06577,Person_06577,51,Pune,Suspect
P06578,Person_06578,23,Indore,Suspect
P06579,Person_06579,45,Indore,Witness
P06580,Person_06580,58,Ahmedabad,Person of Interest
P06581,Person_06581,24,Bengaluru,Associate
P06582,Person_06582,28,Indore,Person of Interest
P06583,Person_06583,33,Jaipur,Associate
P06584,Person_06584,32,Bengaluru,Suspect
P06585,Person_06585,64,Hyderabad,Associate
P06586,Person_06586,42,Indore,Suspect
P06587,Person_06587,37,Hyderabad,Associate
P06588,Person_06588,24,Bengaluru,Suspect
P06589,Person_06589,44,Mumbai,Person of Interest
P06590,Person_06590,36,Ahmedabad,Person of Interest
P06591,Person_06591,36,Indore,Associate
P06592,Person_06592,42,Hyderabad,Associate
P06593,Person_06593,52,Indore,Person of Interest
P06594,Person_06594,28,Kolkata,Associate
P06595,Person_06595,39,Vadodara,Associate
P06596,Person_06596,52,Bengaluru,Suspect
P06597,Person_06597,54,Jaipur,Associate
P06598,Person_06598,33,Jaipur,Associate
P06599,Person_06599,31,Surat,Associate
P06600,Person_06600,60,Indore,Associate
P06601,Person_06601,45,Delhi,Suspect
P06602,Person_06602,44,Rajkot,Suspect
P06603,Person_06603,58,Kolkata,Person of Interest
P06604,Person_06604,47,Pune,Suspect
P06605,Person_06605,47,Vadodara,Suspect
P06606,Person_06606,44,Hyderabad,Suspect
P06607,Person_06607,44,Jaipur,Associate
P06608,Person_06608,52,Surat,Person of Interest
P06609,Person_06609,46,Hyderabad,Suspect
P06610,Person_06610,23,Rajkot,Associate
P06611,Person_06611,45,Vadodara,Suspect
P06612,Person_06612,22,Surat,Witness
P06613,Person_06613,54,Pune,Person of Interest
P06614,Person_06614,54,Bengaluru,Person of Interest
P06615,Person_06615,33,Hyderabad,Person of Interest
P06616,Person_06616,27,Kolkata,Witness
P06617,Person_06617,44,Rajkot,Suspect
P06618,Person_06618,60,Delhi,Person of Interest
P06619,Person_06619,52,Bengaluru,Suspect
P06620,Person_06620,36,Mumbai,Associate
P06621,Person_06621,31,Hyderabad,Person of Interest
P06622,Person_06622,31,Indore,Person of Interest
P06623,Person_06623,33,Mumbai,Suspect
P06624,Person_06624,25,Rajkot,Person of Interest
P06625,Person_06625,22,Vadodara,Suspect
P06626,Person_06626,26,Rajkot,Person of Interest
P06627,Person_06627,54,Rajkot,Suspect
P06628,Person_06628,34,Pune,Suspect
P06629,Person_06629,43,Jaipur,Suspect
P06630,Person_06630,36,Delhi,Person of Interest
P06631,Person_06631,57,Pune,Person of Interest
P06632,Person_06632,59,Jaipur,Suspect
P06633,Person_06633,25,Kolkata,Associate
P06634,Person_06634,25,Kolkata,Associate
P06635,Person_06635,48,Indore,Suspect
P06636,Person_06636,43,Jaipur,Person of Interest
P06637,Person_06637,53,Pune,Person of Interest
P06638,Person_06638,57,Surat,Suspect
P06639,Person_06639,21,Hyderabad,Witness
P06640,Person_06640,23,Mumbai,Person of Interest
P06641,Person_06641,26,Vadodara,Witness
P06642,Person_06642,32,Vadodara,Associate
P06643,Person_06643,35,Mumbai,Person of Interest
P06644,Person_06644,40,Bengaluru,Associate
P06645,Person_06645,59,Kolkata,Person of Interest
P06646,Person_06646,42,Indore,Suspect
P06647,Person_06647,30,Kolkata,Associate
P06648,Person_06648,51,Jaipur,Person of Interest
P06649,Person_06649,35,Kolkata,Suspect
P06650,Person_06650,26,Surat,Associate
P06651,Person_06651,60,Ahmedabad,Suspect
P06652,Person_06652,32,Hyderabad,Associate
P06653,Person_06653,64,Delhi,Suspect
P06654,Person_06654,54,Rajkot,Suspect
P06655,Person_06655,50,Hyderabad,Suspect
P06656,Person_06656,39,Pune,Associate
P06657,Person_06657,43,Rajkot,Associate
P06658,Person_06658,29,Ahmedabad,Suspect
P06659,Person_06659,27,Surat,Suspect
P06660,Person_06660,44,Kolkata,Suspect
P06661,Person_06661,41,Hyderabad,Witness
P06662,Person_06662,58,Delhi,Suspect
P06663,Person_06663,24,Vadodara,Person of Interest
P06664,Person_06664,60,Hyderabad,Suspect
P06665,Person_06665,29,Vadodara,Suspect
P06666,Person_06666,44,Mumbai,Suspect
P06667,Person_06667,43,Bengaluru,Associate
P06668,Person_06668,57,Surat,Suspect
P06669,Person_06669,23,Indore,Associate
P06670,Person_06670,48,Ahmedabad,Associate
P06671,Person_06671,34,Delhi,Suspect
P06672,Person_06672,36,Pune,Associate
P06673,Person_06673,63,Vadodara,Person of Interest
P06674,Person_06674,56,Vadodara,Person of Interest
P06675,Person_06675,28,Kolkata,Associate
P06676,Person_06676,40,Mumbai,Suspect
P06677,Person_06677,50,Indore,Suspect
P06678,Person_06678,57,Vadodara,Suspect
P06679,Person_06679,61,Jaipur,Person of Interest
P06680,Person_06680,30,Hyderabad,Person of Interest
P06681,Person_06681,21,Rajkot,Suspect
P06682,Person_06682,30,Surat,Associate
P06683,Person_06683,30,Ahmedabad,Person of Interest
P06684,Person_06684,30,Hyderabad,Person of Interest
P06685,Person_06685,41,Kolkata,Associate
P06686,Person_06686,35,Hyderabad,Person of Interest
P06687,Person_06687,59,Hyderabad,Suspect
P06688,Person_06688,22,Delhi,Associate
P06689,Person_06689,59,Surat,Suspect
P06690,Person_06690,49,Vadodara,Suspect
P06691,Person_06691,33,Ahmedabad,Suspect
P06692,Person_06692,40,Delhi,Suspect
P06693,Person_06693,28,Ahmedabad,Person of Interest
P06694,Person_06694,55,Kolkata,Associate
P06695,Person_06695,55,Jaipur,Suspect
P06696,Person_06696,43,Jaipur,Associate
P06697,Person_06697,34,Indore,Person of Interest
P06698,Person_06698,55,Surat,Suspect
P06699,Person_06699,44,Jaipur,Suspect
P06700,Person_06700,48,Rajkot,Suspect
P06701,Person_06701,47,Delhi,Witness
P06702,Person_06702,58,Indore,Suspect
P06703,Person_06703,38,Vadodara,Person of Interest
P06704,Person_06704,51,Mumbai,Suspect
P06705,Person_06705,31,Mumbai,Associate
P06706,Person_06706,32,Bengaluru,Suspect
P06707,Person_06707,38,Bengaluru,Suspect
P06708,Person_06708,58,Vadodara,Person of Interest
P06709,Person_06709,44,Bengaluru,Witness
P06710,Person_06710,42,Hyderabad,Associate
P06711,Person_06711,64,Jaipur,Witness
P06712,Person_06712,38,Bengaluru,Person of Interest
P06713,Person_06713,55,Kolkata,Witness
P06714,Person_06714,23,Pune,Associate
P06715,Person_06715,49,Surat,Suspect
P06716,Person_06716,31,Bengaluru,Suspect
P06717,Person_06717,24,Delhi,Associate
P06718,Person_06718,33,Indore,Person of Interest
P06719,Person_06719,27,Surat,Suspect
P06720,Person_06720,40,Mumbai,Suspect
P06721,Person_06721,31,Bengaluru,Suspect
P06722,Person_06722,60,Jaipur,Person of Interest
P06723,Person_06723,43,Indore,Suspect
P06724,Person_06724,23,Surat,Person of Interest
P06725,Person_06725,62,Delhi,Witness
P06726,Person_06726,47,Rajkot,Suspect
P06727,Person_06727,34,Indore,Suspect
P06728,Person_06728,53,Jaipur,Person of Interest
P06729,Person_06729,38,Pune,Suspect
P06730,Person_06730,27,Jaipur,Associate
P06731,Person_06731,41,Rajkot,Suspect
P06732,Person_06732,45,Delhi,Suspect
P06733,Person_06733,51,Pune,Suspect
P06734,Person_06734,53,Ahmedabad,Associate
P06735,Person_06735,31,Jaipur,Associate
P06736,Person_06736,36,Vadodara,Associate
P06737,Person_06737,52,Surat,Associate
P06738,Person_06738,49,Surat,Suspect
P06739,Person_06739,64,Mumbai,Suspect
P06740,Person_06740,64,Indore,Associate
P06741,Person_06741,51,Surat,Suspect
P06742,Person_06742,60,Rajkot,Person of Interest
P06743,Person_06743,41,Indore,Associate
P06744,Person_06744,48,Bengaluru,Suspect
P06745,Person_06745,60,Bengaluru,Suspect
P06746,Person_06746,32,Ahmedabad,Suspect
P06747,Person_06747,49,Rajkot,Suspect
P06748,Person_06748,50,Hyderabad,Suspect
P06749,Person_06749,48,Mumbai,Associate
P06750,Person_06750,64,Delhi,Suspect
P06751,Person_06751,30,Mumbai,Suspect
P06752,Person_06752,40,Rajkot,Associate
P06753,Person_06753,25,Pune,Associate
P06754,Person_06754,38,Pune,Person of Interest
P06755,Person_06755,57,Surat,Suspect
P06756,Person_06756,40,Delhi,Person of Interest
P06757,Person_06757,46,Jaipur,Suspect
P06758,Person_06758,63,Rajkot,Associate
P06759,Person_06759,44,Indore,Associate
P06760,Person_06760,25,Delhi,Suspect
P06761,Person_06761,23,Indore,Suspect
P06762,Person_06762,41,Surat,Person of Interest
P06763,Person_06763,42,Kolkata,Associate
P06764,Person_06764,53,Indore,Suspect
P06765,Person_06765,26,Bengaluru,Suspect
P06766,Person_06766,38,Mumbai,Suspect
P06767,Person_06767,23,Pune,Suspect
P06768,Person_06768,60,Hyderabad,Suspect
P06769,Person_06769,30,Vadodara,Suspect
P06770,Person_06770,57,Vadodara,Suspect
P06771,Person_06771,23,Vadodara,Associate
P06772,Person_06772,38,Kolkata,Suspect
P06773,Person_06773,48,Vadodara,Suspect
P06774,Person_06774,55,Surat,Suspect
P06775,Person_06775,42,Ahmedabad,Associate
P06776,Person_06776,56,Rajkot,Suspect
P06777,Person_06777,38,Surat,Suspect
P06778,Person_06778,51,Hyderabad,Suspect
P06779,Person_06779,30,Indore,Associate
P06780,Person_06780,27,Jaipur,Suspect
P06781,Person_06781,52,Vadodara,Suspect
P06782,Person_06782,21,Hyderabad,Person of Interest
P06783,Person_06783,26,Indore,Suspect
P06784,Person_06784,33,Jaipur,Person of Interest
P06785,Person_06785,45,Bengaluru,Person of Interest
P06786,Person_06786,64,Indore,Suspect
P06787,Person_06787,45,Delhi,Associate
P06788,Person_06788,50,Surat,Suspect
P06789,Person_06789,63,Jaipur,Person of Interest
P06790,Person_06790,30,Rajkot,Suspect
P06791,Person_06791,50,Bengaluru,Person of Interest
P06792,Person_06792,49,Vadodara,Suspect
P06793,Person_06793,30,Ahmedabad,Person of Interest
P06794,Person_06794,45,Ahmedabad,Suspect
P06795,Person_06795,35,Vadodara,Associate
P06796,Person_06796,61,Hyderabad,Associate
P06797,Person_06797,26,Ahmedabad,Suspect
P06798,Person_06798,27,Pune,Associate
P06799,Person_06799,30,Hyderabad,Person of Interest
P06800,Person_06800,56,Pune,Person of Interest
P06801,Person_06801,26,Indore,Suspect
P06802,Person_06802,52,Kolkata,Suspect
P06803,Person_06803,56,Hyderabad,Associate
P06804,Person_06804,43,Surat,Witness
P06805,Person_06805,27,Surat,Suspect
P06806,Person_06806,54,Ahmedabad,Associate
P06807,Person_06807,40,Ahmedabad,Suspect
P06808,Person_06808,57,Hyderabad,Suspect
P06809,Person_06809,34,Vadodara,Associate
P06810,Person_06810,34,Hyderabad,Associate
P06811,Person_06811,46,Bengaluru,Suspect
P06812,Person_06812,25,Jaipur,Suspect
P06813,Person_06813,23,Vadodara,Suspect
P06814,Person_06814,30,Pune,Associate
P06815,Person_06815,62,Ahmedabad,Associate
P06816,Person_06816,35,Ahmedabad,Person of Interest
P06817,Person_06817,26,Jaipur,Suspect
P06818,Person_06818,25,Bengaluru,Associate
P06819,Person_06819,51,Surat,Associate
P06820,Person_06820,61,Hyderabad,Suspect
P06821,Person_06821,42,Hyderabad,Associate
P06822,Person_06822,21,Hyderabad,Associate
P06823,Person_06823,51,Vadodara,Witness
P06824,Person_06824,62,Mumbai,Suspect
P06825,Person_06825,27,Hyderabad,Associate
P06826,Person_06826,52,Hyderabad,Suspect
P06827,Person_06827,61,Surat,Person of Interest
P06828,Person_06828,57,Ahmedabad,Suspect
P06829,Person_06829,50,Kolkata,Suspect
P06830,Person_06830,25,Hyderabad,Person of Interest
P06831,Person_06831,23,Pune,Person of Interest
P06832,Person_06832,27,Ahmedabad,Associate
P06833,Person_06833,27,Ahmedabad,Associate
P06834,Person_06834,51,Surat,Associate
P06835,Person_06835,53,Surat,Person of Interest
P06836,Person_06836,29,Vadodara,Suspect
P06837,Person_06837,22,Bengaluru,Person of Interest
P06838,Person_06838,50,Kolkata,Person of Interest
P06839,Person_06839,55,Delhi,Person of Interest
P06840,Person_06840,23,Mumbai,Suspect
P06841,Person_06841,43,Hyderabad,Suspect
P06842,Person_06842,47,Vadodara,Suspect
P06843,Person_06843,50,Vadodara,Associate
P06844,Person_06844,34,Kolkata,Associate
P06845,Person_06845,47,Kolkata,Person of Interest
P06846,Person_06846,45,Bengaluru,Person of Interest
P06847,Person_06847,55,Pune,Associate
P06848,Person_06848,61,Surat,Suspect
P06849,Person_06849,31,Mumbai,Person of Interest
P06850,Person_06850,27,Delhi,Associate
P06851,Person_06851,61,Surat,Associate
P06852,Person_06852,47,Bengaluru,Suspect
P06853,Person_06853,50,Indore,Suspect
P06854,Person_06854,45,Hyderabad,Suspect
P06855,Person_06855,42,Hyderabad,Person of Interest
P06856,Person_06856,31,Rajkot,Suspect
P06857,Person_06857,26,Kolkata,Suspect
P06858,Person_06858,51,Bengaluru,Associate
P06859,Person_06859,54,Rajkot,Associate
P06860,Person_06860,41,Vadodara,Associate
P06861,Person_06861,36,Surat,Suspect
P06862,Person_06862,52,Surat,Associate
P06863,Person_06863,60,Delhi,Suspect
P06864,Person_06864,42,Pune,Associate
P06865,Person_06865,43,Surat,Suspect
P06866,Person_06866,52,Kolkata,Associate
P06867,Person_06867,42,Hyderabad,Suspect
P06868,Person_06868,23,Surat,Person of Interest
P06869,Person_06869,39,Rajkot,Suspect
P06870,Person_06870,21,Mumbai,Witness
P06871,Person_06871,28,Ahmedabad,Suspect
P06872,Person_06872,26,Hyderabad,Person of Interest
P06873,Person_06873,63,Rajkot,Person of Interest
P06874,Person_06874,26,Kolkata,Associate
P06875,Person_06875,29,Indore,Witness
P06876,Person_06876,64,Pune,Associate
P06877,Person_06877,34,Indore,Suspect
P06878,Person_06878,46,Ahmedabad,Suspect
P06879,Person_06879,45,Ahmedabad,Suspect
P06880,Person_06880,40,Indore,Suspect
P06881,Person_06881,40,Hyderabad,Associate
P06882,Person_06882,51,Hyderabad,Associate
P06883,Person_06883,53,Surat,Associate
P06884,Person_06884,36,Kolkata,Person of Interest
P06885,Person_06885,23,Jaipur,Associate
P06886,Person_06886,28,Indore,Person of Interest
P06887,Person_06887,36,Indore,Suspect
P06888,Person_06888,42,Delhi,Suspect
P06889,Person_06889,54,Bengaluru,Suspect
P06890,Person_06890,21,Hyderabad,Person of Interest
P06891,Person_06891,21,Ahmedabad,Suspect
P06892,Person_06892,52,Delhi,Suspect
P06893,Person_06893,25,Pune,Associate
P06894,Person_06894,48,Hyderabad,Person of Interest
P06895,Person_06895,52,Vadodara,Suspect
P06896,Person_06896,26,Kolkata,Person of Interest
P06897,Person_06897,23,Pune,Suspect
P06898,Person_06898,37,Mumbai,Associate
P06899,Person_06899,33,Vadodara,Suspect
P06900,Person_06900,35,Mumbai,Associate
P06901,Person_06901,52,Kolkata,Suspect
P06902,Person_06902,58,Indore,Person of Interest
P06903,Person_06903,25,Rajkot,Suspect
P06904,Person_06904,62,Hyderabad,Suspect
P06905,Person_06905,58,Hyderabad,Person of Interest
P06906,Person_06906,54,Mumbai,Person of Interest
P06907,Person_06907,43,Bengaluru,Associate
P06908,Person_06908,22,Mumbai,Associate
P06909,Person_06909,24,Mumbai,Suspect
P06910,Person_06910,56,Surat,Suspect
P06911,Person_06911,52,Indore,Suspect
P06912,Person_06912,40,Ahmedabad,Suspect
P06913,Person_06913,53,Ahmedabad,Person of Interest
P06914,Person_06914,46,Hyderabad,Person of Interest
P06915,Person_06915,62,Kolkata,Suspect
P06916,Person_06916,52,Kolkata,Associate
P06917,Person_06917,58,Mumbai,Suspect
P06918,Person_06918,46,Jaipur,Person of Interest
P06919,Person_06919,49,Bengaluru,Person of Interest
P06920,Person_06920,64,Indore,Suspect
P06921,Person_06921,34,Bengaluru,Suspect
P06922,Person_06922,60,Kolkata,Associate
P06923,Person_06923,42,Kolkata,Associate
P06924,Person_06924,26,Jaipur,Suspect
P06925,Person_06925,51,Surat,Associate
P06926,Person_06926,22,Pune,Suspect
P06927,Person_06927,34,Jaipur,Suspect
P06928,Person_06928,56,Ahmedabad,Suspect
P06929,Person_06929,49,Jaipur,Suspect
P06930,Person_06930,22,Surat,Person of Interest
P06931,Person_06931,62,Vadodara,Suspect
P06932,Person_06932,53,Rajkot,Suspect
P06933,Person_06933,52,Bengaluru,Suspect
P06934,Person_06934,41,Vadodara,Person of Interest
P06935,Person_06935,29,Ahmedabad,Associate
P06936,Person_06936,43,Bengaluru,Suspect
P06937,Person_06937,64,Mumbai,Person of Interest
P06938,Person_06938,21,Ahmedabad,Suspect
P06939,Person_06939,62,Delhi,Person of Interest
P06940,Person_06940,31,Hyderabad,Person of Interest
P06941,Person_06941,56,Kolkata,Associate
P06942,Person_06942,38,Kolkata,Person of Interest
P06943,Person_06943,22,Hyderabad,Person of Interest
P06944,Person_06944,25,Mumbai,Suspect
P06945,Person_06945,35,Delhi,Person of Interest
P06946,Person_06946,60,Pune,Associate
P06947,Person_06947,41,Indore,Suspect
P06948,Person_06948,38,Surat,Suspect
P06949,Person_06949,49,Mumbai,Associate
P06950,Person_06950,50,Surat,Suspect
P06951,Person_06951,64,Mumbai,Person of Interest
P06952,Person_06952,58,Jaipur,Person of Interest
P06953,Person_06953,33,Indore,Person of Interest
P06954,Person_06954,44,Kolkata,Suspect
P06955,Person_06955,36,Jaipur,Witness
P06956,Person_06956,58,Hyderabad,Suspect
P06957,Person_06957,59,Jaipur,Associate
P06958,Person_06958,49,Bengaluru,Witness
P06959,Person_06959,46,Mumbai,Suspect
P06960,Person_06960,46,Kolkata,Person of Interest
P06961,Person_06961,27,Vadodara,Suspect
P06962,Person_06962,24,Jaipur,Suspect
P06963,Person_06963,60,Surat,Associate
P06964,Person_06964,26,Kolkata,Associate
P06965,Person_06965,22,Kolkata,Person of Interest
P06966,Person_06966,30,Surat,Suspect
P06967,Person_06967,35,Delhi,Associate
P06968,Person_06968,57,Ahmedabad,Associate
P06969,Person_06969,51,Surat,Suspect
P06970,Person_06970,45,Surat,Witness
P06971,Person_06971,52,Mumbai,Suspect
P06972,Person_06972,24,Vadodara,Associate
P06973,Person_06973,48,Hyderabad,Associate
P06974,Person_06974,41,Delhi,Witness
P06975,Person_06975,51,Jaipur,Person of Interest
P06976,Person_06976,44,Delhi,Person of Interest
P06977,Person_06977,39,Mumbai,Associate
P06978,Person_06978,48,Jaipur,Witness
P06979,Person_06979,57,Vadodara,Person of Interest
P06980,Person_06980,40,Surat,Suspect
P06981,Person_06981,26,Jaipur,Person of Interest
P06982,Person_06982,29,Kolkata,Suspect
P06983,Person_06983,46,Jaipur,Associate
P06984,Person_06984,40,Rajkot,Person of Interest
P06985,Person_06985,27,Kolkata,Person of Interest
P06986,Person_06986,60,Vadodara,Suspect
P06987,Person_06987,33,Surat,Suspect
P06988,Person_06988,25,Kolkata,Witness
P06989,Person_06989,23,Hyderabad,Associate
P06990,Person_06990,35,Indore,Suspect
P06991,Person_06991,57,Hyderabad,Witness
P06992,Person_06992,25,Kolkata,Associate
P06993,Person_06993,46,Jaipur,Suspect
P06994,Person_06994,37,Ahmedabad,Person of Interest
P06995,Person_06995,59,Delhi,Person of Interest
P06996,Person_06996,39,Vadodara,Suspect
P06997,Person_06997,50,Rajkot,Suspect
P06998,Person_06998,28,Pune,Witness
P06999,Person_06999,44,Kolkata,Associate
P07000,Person_07000,55,Indore,Suspect
P07001,Person_07001,38,Kolkata,Person of Interest
P07002,Person_07002,21,Mumbai,Suspect
P07003,Person_07003,60,Surat,Suspect
P07004,Person_07004,47,Delhi,Suspect
P07005,Person_07005,49,Rajkot,Person of Interest
P07006,Person_07006,43,Vadodara,Associate
P07007,Person_07007,47,Kolkata,Suspect
P07008,Person_07008,41,Surat,Associate
P07009,Person_07009,31,Ahmedabad,Suspect
P07010,Person_07010,31,Rajkot,Associate
P07011,Person_07011,34,Ahmedabad,Suspect
P07012,Person_07012,27,Jaipur,Suspect
P07013,Person_07013,29,Kolkata,Suspect
P07014,Person_07014,45,Jaipur,Associate
P07015,Person_07015,62,Mumbai,Suspect
P07016,Person_07016,44,Rajkot,Person of Interest
P07017,Person_07017,61,Hyderabad,Person of Interest
P07018,Person_07018,28,Rajkot,Associate
P07019,Person_07019,59,Mumbai,Suspect
P07020,Person_07020,28,Delhi,Person of Interest
P07021,Person_07021,55,Pune,Person of Interest
P07022,Person_07022,42,Ahmedabad,Suspect
P07023,Person_07023,59,Surat,Suspect
P07024,Person_07024,53,Delhi,Suspect
P07025,Person_07025,26,Indore,Suspect
P07026,Person_07026,24,Jaipur,Suspect
P07027,Person_07027,61,Pune,Person of Interest
P07028,Person_07028,21,Rajkot,Suspect
P07029,Person_07029,35,Delhi,Associate
P07030,Person_07030,34,Rajkot,Suspect
P07031,Person_07031,48,Ahmedabad,Suspect
P07032,Person_07032,46,Ahmedabad,Associate
P07033,Person_07033,43,Vadodara,Associate
P07034,Person_07034,52,Jaipur,Suspect
P07035,Person_07035,41,Delhi,Person of Interest
P07036,Person_07036,37,Bengaluru,Witness
P07037,Person_07037,33,Rajkot,Suspect
P07038,Person_07038,41,Vadodara,Associate
P07039,Person_07039,24,Hyderabad,Suspect
P07040,Person_07040,39,Ahmedabad,Suspect
P07041,Person_07041,31,Vadodara,Person of Interest
P07042,Person_07042,25,Jaipur,Person of Interest
P07043,Person_07043,34,Indore,Suspect
P07044,Person_07044,63,Indore,Associate
P07045,Person_07045,45,Rajkot,Person of Interest
P07046,Person_07046,40,Vadodara,Person of Interest
P07047,Person_07047,62,Ahmedabad,Suspect
P07048,Person_07048,54,Vadodara,Associate
P07049,Person_07049,30,Indore,Person of Interest
P07050,Person_07050,55,Ahmedabad,Associate
P07051,Person_07051,53,Ahmedabad,Person of Interest
P07052,Person_07052,50,Surat,Suspect
P07053,Person_07053,64,Ahmedabad,Suspect
P07054,Person_07054,29,Ahmedabad,Associate
P07055,Person_07055,23,Surat,Suspect
P07056,Person_07056,36,Pune,Suspect
P07057,Person_07057,57,Ahmedabad,Witness
P07058,Person_07058,57,Indore,Person of Interest
P07059,Person_07059,59,Mumbai,Person of Interest
P07060,Person_07060,46,Jaipur,Person of Interest
P07061,Person_07061,29,Rajkot,Suspect
P07062,Person_07062,51,Delhi,Associate
P07063,Person_07063,64,Hyderabad,Person of Interest
P07064,Person_07064,52,Mumbai,Associate
P07065,Person_07065,54,Vadodara,Suspect
P07066,Person_07066,30,Jaipur,Suspect
P07067,Person_07067,24,Delhi,Person of Interest
P07068,Person_07068,53,Delhi,Associate
P07069,Person_07069,56,Delhi,Associate
P07070,Person_07070,36,Jaipur,Associate
P07071,Person_07071,44,Mumbai,Associate
P07072,Person_07072,32,Indore,Associate
P07073,Person_07073,42,Surat,Person of Interest
P07074,Person_07074,22,Vadodara,Person of Interest
P07075,Person_07075,39,Mumbai,Associate
P07076,Person_07076,64,Kolkata,Suspect
P07077,Person_07077,55,Rajkot,Suspect
P07078,Person_07078,33,Hyderabad,Person of Interest
P07079,Person_07079,62,Surat,Suspect
P07080,Person_07080,28,Vadodara,Person of Interest
P07081,Person_07081,35,Hyderabad,Suspect
P07082,Person_07082,49,Surat,Suspect
P07083,Person_07083,31,Rajkot,Suspect
P07084,Person_07084,58,Delhi,Suspect
P07085,Person_07085,60,Rajkot,Suspect
P07086,Person_07086,34,Indore,Person of Interest
P07087,Person_07087,47,Delhi,Person of Interest
P07088,Person_07088,34,Ahmedabad,Suspect
P07089,Person_07089,35,Mumbai,Associate
P07090,Person_07090,60,Rajkot,Associate
P07091,Person_07091,32,Vadodara,Associate
P07092,Person_07092,57,Rajkot,Suspect
P07093,Person_07093,55,Delhi,Associate
P07094,Person_07094,57,Bengaluru,Person of Interest
P07095,Person_07095,54,Jaipur,Suspect
P07096,Person_07096,54,Bengaluru,Person of Interest
P07097,Person_07097,44,Indore,Person of Interest
P07098,Person_07098,31,Bengaluru,Person of Interest
P07099,Person_07099,45,Jaipur,Associate
P07100,Person_07100,33,Vadodara,Suspect
P07101,Person_07101,60,Delhi,Suspect
P07102,Person_07102,36,Vadodara,Person of Interest
P07103,Person_07103,64,Hyderabad,Associate
P07104,Person_07104,60,Mumbai,Suspect
P07105,Person_07105,42,Jaipur,Suspect
P07106,Person_07106,26,Pune,Associate
P07107,Person_07107,57,Kolkata,Associate
P07108,Person_07108,24,Hyderabad,Person of Interest
P07109,Person_07109,49,Rajkot,Associate
P07110,Person_07110,28,Ahmedabad,Person of Interest
P07111,Person_07111,36,Bengaluru,Associate
P07112,Person_07112,56,Rajkot,Suspect
P07113,Person_07113,49,Delhi,Person of Interest
P07114,Person_07114,51,Ahmedabad,Person of Interest
P07115,Person_07115,42,Delhi,Person of Interest
P07116,Person_07116,64,Pune,Associate
P07117,Person_07117,54,Delhi,Person of Interest
P07118,Person_07118,23,Bengaluru,Suspect
P07119,Person_07119,61,Rajkot,Associate
P07120,Person_07120,26,Surat,Suspect
P07121,Person_07121,62,Mumbai,Associate
P07122,Person_07122,31,Surat,Associate
P07123,Person_07123,40,Kolkata,Suspect
P07124,Person_07124,33,Ahmedabad,Person of Interest
P07125,Person_07125,53,Rajkot,Associate
P07126,Person_07126,48,Surat,Suspect
P07127,Person_07127,23,Kolkata,Person of Interest
P07128,Person_07128,22,Pune,Associate
P07129,Person_07129,64,Bengaluru,Associate
P07130,Person_07130,52,Hyderabad,Suspect
P07131,Person_07131,33,Kolkata,Suspect
P07132,Person_07132,41,Delhi,Person of Interest
P07133,Person_07133,57,Vadodara,Associate
P07134,Person_07134,38,Vadodara,Suspect
P07135,Person_07135,48,Vadodara,Suspect
P07136,Person_07136,21,Surat,Associate
P07137,Person_07137,23,Indore,Associate
P07138,Person_07138,57,Vadodara,Person of Interest
P07139,Person_07139,59,Mumbai,Person of Interest
P07140,Person_07140,51,Surat,Suspect
P07141,Person_07141,56,Vadodara,Suspect
P07142,Person_07142,52,Vadodara,Suspect
P07143,Person_07143,37,Rajkot,Suspect
P07144,Person_07144,40,Kolkata,Associate
P07145,Person_07145,54,Ahmedabad,Person of Interest
P07146,Person_07146,58,Indore,Suspect
P07147,Person_07147,61,Hyderabad,Suspect
P07148,Person_07148,57,Surat,Witness
P07149,Person_07149,58,Indore,Associate
P07150,Person_07150,34,Kolkata,Associate
P07151,Person_07151,46,Surat,Person of Interest
P07152,Person_07152,30,Rajkot,Suspect
P07153,Person_07153,49,Kolkata,Suspect
P07154,Person_07154,22,Jaipur,Associate
P07155,Person_07155,41,Delhi,Suspect
P07156,Person_07156,32,Pune,Associate
P07157,Person_07157,42,Mumbai,Associate
P07158,Person_07158,41,Vadodara,Suspect
P07159,Person_07159,38,Bengaluru,Suspect
P07160,Person_07160,28,Mumbai,Associate
P07161,Person_07161,32,Surat,Person of Interest
P07162,Person_07162,33,Ahmedabad,Associate
P07163,Person_07163,24,Mumbai,Suspect
P07164,Person_07164,29,Rajkot,Witness
P07165,Person_07165,23,Delhi,Person of Interest
P07166,Person_07166,56,Kolkata,Associate
P07167,Person_07167,39,Hyderabad,Person of Interest
P07168,Person_07168,43,Vadodara,Suspect
P07169,Person_07169,44,Indore,Suspect
P07170,Person_07170,53,Bengaluru,Suspect
P07171,Person_07171,26,Surat,Associate
P07172,Person_07172,33,Surat,Witness
P07173,Person_07173,40,Mumbai,Suspect
P07174,Person_07174,45,Ahmedabad,Suspect
P07175,Person_07175,36,Hyderabad,Suspect
P07176,Person_07176,61,Bengaluru,Person of Interest
P07177,Person_07177,28,Pune,Associate
P07178,Person_07178,49,Rajkot,Person of Interest
P07179,Person_07179,55,Bengaluru,Person of Interest
P07180,Person_07180,50,Hyderabad,Person of Interest
P07181,Person_07181,48,Vadodara,Associate
P07182,Person_07182,63,Vadodara,Associate
P07183,Person_07183,25,Pune,Associate
P07184,Person_07184,60,Jaipur,Suspect
P07185,Person_07185,27,Ahmedabad,Associate
P07186,Person_07186,32,Delhi,Associate
P07187,Person_07187,63,Surat,Suspect
P07188,Person_07188,56,Vadodara,Suspect
P07189,Person_07189,47,Pune,Suspect
P07190,Person_07190,29,Rajkot,Person of Interest
P07191,Person_07191,30,Surat,Person of Interest
P07192,Person_07192,45,Vadodara,Suspect
P07193,Person_07193,59,Mumbai,Suspect
P07194,Person_07194,22,Pune,Suspect
P07195,Person_07195,63,Kolkata,Associate
P07196,Person_07196,62,Kolkata,Suspect
P07197,Person_07197,58,Rajkot,Associate
P07198,Person_07198,32,Hyderabad,Person of Interest
P07199,Person_07199,44,Indore,Suspect
P07200,Person_07200,42,Vadodara,Suspect
P07201,Person_07201,39,Rajkot,Associate
P07202,Person_07202,23,Pune,Person of Interest
P07203,Person_07203,36,Jaipur,Suspect
P07204,Person_07204,45,Mumbai,Person of Interest
P07205,Person_07205,61,Indore,Associate
P07206,Person_07206,45,Rajkot,Associate
P07207,Person_07207,38,Bengaluru,Associate
P07208,Person_07208,40,Jaipur,Suspect
P07209,Person_07209,23,Vadodara,Associate
P07210,Person_07210,42,Jaipur,Witness
P07211,Person_07211,51,Rajkot,Associate
P07212,Person_07212,52,Rajkot,Person of Interest
P07213,Person_07213,50,Indore,Suspect
P07214,Person_07214,31,Hyderabad,Person of Interest
P07215,Person_07215,35,Ahmedabad,Suspect
P07216,Person_07216,45,Kolkata,Suspect
P07217,Person_07217,28,Bengaluru,Person of Interest
P07218,Person_07218,52,Indore,Person of Interest
P07219,Person_07219,53,Vadodara,Suspect
P07220,Person_07220,45,Surat,Associate
P07221,Person_07221,57,Bengaluru,Associate
P07222,Person_07222,43,Indore,Person of Interest
P07223,Person_07223,53,Pune,Associate
P07224,Person_07224,42,Surat,Person of Interest
P07225,Person_07225,40,Kolkata,Person of Interest
P07226,Person_07226,47,Mumbai,Suspect
P07227,Person_07227,55,Bengaluru,Associate
P07228,Person_07228,52,Surat,Associate
P07229,Person_07229,22,Vadodara,Person of Interest
P07230,Person_07230,56,Bengaluru,Associate
P07231,Person_07231,44,Surat,Witness
P07232,Person_07232,22,Pune,Person of Interest
P07233,Person_07233,29,Vadodara,Suspect
P07234,Person_07234,24,Surat,Associate
P07235,Person_07235,58,Kolkata,Person of Interest
P07236,Person_07236,41,Kolkata,Person of Interest
P07237,Person_07237,46,Indore,Associate
P07238,Person_07238,34,Delhi,Suspect
P07239,Person_07239,23,Surat,Suspect
P07240,Person_07240,25,Surat,Suspect
P07241,Person_07241,58,Indore,Person of Interest
P07242,Person_07242,62,Jaipur,Person of Interest
P07243,Person_07243,47,Jaipur,Person of Interest
P07244,Person_07244,45,Kolkata,Suspect
P07245,Person_07245,41,Jaipur,Person of Interest
P07246,Person_07246,49,Kolkata,Person of Interest
P07247,Person_07247,53,Kolkata,Suspect
P07248,Person_07248,49,Delhi,Witness
P07249,Person_07249,38,Delhi,Associate
P07250,Person_07250,60,Rajkot,Suspect
P07251,Person_07251,52,Delhi,Suspect
P07252,Person_07252,26,Jaipur,Suspect
P07253,Person_07253,45,Mumbai,Suspect
P07254,Person_07254,34,Kolkata,Person of Interest
P07255,Person_07255,44,Bengaluru,Witness
P07256,Person_07256,27,Kolkata,Suspect
P07257,Person_07257,64,Delhi,Suspect
P07258,Person_07258,24,Kolkata,Person of Interest
P07259,Person_07259,33,Ahmedabad,Suspect
P07260,Person_07260,59,Delhi,Person of Interest
P07261,Person_07261,39,Ahmedabad,Person of Interest
P07262,Person_07262,54,Vadodara,Suspect
P07263,Person_07263,40,Pune,Suspect
P07264,Person_07264,35,Indore,Suspect
P07265,Person_07265,62,Kolkata,Person of Interest
P07266,Person_07266,44,Bengaluru,Suspect
P07267,Person_07267,36,Rajkot,Person of Interest
P07268,Person_07268,63,Hyderabad,Associate
P07269,Person_07269,63,Bengaluru,Person of Interest
P07270,Person_07270,37,Rajkot,Suspect
P07271,Person_07271,41,Vadodara,Suspect
P07272,Person_07272,34,Rajkot,Suspect
P07273,Person_07273,49,Jaipur,Person of Interest
P07274,Person_07274,54,Rajkot,Suspect
P07275,Person_07275,51,Kolkata,Associate
P07276,Person_07276,43,Kolkata,Person of Interest
P07277,Person_07277,53,Rajkot,Person of Interest
P07278,Person_07278,54,Mumbai,Suspect
P07279,Person_07279,22,Bengaluru,Person of Interest
P07280,Person_07280,41,Jaipur,Suspect
P07281,Person_07281,28,Hyderabad,Suspect
P07282,Person_07282,55,Rajkot,Witness
P07283,Person_07283,28,Delhi,Suspect
P07284,Person_07284,40,Bengaluru,Suspect
P07285,Person_07285,47,Indore,Associate
P07286,Person_07286,53,Surat,Suspect
P07287,Person_07287,37,Hyderabad,Person of Interest
P07288,Person_07288,38,Indore,Associate
P07289,Person_07289,35,Mumbai,Suspect
P07290,Person_07290,50,Pune,Suspect
P07291,Person_07291,36,Pune,Person of Interest
P07292,Person_07292,36,Pune,Witness
P07293,Person_07293,25,Mumbai,Suspect
P07294,Person_07294,28,Vadodara,Person of Interest
P07295,Person_07295,57,Kolkata,Suspect
P07296,Person_07296,36,Kolkata,Person of Interest
P07297,Person_07297,58,Vadodara,Associate
P07298,Person_07298,53,Pune,Associate
P07299,Person_07299,61,Jaipur,Associate
P07300,Person_07300,58,Vadodara,Suspect
P07301,Person_07301,21,Bengaluru,Suspect
P07302,Person_07302,39,Pune,Person of Interest
P07303,Person_07303,37,Delhi,Person of Interest
P07304,Person_07304,46,Delhi,Suspect
P07305,Person_07305,58,Surat,Suspect
P07306,Person_07306,55,Mumbai,Suspect
P07307,Person_07307,36,Rajkot,Witness
P07308,Person_07308,52,Vadodara,Suspect
P07309,Person_07309,63,Bengaluru,Person of Interest
P07310,Person_07310,64,Pune,Person of Interest
P07311,Person_07311,29,Hyderabad,Person of Interest
P07312,Person_07312,64,Ahmedabad,Suspect
P07313,Person_07313,55,Hyderabad,Suspect
P07314,Person_07314,27,Delhi,Associate
P07315,Person_07315,62,Pune,Associate
P07316,Person_07316,31,Bengaluru,Person of Interest
P07317,Person_07317,44,Pune,Witness
P07318,Person_07318,33,Kolkata,Suspect
P07319,Person_07319,30,Jaipur,Suspect
P07320,Person_07320,56,Jaipur,Suspect
P07321,Person_07321,56,Indore,Person of Interest
P07322,Person_07322,62,Jaipur,Associate
P07323,Person_07323,45,Bengaluru,Associate
P07324,Person_07324,29,Rajkot,Suspect
P07325,Person_07325,45,Vadodara,Suspect
P07326,Person_07326,34,Surat,Suspect
P07327,Person_07327,34,Vadodara,Suspect
P07328,Person_07328,45,Delhi,Person of Interest
P07329,Person_07329,37,Jaipur,Person of Interest
P07330,Person_07330,62,Jaipur,Suspect
P07331,Person_07331,58,Vadodara,Suspect
P07332,Person_07332,57,Delhi,Person of Interest
P07333,Person_07333,44,Surat,Suspect
P07334,Person_07334,43,Vadodara,Person of Interest
P07335,Person_07335,48,Pune,Associate
P07336,Person_07336,50,Rajkot,Suspect
P07337,Person_07337,62,Kolkata,Person of Interest
P07338,Person_07338,42,Ahmedabad,Suspect
P07339,Person_07339,35,Jaipur,Suspect
P07340,Person_07340,24,Vadodara,Associate
P07341,Person_07341,39,Bengaluru,Person of Interest
P07342,Person_07342,53,Kolkata,Associate
P07343,Person_07343,59,Vadodara,Suspect
P07344,Person_07344,27,Delhi,Suspect
P07345,Person_07345,41,Kolkata,Suspect
P07346,Person_07346,25,Bengaluru,Suspect
P07347,Person_07347,32,Vadodara,Associate
P07348,Person_07348,59,Jaipur,Person of Interest
P07349,Person_07349,52,Vadodara,Suspect
P07350,Person_07350,34,Pune,Person of Interest
P07351,Person_07351,26,Surat,Suspect
P07352,Person_07352,44,Bengaluru,Suspect
P07353,Person_07353,55,Pune,Associate
P07354,Person_07354,39,Mumbai,Suspect
P07355,Person_07355,22,Delhi,Suspect
P07356,Person_07356,24,Surat,Witness
P07357,Person_07357,64,Surat,Suspect
P07358,Person_07358,35,Rajkot,Person of Interest
P07359,Person_07359,22,Mumbai,Person of Interest
P07360,Person_07360,37,Hyderabad,Suspect
P07361,Person_07361,31,Kolkata,Suspect
P07362,Person_07362,63,Pune,Witness
P07363,Person_07363,46,Rajkot,Associate
P07364,Person_07364,33,Delhi,Suspect
P07365,Person_07365,51,Surat,Suspect
P07366,Person_07366,48,Indore,Suspect
P07367,Person_07367,29,Indore,Person of Interest
P07368,Person_07368,24,Surat,Person of Interest
P07369,Person_07369,64,Mumbai,Person of Interest
P07370,Person_07370,26,Mumbai,Suspect
P07371,Person_07371,53,Kolkata,Person of Interest
P07372,Person_07372,45,Delhi,Suspect
P07373,Person_07373,63,Vadodara,Suspect
P07374,Person_07374,25,Kolkata,Suspect
P07375,Person_07375,23,Vadodara,Suspect
P07376,Person_07376,41,Ahmedabad,Person of Interest
P07377,Person_07377,39,Hyderabad,Suspect
P07378,Person_07378,47,Vadodara,Associate
P07379,Person_07379,46,Rajkot,Suspect
P07380,Person_07380,58,Indore,Suspect
P07381,Person_07381,26,Delhi,Suspect
P07382,Person_07382,34,Delhi,Suspect
P07383,Person_07383,55,Mumbai,Associate
P07384,Person_07384,44,Surat,Suspect
P07385,Person_07385,36,Vadodara,Suspect
P07386,Person_07386,44,Jaipur,Witness
P07387,Person_07387,26,Rajkot,Suspect
P07388,Person_07388,40,Indore,Suspect
P07389,Person_07389,21,Bengaluru,Suspect
P07390,Person_07390,46,Indore,Person of Interest
P07391,Person_07391,61,Vadodara,Suspect
P07392,Person_07392,37,Rajkot,Person of Interest
P07393,Person_07393,22,Surat,Person of Interest
P07394,Person_07394,54,Bengaluru,Person of Interest
P07395,Person_07395,64,Vadodara,Person of Interest
P07396,Person_07396,55,Hyderabad,Suspect
P07397,Person_07397,46,Mumbai,Suspect
P07398,Person_07398,56,Bengaluru,Suspect
P07399,Person_07399,61,Pune,Associate
P07400,Person_07400,22,Jaipur,Person of Interest
P07401,Person_07401,42,Rajkot,Person of Interest
P07402,Person_07402,58,Mumbai,Person of Interest
P07403,Person_07403,41,Jaipur,Associate
P07404,Person_07404,38,Jaipur,Suspect
P07405,Person_07405,33,Indore,Person of Interest
P07406,Person_07406,49,Surat,Person of Interest
P07407,Person_07407,31,Indore,Associate
P07408,Person_07408,54,Mumbai,Associate
P07409,Person_07409,40,Surat,Suspect
P07410,Person_07410,26,Ahmedabad,Associate
P07411,Person_07411,55,Delhi,Suspect
P07412,Person_07412,39,Ahmedabad,Suspect
P07413,Person_07413,22,Jaipur,Associate
P07414,Person_07414,31,Surat,Suspect
P07415,Person_07415,35,Hyderabad,Associate
P07416,Person_07416,48,Delhi,Suspect
P07417,Person_07417,47,Jaipur,Suspect
P07418,Person_07418,35,Vadodara,Associate
P07419,Person_07419,36,Bengaluru,Associate
P07420,Person_07420,48,Pune,Suspect
P07421,Person_07421,43,Surat,Suspect
P07422,Person_07422,45,Surat,Person of Interest
P07423,Person_07423,48,Jaipur,Person of Interest
P07424,Person_07424,45,Kolkata,Witness
P07425,Person_07425,46,Jaipur,Associate
P07426,Person_07426,57,Rajkot,Person of Interest
P07427,Person_07427,50,Mumbai,Associate
P07428,Person_07428,31,Vadodara,Associate
P07429,Person_07429,26,Jaipur,Associate
P07430,Person_07430,53,Hyderabad,Suspect
P07431,Person_07431,38,Ahmedabad,Person of Interest
P07432,Person_07432,34,Jaipur,Suspect
P07433,Person_07433,35,Jaipur,Person of Interest
P07434,Person_07434,50,Rajkot,Suspect
P07435,Person_07435,43,Mumbai,Person of Interest
P07436,Person_07436,21,Surat,Suspect
P07437,Person_07437,45,Jaipur,Suspect
P07438,Person_07438,37,Indore,Suspect
P07439,Person_07439,38,Delhi,Person of Interest
P07440,Person_07440,34,Bengaluru,Associate
P07441,Person_07441,52,Hyderabad,Suspect
P07442,Person_07442,21,Delhi,Person of Interest
P07443,Person_07443,45,Mumbai,Suspect
P07444,Person_07444,64,Rajkot,Suspect
P07445,Person_07445,64,Pune,Associate
P07446,Person_07446,33,Ahmedabad,Associate
P07447,Person_07447,64,Jaipur,Person of Interest
P07448,Person_07448,58,Vadodara,Person of Interest
P07449,Person_07449,51,Pune,Suspect
P07450,Person_07450,32,Pune,Suspect
P07451,Person_07451,59,Indore,Suspect
P07452,Person_07452,40,Pune,Suspect
P07453,Person_07453,33,Mumbai,Person of Interest
P07454,Person_07454,41,Mumbai,Person of Interest
P07455,Person_07455,29,Bengaluru,Person of Interest
P07456,Person_07456,24,Bengaluru,Associate
P07457,Person_07457,51,Surat,Person of Interest
P07458,Person_07458,52,Surat,Associate
P07459,Person_07459,61,Delhi,Witness
P07460,Person_07460,54,Delhi,Suspect
P07461,Person_07461,25,Mumbai,Witness
P07462,Person_07462,60,Bengaluru,Person of Interest
P07463,Person_07463,43,Pune,Suspect
P07464,Person_07464,57,Ahmedabad,Person of Interest
P07465,Person_07465,49,Vadodara,Suspect
P07466,Person_07466,37,Vadodara,Suspect
P07467,Person_07467,40,Vadodara,Suspect
P07468,Person_07468,28,Pune,Suspect
P07469,Person_07469,46,Rajkot,Suspect
P07470,Person_07470,62,Pune,Suspect
P07471,Person_07471,28,Vadodara,Person of Interest
P07472,Person_07472,50,Ahmedabad,Associate
P07473,Person_07473,24,Vadodara,Associate
P07474,Person_07474,52,Delhi,Suspect
P07475,Person_07475,52,Indore,Person of Interest
P07476,Person_07476,60,Jaipur,Person of Interest
P07477,Person_07477,25,Jaipur,Person of Interest
P07478,Person_07478,21,Surat,Associate
P07479,Person_07479,46,Bengaluru,Suspect
P07480,Person_07480,30,Indore,Suspect
P07481,Person_07481,54,Vadodara,Associate
P07482,Person_07482,30,Rajkot,Associate
P07483,Person_07483,64,Surat,Witness
P07484,Person_07484,63,Jaipur,Person of Interest
P07485,Person_07485,42,Mumbai,Suspect
P07486,Person_07486,38,Hyderabad,Person of Interest
P07487,Person_07487,46,Rajkot,Associate
P07488,Person_07488,58,Pune,Suspect
P07489,Person_07489,35,Hyderabad,Associate
P07490,Person_07490,46,Pune,Suspect
P07491,Person_07491,53,Hyderabad,Suspect
P07492,Person_07492,44,Kolkata,Suspect
P07493,Person_07493,35,Pune,Person of Interest
P07494,Person_07494,48,Pune,Suspect
P07495,Person_07495,45,Surat,Person of Interest
P07496,Person_07496,45,Indore,Person of Interest
P07497,Person_07497,49,Mumbai,Associate
P07498,Person_07498,56,Hyderabad,Suspect
P07499,Person_07499,33,Rajkot,Associate
P07500,Person_07500,27,Ahmedabad,Suspect
P07501,Person_07501,28,Delhi,Suspect
P07502,Person_07502,50,Surat,Associate
P07503,Person_07503,41,Vadodara,Person of Interest
P07504,Person_07504,49,Bengaluru,Suspect
P07505,Person_07505,39,Surat,Suspect
P07506,Person_07506,64,Mumbai,Suspect
P07507,Person_07507,44,Rajkot,Suspect
P07508,Person_07508,33,Indore,Suspect
P07509,Person_07509,26,Pune,Associate
P07510,Person_07510,44,Surat,Witness
P07511,Person_07511,57,Kolkata,Associate
P07512,Person_07512,34,Delhi,Suspect
P07513,Person_07513,49,Hyderabad,Person of Interest
P07514,Person_07514,55,Ahmedabad,Suspect
P07515,Person_07515,40,Ahmedabad,Associate
P07516,Person_07516,60,Vadodara,Suspect
P07517,Person_07517,64,Pune,Suspect
P07518,Person_07518,47,Ahmedabad,Suspect
P07519,Person_07519,30,Jaipur,Associate
P07520,Person_07520,53,Rajkot,Suspect
P07521,Person_07521,32,Pune,Suspect
P07522,Person_07522,47,Delhi,Suspect
P07523,Person_07523,31,Pune,Person of Interest
P07524,Person_07524,22,Ahmedabad,Suspect
P07525,Person_07525,37,Mumbai,Witness
P07526,Person_07526,60,Indore,Suspect
P07527,Person_07527,36,Ahmedabad,Person of Interest
P07528,Person_07528,37,Indore,Suspect
P07529,Person_07529,28,Hyderabad,Associate
P07530,Person_07530,38,Vadodara,Suspect
P07531,Person_07531,52,Bengaluru,Suspect
P07532,Person_07532,46,Kolkata,Suspect
P07533,Person_07533,24,Mumbai,Witness
P07534,Person_07534,41,Surat,Associate
P07535,Person_07535,30,Jaipur,Associate
P07536,Person_07536,34,Delhi,Person of Interest
P07537,Person_07537,37,Bengaluru,Person of Interest
P07538,Person_07538,47,Pune,Suspect
P07539,Person_07539,49,Surat,Person of Interest
P07540,Person_07540,61,Rajkot,Suspect
P07541,Person_07541,24,Pune,Suspect
P07542,Person_07542,56,Hyderabad,Associate
P07543,Person_07543,43,Bengaluru,Associate
P07544,Person_07544,50,Kolkata,Associate
P07545,Person_07545,36,Kolkata,Associate
P07546,Person_07546,29,Indore,Suspect
P07547,Person_07547,23,Bengaluru,Associate
P07548,Person_07548,21,Delhi,Suspect
P07549,Person_07549,42,Rajkot,Suspect
P07550,Person_07550,22,Delhi,Person of Interest
P07551,Person_07551,41,Indore,Witness
P07552,Person_07552,28,Indore,Suspect
P07553,Person_07553,50,Mumbai,Suspect
P07554,Person_07554,48,Kolkata,Person of Interest
P07555,Person_07555,51,Surat,Suspect
P07556,Person_07556,47,Jaipur,Person of Interest
P07557,Person_07557,48,Jaipur,Associate
P07558,Person_07558,36,Ahmedabad,Associate
P07559,Person_07559,29,Rajkot,Suspect
P07560,Person_07560,27,Vadodara,Associate
P07561,Person_07561,51,Rajkot,Associate
P07562,Person_07562,27,Kolkata,Suspect
P07563,Person_07563,38,Hyderabad,Suspect
P07564,Person_07564,28,Mumbai,Suspect
P07565,Person_07565,53,Rajkot,Suspect
P07566,Person_07566,51,Mumbai,Person of Interest
P07567,Person_07567,37,Ahmedabad,Person of Interest
P07568,Person_07568,39,Rajkot,Person of Interest
P07569,Person_07569,31,Kolkata,Person of Interest
P07570,Person_07570,37,Jaipur,Associate
P07571,Person_07571,26,Jaipur,Suspect
P07572,Person_07572,41,Vadodara,Suspect
P07573,Person_07573,32,Bengaluru,Suspect
P07574,Person_07574,40,Surat,Suspect
P07575,Person_07575,30,Mumbai,Suspect
P07576,Person_07576,21,Jaipur,Suspect
P07577,Person_07577,22,Bengaluru,Person of Interest
P07578,Person_07578,51,Bengaluru,Suspect
P07579,Person_07579,40,Bengaluru,Suspect
P07580,Person_07580,48,Bengaluru,Suspect
P07581,Person_07581,60,Bengaluru,Suspect
P07582,Person_07582,32,Bengaluru,Suspect
P07583,Person_07583,47,Hyderabad,Suspect
P07584,Person_07584,32,Jaipur,Person of Interest
P07585,Person_07585,41,Pune,Associate
P07586,Person_07586,42,Pune,Person of Interest
P07587,Person_07587,22,Surat,Suspect
P07588,Person_07588,25,Rajkot,Witness
P07589,Person_07589,63,Jaipur,Suspect
P07590,Person_07590,34,Jaipur,Person of Interest
P07591,Person_07591,36,Delhi,Associate
P07592,Person_07592,51,Hyderabad,Person of Interest
P07593,Person_07593,60,Pune,Suspect
P07594,Person_07594,64,Ahmedabad,Associate
P07595,Person_07595,27,Kolkata,Suspect
P07596,Person_07596,36,Indore,Suspect
P07597,Person_07597,33,Vadodara,Suspect
P07598,Person_07598,63,Indore,Associate
P07599,Person_07599,49,Surat,Suspect
P07600,Person_07600,33,Indore,Suspect
P07601,Person_07601,38,Indore,Suspect
P07602,Person_07602,46,Kolkata,Suspect
P07603,Person_07603,47,Delhi,Associate
P07604,Person_07604,62,Surat,Suspect
P07605,Person_07605,24,Delhi,Suspect
P07606,Person_07606,31,Kolkata,Person of Interest
P07607,Person_07607,26,Kolkata,Person of Interest
P07608,Person_07608,40,Hyderabad,Person of Interest
P07609,Person_07609,54,Bengaluru,Suspect
P07610,Person_07610,64,Vadodara,Associate
P07611,Person_07611,31,Hyderabad,Suspect
P07612,Person_07612,51,Hyderabad,Person of Interest
P07613,Person_07613,44,Hyderabad,Associate
P07614,Person_07614,26,Bengaluru,Associate
P07615,Person_07615,57,Kolkata,Suspect
P07616,Person_07616,60,Pune,Person of Interest
P07617,Person_07617,29,Bengaluru,Associate
P07618,Person_07618,59,Surat,Suspect
P07619,Person_07619,61,Vadodara,Suspect
P07620,Person_07620,25,Delhi,Person of Interest
P07621,Person_07621,31,Vadodara,Suspect
P07622,Person_07622,42,Ahmedabad,Suspect
P07623,Person_07623,37,Bengaluru,Suspect
P07624,Person_07624,25,Ahmedabad,Suspect
P07625,Person_07625,44,Rajkot,Suspect
P07626,Person_07626,54,Rajkot,Associate
P07627,Person_07627,47,Vadodara,Suspect
P07628,Person_07628,62,Ahmedabad,Suspect
P07629,Person_07629,47,Surat,Suspect
P07630,Person_07630,39,Rajkot,Suspect
P07631,Person_07631,62,Vadodara,Suspect
P07632,Person_07632,24,Rajkot,Suspect
P07633,Person_07633,49,Surat,Suspect
P07634,Person_07634,31,Ahmedabad,Associate
P07635,Person_07635,64,Jaipur,Associate
P07636,Person_07636,38,Delhi,Witness
P07637,Person_07637,39,Surat,Person of Interest
P07638,Person_07638,31,Bengaluru,Suspect
P07639,Person_07639,41,Vadodara,Suspect
P07640,Person_07640,48,Pune,Suspect
P07641,Person_07641,55,Delhi,Suspect
P07642,Person_07642,46,Kolkata,Person of Interest
P07643,Person_07643,43,Ahmedabad,Person of Interest
P07644,Person_07644,60,Kolkata,Suspect
P07645,Person_07645,41,Delhi,Suspect
P07646,Person_07646,24,Jaipur,Suspect
P07647,Person_07647,36,Bengaluru,Suspect
P07648,Person_07648,49,Indore,Person of Interest
P07649,Person_07649,35,Mumbai,Witness
P07650,Person_07650,57,Surat,Witness
P07651,Person_07651,30,Mumbai,Suspect
P07652,Person_07652,27,Jaipur,Suspect
P07653,Person_07653,63,Bengaluru,Suspect
P07654,Person_07654,51,Jaipur,Person of Interest
P07655,Person_07655,27,Mumbai,Suspect
P07656,Person_07656,48,Kolkata,Suspect
P07657,Person_07657,52,Bengaluru,Associate
P07658,Person_07658,33,Vadodara,Suspect
P07659,Person_07659,46,Hyderabad,Associate
P07660,Person_07660,51,Rajkot,Associate
P07661,Person_07661,59,Hyderabad,Associate
P07662,Person_07662,57,Bengaluru,Suspect
P07663,Person_07663,60,Bengaluru,Person of Interest
P07664,Person_07664,41,Ahmedabad,Person of Interest
P07665,Person_07665,55,Ahmedabad,Suspect
P07666,Person_07666,36,Ahmedabad,Suspect
P07667,Person_07667,52,Ahmedabad,Person of Interest
P07668,Person_07668,59,Mumbai,Suspect
P07669,Person_07669,35,Rajkot,Witness
P07670,Person_07670,55,Kolkata,Suspect
P07671,Person_07671,56,Mumbai,Associate
P07672,Person_07672,62,Ahmedabad,Associate
P07673,Person_07673,51,Pune,Suspect
P07674,Person_07674,53,Mumbai,Person of Interest
P07675,Person_07675,58,Vadodara,Suspect
P07676,Person_07676,39,Rajkot,Person of Interest
P07677,Person_07677,37,Delhi,Suspect
P07678,Person_07678,37,Indore,Witness
P07679,Person_07679,51,Mumbai,Suspect
P07680,Person_07680,51,Hyderabad,Associate
P07681,Person_07681,24,Vadodara,Associate
P07682,Person_07682,37,Jaipur,Suspect
P07683,Person_07683,32,Bengaluru,Associate
P07684,Person_07684,27,Surat,Suspect
P07685,Person_07685,62,Hyderabad,Person of Interest
P07686,Person_07686,64,Delhi,Associate
P07687,Person_07687,21,Delhi,Associate
P07688,Person_07688,29,Delhi,Associate
P07689,Person_07689,62,Hyderabad,Person of Interest
P07690,Person_07690,41,Vadodara,Suspect
P07691,Person_07691,26,Indore,Person of Interest
P07692,Person_07692,51,Indore,Suspect
P07693,Person_07693,53,Surat,Suspect
P07694,Person_07694,44,Indore,Associate
P07695,Person_07695,30,Surat,Associate
P07696,Person_07696,58,Hyderabad,Associate
P07697,Person_07697,47,Mumbai,Suspect
P07698,Person_07698,59,Jaipur,Witness
P07699,Person_07699,34,Kolkata,Witness
P07700,Person_07700,43,Mumbai,Associate
P07701,Person_07701,53,Jaipur,Associate
P07702,Person_07702,28,Delhi,Associate
P07703,Person_07703,33,Mumbai,Suspect
P07704,Person_07704,48,Indore,Suspect
P07705,Person_07705,40,Rajkot,Suspect
P07706,Person_07706,24,Bengaluru,Person of Interest
P07707,Person_07707,59,Vadodara,Associate
P07708,Person_07708,22,Hyderabad,Person of Interest
P07709,Person_07709,60,Kolkata,Suspect
P07710,Person_07710,60,Kolkata,Person of Interest
P07711,Person_07711,46,Delhi,Suspect
P07712,Person_07712,35,Rajkot,Person of Interest
P07713,Person_07713,48,Kolkata,Person of Interest
P07714,Person_07714,64,Hyderabad,Associate
P07715,Person_07715,49,Kolkata,Suspect
P07716,Person_07716,40,Rajkot,Person of Interest
P07717,Person_07717,50,Bengaluru,Suspect
P07718,Person_07718,58,Bengaluru,Witness
P07719,Person_07719,29,Indore,Person of Interest
P07720,Person_07720,42,Vadodara,Suspect
P07721,Person_07721,22,Bengaluru,Suspect
P07722,Person_07722,35,Indore,Suspect
P07723,Person_07723,22,Surat,Suspect
P07724,Person_07724,43,Rajkot,Witness
P07725,Person_07725,41,Jaipur,Suspect
P07726,Person_07726,61,Pune,Associate
P07727,Person_07727,38,Vadodara,Person of Interest
P07728,Person_07728,24,Kolkata,Associate
P07729,Person_07729,63,Indore,Associate
P07730,Person_07730,42,Pune,Suspect
P07731,Person_07731,42,Pune,Suspect
P07732,Person_07732,42,Mumbai,Suspect
P07733,Person_07733,50,Bengaluru,Suspect
P07734,Person_07734,53,Jaipur,Suspect
P07735,Person_07735,22,Jaipur,Associate
P07736,Person_07736,21,Bengaluru,Suspect
P07737,Person_07737,42,Indore,Suspect
P07738,Person_07738,63,Bengaluru,Person of Interest
P07739,Person_07739,37,Ahmedabad,Suspect
P07740,Person_07740,48,Ahmedabad,Person of Interest
P07741,Person_07741,30,Kolkata,Associate
P07742,Person_07742,57,Delhi,Associate
P07743,Person_07743,60,Surat,Associate
P07744,Person_07744,58,Indore,Suspect
P07745,Person_07745,47,Delhi,Associate
P07746,Person_07746,23,Hyderabad,Person of Interest
P07747,Person_07747,60,Bengaluru,Suspect
P07748,Person_07748,51,Surat,Person of Interest
P07749,Person_07749,26,Rajkot,Person of Interest
P07750,Person_07750,41,Vadodara,Person of Interest
P07751,Person_07751,21,Kolkata,Person of Interest
P07752,Person_07752,23,Rajkot,Associate
P07753,Person_07753,58,Vadodara,Suspect
P07754,Person_07754,59,Jaipur,Associate
P07755,Person_07755,35,Jaipur,Suspect
P07756,Person_07756,50,Delhi,Suspect
P07757,Person_07757,47,Jaipur,Associate
P07758,Person_07758,37,Ahmedabad,Associate
P07759,Person_07759,60,Bengaluru,Witness
P07760,Person_07760,35,Pune,Person of Interest
P07761,Person_07761,56,Surat,Associate
P07762,Person_07762,55,Pune,Suspect
P07763,Person_07763,40,Hyderabad,Associate
P07764,Person_07764,38,Rajkot,Suspect
P07765,Person_07765,52,Kolkata,Witness
P07766,Person_07766,62,Rajkot,Associate
P07767,Person_07767,57,Hyderabad,Suspect
P07768,Person_07768,35,Rajkot,Suspect
P07769,Person_07769,51,Surat,Suspect
P07770,Person_07770,22,Delhi,Associate
P07771,Person_07771,52,Pune,Person of Interest
P07772,Person_07772,64,Vadodara,Suspect
P07773,Person_07773,43,Indore,Person of Interest
P07774,Person_07774,21,Kolkata,Associate
P07775,Person_07775,48,Indore,Associate
P07776,Person_07776,43,Delhi,Suspect
P07777,Person_07777,28,Pune,Person of Interest
P07778,Person_07778,26,Pune,Suspect
P07779,Person_07779,21,Bengaluru,Witness
P07780,Person_07780,28,Rajkot,Associate
P07781,Person_07781,26,Bengaluru,Associate
P07782,Person_07782,47,Pune,Suspect
P07783,Person_07783,59,Indore,Suspect
P07784,Person_07784,53,Surat,Suspect
P07785,Person_07785,36,Pune,Suspect
P07786,Person_07786,59,Pune,Person of Interest
P07787,Person_07787,25,Hyderabad,Suspect
P07788,Person_07788,63,Ahmedabad,Associate
P07789,Person_07789,25,Jaipur,Associate
P07790,Person_07790,45,Delhi,Associate
P07791,Person_07791,48,Bengaluru,Suspect
P07792,Person_07792,42,Indore,Suspect
P07793,Person_07793,52,Hyderabad,Suspect
P07794,Person_07794,35,Pune,Person of Interest
P07795,Person_07795,56,Rajkot,Suspect
P07796,Person_07796,28,Hyderabad,Person of Interest
P07797,Person_07797,23,Ahmedabad,Person of Interest
P07798,Person_07798,33,Rajkot,Suspect
P07799,Person_07799,23,Indore,Witness
P07800,Person_07800,54,Rajkot,Person of Interest
P07801,Person_07801,37,Surat,Suspect
P07802,Person_07802,40,Bengaluru,Suspect
P07803,Person_07803,40,Hyderabad,Associate
P07804,Person_07804,58,Bengaluru,Witness
P07805,Person_07805,27,Surat,Witness
P07806,Person_07806,32,Mumbai,Associate
P07807,Person_07807,61,Vadodara,Suspect
P07808,Person_07808,39,Surat,Person of Interest
P07809,Person_07809,54,Vadodara,Associate
P07810,Person_07810,46,Pune,Suspect
P07811,Person_07811,21,Hyderabad,Suspect
P07812,Person_07812,59,Bengaluru,Person of Interest
P07813,Person_07813,25,Indore,Suspect
P07814,Person_07814,21,Bengaluru,Suspect
P07815,Person_07815,50,Surat,Associate
P07816,Person_07816,46,Pune,Associate
P07817,Person_07817,39,Rajkot,Suspect
P07818,Person_07818,27,Ahmedabad,Associate
P07819,Person_07819,37,Bengaluru,Suspect
P07820,Person_07820,32,Pune,Person of Interest
P07821,Person_07821,22,Rajkot,Suspect
P07822,Person_07822,64,Vadodara,Associate
P07823,Person_07823,61,Surat,Associate
P07824,Person_07824,43,Rajkot,Suspect
P07825,Person_07825,48,Kolkata,Suspect
P07826,Person_07826,40,Hyderabad,Suspect
P07827,Person_07827,30,Kolkata,Person of Interest
P07828,Person_07828,43,Delhi,Person of Interest
P07829,Person_07829,32,Delhi,Person of Interest
P07830,Person_07830,52,Mumbai,Person of Interest
P07831,Person_07831,25,Delhi,Witness
P07832,Person_07832,44,Indore,Suspect
P07833,Person_07833,22,Jaipur,Person of Interest
P07834,Person_07834,54,Kolkata,Person of Interest
P07835,Person_07835,57,Kolkata,Person of Interest
P07836,Person_07836,55,Bengaluru,Associate
P07837,Person_07837,59,Rajkot,Person of Interest
P07838,Person_07838,62,Rajkot,Person of Interest
P07839,Person_07839,29,Rajkot,Associate
P07840,Person_07840,41,Surat,Suspect
P07841,Person_07841,64,Pune,Person of Interest
P07842,Person_07842,28,Indore,Associate
P07843,Person_07843,33,Mumbai,Person of Interest
P07844,Person_07844,57,Kolkata,Suspect
P07845,Person_07845,62,Surat,Witness
P07846,Person_07846,21,Hyderabad,Suspect
P07847,Person_07847,61,Bengaluru,Person of Interest
P07848,Person_07848,36,Surat,Suspect
P07849,Person_07849,53,Ahmedabad,Suspect
P07850,Person_07850,42,Delhi,Person of Interest
P07851,Person_07851,27,Indore,Suspect
P07852,Person_07852,43,Pune,Suspect
P07853,Person_07853,23,Hyderabad,Suspect
P07854,Person_07854,55,Rajkot,Associate
P07855,Person_07855,47,Delhi,Associate
P07856,Person_07856,36,Hyderabad,Person of Interest
P07857,Person_07857,40,Indore,Person of Interest
P07858,Person_07858,48,Jaipur,Suspect
P07859,Person_07859,42,Vadodara,Suspect
P07860,Person_07860,23,Hyderabad,Suspect
P07861,Person_07861,45,Pune,Person of Interest
P07862,Person_07862,52,Mumbai,Person of Interest
P07863,Person_07863,54,Vadodara,Associate
P07864,Person_07864,56,Delhi,Person of Interest
P07865,Person_07865,38,Kolkata,Suspect
P07866,Person_07866,42,Pune,Associate
P07867,Person_07867,50,Rajkot,Person of Interest
P07868,Person_07868,38,Indore,Suspect
P07869,Person_07869,27,Ahmedabad,Associate
P07870,Person_07870,44,Kolkata,Person of Interest
P07871,Person_07871,37,Ahmedabad,Suspect
P07872,Person_07872,30,Hyderabad,Suspect
P07873,Person_07873,29,Kolkata,Person of Interest
P07874,Person_07874,30,Delhi,Associate
P07875,Person_07875,39,Indore,Suspect
P07876,Person_07876,43,Ahmedabad,Person of Interest
P07877,Person_07877,46,Ahmedabad,Person of Interest
P07878,Person_07878,31,Bengaluru,Suspect
P07879,Person_07879,60,Kolkata,Associate
P07880,Person_07880,41,Rajkot,Suspect
P07881,Person_07881,48,Kolkata,Person of Interest
P07882,Person_07882,43,Pune,Associate
P07883,Person_07883,36,Bengaluru,Person of Interest
P07884,Person_07884,23,Mumbai,Person of Interest
P07885,Person_07885,41,Vadodara,Associate
P07886,Person_07886,37,Ahmedabad,Associate
P07887,Person_07887,56,Indore,Person of Interest
P07888,Person_07888,39,Vadodara,Person of Interest
P07889,Person_07889,22,Indore,Associate
P07890,Person_07890,45,Rajkot,Suspect
P07891,Person_07891,33,Hyderabad,Associate
P07892,Person_07892,35,Vadodara,Associate
P07893,Person_07893,45,Hyderabad,Suspect
P07894,Person_07894,41,Mumbai,Suspect
P07895,Person_07895,60,Mumbai,Suspect
P07896,Person_07896,57,Indore,Person of Interest
P07897,Person_07897,64,Pune,Person of Interest
P07898,Person_07898,42,Indore,Witness
P07899,Person_07899,37,Delhi,Suspect
P07900,Person_07900,61,Vadodara,Person of Interest
P07901,Person_07901,62,Vadodara,Suspect
P07902,Person_07902,63,Delhi,Suspect
P07903,Person_07903,35,Pune,Associate
P07904,Person_07904,56,Ahmedabad,Associate
P07905,Person_07905,56,Delhi,Person of Interest
P07906,Person_07906,42,Ahmedabad,Suspect
P07907,Person_07907,26,Kolkata,Person of Interest
P07908,Person_07908,32,Jaipur,Associate
P07909,Person_07909,40,Kolkata,Witness
P07910,Person_07910,44,Jaipur,Suspect
P07911,Person_07911,55,Jaipur,Associate
P07912,Person_07912,31,Kolkata,Person of Interest
P07913,Person_07913,62,Vadodara,Associate
P07914,Person_07914,63,Delhi,Suspect
P07915,Person_07915,34,Ahmedabad,Person of Interest
P07916,Person_07916,47,Ahmedabad,Associate
P07917,Person_07917,34,Delhi,Person of Interest
P07918,Person_07918,53,Surat,Associate
P07919,Person_07919,22,Indore,Person of Interest
P07920,Person_07920,39,Indore,Suspect
P07921,Person_07921,56,Bengaluru,Suspect
P07922,Person_07922,62,Delhi,Suspect
P07923,Person_07923,32,Vadodara,Person of Interest
P07924,Person_07924,25,Surat,Suspect
P07925,Person_07925,53,Surat,Suspect
P07926,Person_07926,52,Jaipur,Person of Interest
P07927,Person_07927,26,Pune,Associate
P07928,Person_07928,55,Jaipur,Person of Interest
P07929,Person_07929,30,Pune,Person of Interest
P07930,Person_07930,21,Ahmedabad,Associate
P07931,Person_07931,28,Hyderabad,Associate
P07932,Person_07932,32,Indore,Person of Interest
P07933,Person_07933,27,Rajkot,Suspect
P07934,Person_07934,34,Indore,Associate
P07935,Person_07935,25,Delhi,Associate
P07936,Person_07936,59,Vadodara,Person of Interest
P07937,Person_07937,53,Pune,Suspect
P07938,Person_07938,49,Kolkata,Suspect
P07939,Person_07939,33,Jaipur,Associate
P07940,Person_07940,48,Indore,Suspect
P07941,Person_07941,38,Hyderabad,Witness
P07942,Person_07942,52,Jaipur,Associate
P07943,Person_07943,63,Pune,Suspect
P07944,Person_07944,33,Surat,Person of Interest
P07945,Person_07945,24,Kolkata,Person of Interest
P07946,Person_07946,39,Hyderabad,Person of Interest
P07947,Person_07947,60,Rajkot,Suspect
P07948,Person_07948,21,Ahmedabad,Person of Interest
P07949,Person_07949,51,Mumbai,Suspect
P07950,Person_07950,28,Ahmedabad,Person of Interest
P07951,Person_07951,42,Hyderabad,Suspect
P07952,Person_07952,49,Indore,Person of Interest
P07953,Person_07953,43,Indore,Suspect
P07954,Person_07954,22,Jaipur,Person of Interest
P07955,Person_07955,30,Kolkata,Person of Interest
P07956,Person_07956,44,Mumbai,Suspect
P07957,Person_07957,41,Indore,Associate
P07958,Person_07958,38,Hyderabad,Suspect
P07959,Person_07959,50,Hyderabad,Associate
P07960,Person_07960,55,Surat,Witness
P07961,Person_07961,50,Bengaluru,Witness
P07962,Person_07962,22,Mumbai,Suspect
P07963,Person_07963,35,Rajkot,Person of Interest
P07964,Person_07964,44,Kolkata,Associate
P07965,Person_07965,31,Mumbai,Person of Interest
P07966,Person_07966,41,Jaipur,Suspect
P07967,Person_07967,56,Kolkata,Suspect
P07968,Person_07968,64,Indore,Person of Interest
P07969,Person_07969,60,Kolkata,Suspect
P07970,Person_07970,56,Vadodara,Person of Interest
P07971,Person_07971,29,Ahmedabad,Associate
P07972,Person_07972,35,Rajkot,Suspect
P07973,Person_07973,28,Mumbai,Suspect
P07974,Person_07974,45,Kolkata,Witness
P07975,Person_07975,43,Delhi,Witness
P07976,Person_07976,37,Hyderabad,Person of Interest
P07977,Person_07977,25,Bengaluru,Suspect
P07978,Person_07978,26,Pune,Suspect
P07979,Person_07979,27,Vadodara,Person of Interest
P07980,Person_07980,39,Rajkot,Suspect
P07981,Person_07981,36,Surat,Suspect
P07982,Person_07982,56,Hyderabad,Person of Interest
P07983,Person_07983,45,Bengaluru,Suspect
P07984,Person_07984,24,Jaipur,Associate
P07985,Person_07985,55,Rajkot,Witness
P07986,Person_07986,42,Surat,Associate
P07987,Person_07987,60,Rajkot,Suspect
P07988,Person_07988,39,Jaipur,Person of Interest
P07989,Person_07989,37,Surat,Person of Interest
P07990,Person_07990,42,Kolkata,Associate
P07991,Person_07991,40,Jaipur,Suspect
P07992,Person_07992,23,Jaipur,Person of Interest
P07993,Person_07993,50,Mumbai,Person of Interest
P07994,Person_07994,52,Vadodara,Suspect
P07995,Person_07995,41,Delhi,Associate
P07996,Person_07996,37,Indore,Suspect
P07997,Person_07997,51,Surat,Suspect
P07998,Person_07998,32,Delhi,Suspect
P07999,Person_07999,40,Ahmedabad,Person of Interest
P08000,Person_08000,59,Vadodara,Associate
P08001,Person_08001,34,Ahmedabad,Suspect
P08002,Person_08002,28,Surat,Associate
P08003,Person_08003,31,Surat,Person of Interest
P08004,Person_08004,37,Ahmedabad,Suspect
P08005,Person_08005,56,Ahmedabad,Suspect
P08006,Person_08006,49,Bengaluru,Suspect
P08007,Person_08007,36,Jaipur,Suspect
P08008,Person_08008,24,Hyderabad,Associate
P08009,Person_08009,24,Mumbai,Suspect
P08010,Person_08010,60,Vadodara,Suspect
P08011,Person_08011,56,Ahmedabad,Suspect
P08012,Person_08012,61,Kolkata,Suspect
P08013,Person_08013,25,Delhi,Associate
P08014,Person_08014,28,Vadodara,Suspect
P08015,Person_08015,52,Indore,Person of Interest
P08016,Person_08016,35,Rajkot,Person of Interest
P08017,Person_08017,27,Bengaluru,Person of Interest
P08018,Person_08018,64,Vadodara,Witness
P08019,Person_08019,61,Jaipur,Person of Interest
P08020,Person_08020,24,Surat,Witness
P08021,Person_08021,42,Kolkata,Associate
P08022,Person_08022,31,Indore,Suspect
P08023,Person_08023,39,Hyderabad,Suspect
P08024,Person_08024,36,Delhi,Associate
P08025,Person_08025,54,Vadodara,Suspect
P08026,Person_08026,58,Kolkata,Person of Interest
P08027,Person_08027,21,Ahmedabad,Person of Interest
P08028,Person_08028,59,Surat,Associate
P08029,Person_08029,31,Hyderabad,Person of Interest
P08030,Person_08030,27,Ahmedabad,Person of Interest
P08031,Person_08031,62,Mumbai,Suspect
P08032,Person_08032,29,Surat,Associate
P08033,Person_08033,38,Rajkot,Suspect
P08034,Person_08034,22,Delhi,Person of Interest
P08035,Person_08035,38,Kolkata,Suspect
P08036,Person_08036,36,Indore,Person of Interest
P08037,Person_08037,40,Ahmedabad,Associate
P08038,Person_08038,41,Hyderabad,Associate
P08039,Person_08039,53,Pune,Suspect
P08040,Person_08040,50,Jaipur,Associate
P08041,Person_08041,64,Rajkot,Suspect
P08042,Person_08042,38,Jaipur,Associate
P08043,Person_08043,43,Bengaluru,Witness
P08044,Person_08044,64,Delhi,Person of Interest
P08045,Person_08045,29,Indore,Person of Interest
P08046,Person_08046,64,Ahmedabad,Suspect
P08047,Person_08047,27,Delhi,Person of Interest
P08048,Person_08048,44,Pune,Suspect
P08049,Person_08049,49,Kolkata,Suspect
P08050,Person_08050,25,Rajkot,Associate
P08051,Person_08051,41,Bengaluru,Person of Interest
P08052,Person_08052,62,Bengaluru,Person of Interest
P08053,Person_08053,56,Surat,Suspect
P08054,Person_08054,64,Ahmedabad,Associate
P08055,Person_08055,51,Jaipur,Person of Interest
P08056,Person_08056,59,Bengaluru,Person of Interest
P08057,Person_08057,33,Mumbai,Witness
P08058,Person_08058,44,Jaipur,Associate
P08059,Person_08059,53,Vadodara,Suspect
P08060,Person_08060,49,Surat,Person of Interest
P08061,Person_08061,28,Kolkata,Suspect
P08062,Person_08062,50,Surat,Associate
P08063,Person_08063,33,Kolkata,Suspect
P08064,Person_08064,49,Indore,Associate
P08065,Person_08065,48,Hyderabad,Person of Interest
P08066,Person_08066,21,Surat,Suspect
P08067,Person_08067,22,Surat,Person of Interest
P08068,Person_08068,44,Kolkata,Suspect
P08069,Person_08069,32,Surat,Suspect
P08070,Person_08070,48,Mumbai,Suspect
P08071,Person_08071,23,Ahmedabad,Person of Interest
P08072,Person_08072,56,Bengaluru,Suspect
P08073,Person_08073,49,Ahmedabad,Suspect
P08074,Person_08074,41,Jaipur,Witness
P08075,Person_08075,56,Kolkata,Suspect
P08076,Person_08076,25,Mumbai,Suspect
P08077,Person_08077,35,Mumbai,Suspect
P08078,Person_08078,21,Surat,Associate
P08079,Person_08079,36,Delhi,Person of Interest
P08080,Person_08080,62,Jaipur,Person of Interest
P08081,Person_08081,54,Kolkata,Associate
P08082,Person_08082,50,Pune,Suspect
P08083,Person_08083,57,Ahmedabad,Associate
P08084,Person_08084,57,Surat,Witness
P08085,Person_08085,45,Pune,Suspect
P08086,Person_08086,62,Bengaluru,Person of Interest
P08087,Person_08087,41,Kolkata,Suspect
P08088,Person_08088,47,Delhi,Person of Interest
P08089,Person_08089,41,Ahmedabad,Suspect
P08090,Person_08090,53,Jaipur,Suspect
P08091,Person_08091,29,Indore,Associate
P08092,Person_08092,27,Bengaluru,Suspect
P08093,Person_08093,38,Vadodara,Associate
P08094,Person_08094,31,Vadodara,Person of Interest
P08095,Person_08095,39,Pune,Suspect
P08096,Person_08096,62,Ahmedabad,Associate
P08097,Person_08097,21,Rajkot,Associate
P08098,Person_08098,63,Vadodara,Suspect
P08099,Person_08099,56,Pune,Suspect
P08100,Person_08100,34,Bengaluru,Person of Interest
P08101,Person_08101,29,Pune,Suspect
P08102,Person_08102,56,Vadodara,Person of Interest
P08103,Person_08103,35,Rajkot,Associate
P08104,Person_08104,34,Kolkata,Associate
P08105,Person_08105,45,Pune,Suspect
P08106,Person_08106,51,Bengaluru,Person of Interest
P08107,Person_08107,40,Hyderabad,Suspect
P08108,Person_08108,44,Ahmedabad,Person of Interest
P08109,Person_08109,29,Bengaluru,Witness
P08110,Person_08110,48,Indore,Associate
P08111,Person_08111,37,Rajkot,Associate
P08112,Person_08112,32,Pune,Suspect
P08113,Person_08113,50,Delhi,Suspect
P08114,Person_08114,52,Rajkot,Associate
P08115,Person_08115,23,Vadodara,Suspect
P08116,Person_08116,57,Bengaluru,Suspect
P08117,Person_08117,60,Kolkata,Person of Interest
P08118,Person_08118,31,Pune,Person of Interest
P08119,Person_08119,50,Surat,Suspect
P08120,Person_08120,63,Surat,Suspect
P08121,Person_08121,37,Rajkot,Associate
P08122,Person_08122,50,Bengaluru,Suspect
P08123,Person_08123,39,Surat,Person of Interest
P08124,Person_08124,24,Kolkata,Person of Interest
P08125,Person_08125,23,Ahmedabad,Suspect
P08126,Person_08126,48,Bengaluru,Witness
P08127,Person_08127,46,Surat,Associate
P08128,Person_08128,63,Rajkot,Person of Interest
P08129,Person_08129,55,Rajkot,Associate
P08130,Person_08130,31,Jaipur,Suspect
P08131,Person_08131,40,Indore,Person of Interest
P08132,Person_08132,45,Hyderabad,Witness
P08133,Person_08133,50,Mumbai,Associate
P08134,Person_08134,54,Kolkata,Associate
P08135,Person_08135,50,Rajkot,Person of Interest
P08136,Person_08136,40,Surat,Suspect
P08137,Person_08137,27,Vadodara,Suspect
P08138,Person_08138,61,Rajkot,Suspect
P08139,Person_08139,37,Hyderabad,Person of Interest
P08140,Person_08140,38,Vadodara,Person of Interest
P08141,Person_08141,32,Mumbai,Person of Interest
P08142,Person_08142,62,Vadodara,Suspect
P08143,Person_08143,54,Vadodara,Associate
P08144,Person_08144,35,Surat,Person of Interest
P08145,Person_08145,44,Surat,Suspect
P08146,Person_08146,28,Vadodara,Person of Interest
P08147,Person_08147,46,Bengaluru,Suspect
P08148,Person_08148,55,Rajkot,Suspect
P08149,Person_08149,33,Indore,Suspect
P08150,Person_08150,34,Bengaluru,Associate
P08151,Person_08151,21,Rajkot,Witness
P08152,Person_08152,63,Bengaluru,Person of Interest
P08153,Person_08153,56,Kolkata,Suspect
P08154,Person_08154,43,Surat,Witness
P08155,Person_08155,31,Vadodara,Suspect
P08156,Person_08156,61,Ahmedabad,Person of Interest
P08157,Person_08157,51,Delhi,Suspect
P08158,Person_08158,23,Hyderabad,Suspect
P08159,Person_08159,32,Pune,Person of Interest
P08160,Person_08160,35,Mumbai,Suspect
P08161,Person_08161,31,Ahmedabad,Suspect
P08162,Person_08162,57,Delhi,Person of Interest
P08163,Person_08163,63,Rajkot,Suspect
P08164,Person_08164,40,Mumbai,Suspect
P08165,Person_08165,61,Bengaluru,Suspect
P08166,Person_08166,21,Rajkot,Suspect
P08167,Person_08167,32,Pune,Suspect
P08168,Person_08168,31,Pune,Suspect
P08169,Person_08169,42,Ahmedabad,Suspect
P08170,Person_08170,27,Pune,Associate
P08171,Person_08171,21,Delhi,Person of Interest
P08172,Person_08172,33,Bengaluru,Suspect
P08173,Person_08173,36,Rajkot,Suspect
P08174,Person_08174,58,Kolkata,Associate
P08175,Person_08175,25,Hyderabad,Suspect
P08176,Person_08176,45,Indore,Person of Interest
P08177,Person_08177,43,Rajkot,Suspect
P08178,Person_08178,29,Mumbai,Person of Interest
P08179,Person_08179,38,Jaipur,Associate
P08180,Person_08180,55,Bengaluru,Suspect
P08181,Person_08181,40,Hyderabad,Associate
P08182,Person_08182,38,Delhi,Suspect
P08183,Person_08183,48,Ahmedabad,Person of Interest
P08184,Person_08184,64,Jaipur,Suspect
P08185,Person_08185,45,Ahmedabad,Associate
P08186,Person_08186,52,Delhi,Associate
P08187,Person_08187,32,Surat,Suspect
P08188,Person_08188,32,Hyderabad,Person of Interest
P08189,Person_08189,34,Mumbai,Person of Interest
P08190,Person_08190,45,Vadodara,Suspect
P08191,Person_08191,43,Surat,Person of Interest
P08192,Person_08192,48,Ahmedabad,Suspect
P08193,Person_08193,60,Jaipur,Person of Interest
P08194,Person_08194,56,Ahmedabad,Associate
P08195,Person_08195,28,Jaipur,Suspect
P08196,Person_08196,64,Surat,Person of Interest
P08197,Person_08197,24,Jaipur,Suspect
P08198,Person_08198,55,Vadodara,Person of Interest
P08199,Person_08199,63,Rajkot,Suspect
P08200,Person_08200,41,Bengaluru,Suspect
P08201,Person_08201,62,Ahmedabad,Associate
P08202,Person_08202,26,Ahmedabad,Suspect
P08203,Person_08203,29,Indore,Person of Interest
P08204,Person_08204,62,Mumbai,Associate
P08205,Person_08205,27,Vadodara,Witness
P08206,Person_08206,43,Jaipur,Associate
P08207,Person_08207,28,Rajkot,Witness
P08208,Person_08208,45,Rajkot,Suspect
P08209,Person_08209,49,Rajkot,Person of Interest
P08210,Person_08210,45,Bengaluru,Suspect
P08211,Person_08211,54,Surat,Person of Interest
P08212,Person_08212,46,Kolkata,Suspect
P08213,Person_08213,21,Indore,Person of Interest
P08214,Person_08214,35,Hyderabad,Suspect
P08215,Person_08215,21,Kolkata,Person of Interest
P08216,Person_08216,45,Kolkata,Suspect
P08217,Person_08217,52,Ahmedabad,Suspect
P08218,Person_08218,37,Indore,Suspect
P08219,Person_08219,28,Mumbai,Associate
P08220,Person_08220,32,Hyderabad,Suspect
P08221,Person_08221,60,Hyderabad,Suspect
P08222,Person_08222,58,Vadodara,Suspect
P08223,Person_08223,29,Delhi,Suspect
P08224,Person_08224,60,Delhi,Associate
P08225,Person_08225,45,Kolkata,Suspect
P08226,Person_08226,42,Rajkot,Associate
P08227,Person_08227,46,Indore,Suspect
P08228,Person_08228,53,Rajkot,Associate
P08229,Person_08229,28,Surat,Person of Interest
P08230,Person_08230,49,Delhi,Suspect
P08231,Person_08231,33,Kolkata,Person of Interest
P08232,Person_08232,63,Ahmedabad,Associate
P08233,Person_08233,61,Delhi,Suspect
P08234,Person_08234,37,Vadodara,Witness
P08235,Person_08235,54,Rajkot,Associate
P08236,Person_08236,44,Delhi,Suspect
P08237,Person_08237,23,Ahmedabad,Associate
P08238,Person_08238,40,Rajkot,Person of Interest
P08239,Person_08239,22,Pune,Suspect
P08240,Person_08240,53,Rajkot,Suspect
P08241,Person_08241,40,Mumbai,Witness
P08242,Person_08242,21,Kolkata,Suspect
P08243,Person_08243,40,Pune,Associate
P08244,Person_08244,60,Jaipur,Suspect
P08245,Person_08245,61,Rajkot,Associate
P08246,Person_08246,25,Delhi,Suspect
P08247,Person_08247,57,Rajkot,Suspect
P08248,Person_08248,41,Jaipur,Associate
P08249,Person_08249,61,Hyderabad,Suspect
P08250,Person_08250,32,Delhi,Suspect
P08251,Person_08251,22,Jaipur,Person of Interest
P08252,Person_08252,60,Vadodara,Associate
P08253,Person_08253,45,Ahmedabad,Suspect
P08254,Person_08254,26,Surat,Person of Interest
P08255,Person_08255,55,Kolkata,Suspect
P08256,Person_08256,29,Vadodara,Associate
P08257,Person_08257,47,Bengaluru,Witness
P08258,Person_08258,25,Vadodara,Suspect
P08259,Person_08259,23,Delhi,Suspect
P08260,Person_08260,62,Surat,Suspect
P08261,Person_08261,51,Pune,Suspect
P08262,Person_08262,23,Kolkata,Suspect
P08263,Person_08263,33,Indore,Suspect
P08264,Person_08264,41,Indore,Suspect
P08265,Person_08265,33,Jaipur,Associate
P08266,Person_08266,49,Jaipur,Person of Interest
P08267,Person_08267,63,Hyderabad,Person of Interest
P08268,Person_08268,39,Hyderabad,Associate
P08269,Person_08269,34,Hyderabad,Suspect
P08270,Person_08270,28,Vadodara,Suspect
P08271,Person_08271,57,Rajkot,Associate
P08272,Person_08272,48,Indore,Associate
P08273,Person_08273,43,Mumbai,Associate
P08274,Person_08274,27,Hyderabad,Person of Interest
P08275,Person_08275,56,Bengaluru,Suspect
P08276,Person_08276,27,Indore,Person of Interest
P08277,Person_08277,55,Surat,Suspect
P08278,Person_08278,54,Mumbai,Witness
P08279,Person_08279,47,Surat,Associate
P08280,Person_08280,55,Pune,Associate
P08281,Person_08281,30,Bengaluru,Associate
P08282,Person_08282,58,Delhi,Suspect
P08283,Person_08283,21,Rajkot,Associate
P08284,Person_08284,61,Pune,Suspect
P08285,Person_08285,61,Vadodara,Suspect
P08286,Person_08286,41,Ahmedabad,Person of Interest
P08287,Person_08287,57,Rajkot,Suspect
P08288,Person_08288,38,Mumbai,Person of Interest
P08289,Person_08289,37,Kolkata,Person of Interest
P08290,Person_08290,64,Kolkata,Associate
P08291,Person_08291,60,Pune,Suspect
P08292,Person_08292,25,Indore,Associate
P08293,Person_08293,63,Kolkata,Associate
P08294,Person_08294,48,Surat,Suspect
P08295,Person_08295,50,Surat,Person of Interest
P08296,Person_08296,54,Vadodara,Suspect
P08297,Person_08297,33,Bengaluru,Suspect
P08298,Person_08298,33,Rajkot,Suspect
P08299,Person_08299,29,Surat,Person of Interest
P08300,Person_08300,63,Kolkata,Suspect
P08301,Person_08301,50,Mumbai,Person of Interest
P08302,Person_08302,41,Bengaluru,Associate
P08303,Person_08303,45,Mumbai,Person of Interest
P08304,Person_08304,43,Bengaluru,Associate
P08305,Person_08305,37,Kolkata,Associate
P08306,Person_08306,62,Indore,Associate
P08307,Person_08307,56,Ahmedabad,Suspect
P08308,Person_08308,56,Kolkata,Suspect
P08309,Person_08309,31,Kolkata,Suspect
P08310,Person_08310,29,Surat,Suspect
P08311,Person_08311,21,Jaipur,Associate
P08312,Person_08312,24,Ahmedabad,Suspect
P08313,Person_08313,39,Hyderabad,Associate
P08314,Person_08314,56,Pune,Suspect
P08315,Person_08315,52,Rajkot,Witness
P08316,Person_08316,32,Delhi,Suspect
P08317,Person_08317,51,Delhi,Associate
P08318,Person_08318,46,Kolkata,Associate
P08319,Person_08319,49,Kolkata,Suspect
P08320,Person_08320,21,Rajkot,Associate
P08321,Person_08321,23,Pune,Suspect
P08322,Person_08322,30,Hyderabad,Person of Interest
P08323,Person_08323,37,Hyderabad,Suspect
P08324,Person_08324,23,Kolkata,Suspect
P08325,Person_08325,62,Hyderabad,Associate
P08326,Person_08326,32,Bengaluru,Associate
P08327,Person_08327,50,Pune,Suspect
P08328,Person_08328,37,Jaipur,Person of Interest
P08329,Person_08329,63,Surat,Associate
P08330,Person_08330,33,Jaipur,Suspect
P08331,Person_08331,52,Rajkot,Associate
P08332,Person_08332,46,Hyderabad,Suspect
P08333,Person_08333,47,Pune,Suspect
P08334,Person_08334,33,Kolkata,Associate
P08335,Person_08335,48,Rajkot,Suspect
P08336,Person_08336,34,Indore,Associate
P08337,Person_08337,52,Hyderabad,Person of Interest
P08338,Person_08338,32,Mumbai,Suspect
P08339,Person_08339,57,Vadodara,Suspect
P08340,Person_08340,25,Ahmedabad,Suspect
P08341,Person_08341,38,Indore,Associate
P08342,Person_08342,52,Ahmedabad,Associate
P08343,Person_08343,49,Bengaluru,Person of Interest
P08344,Person_08344,59,Hyderabad,Suspect
P08345,Person_08345,35,Bengaluru,Associate
P08346,Person_08346,36,Bengaluru,Person of Interest
P08347,Person_08347,47,Indore,Suspect
P08348,Person_08348,45,Jaipur,Associate
P08349,Person_08349,50,Pune,Suspect
P08350,Person_08350,58,Kolkata,Suspect
P08351,Person_08351,21,Vadodara,Associate
P08352,Person_08352,30,Rajkot,Associate
P08353,Person_08353,63,Surat,Suspect
P08354,Person_08354,42,Ahmedabad,Suspect
P08355,Person_08355,26,Vadodara,Suspect
P08356,Person_08356,29,Bengaluru,Associate
P08357,Person_08357,62,Ahmedabad,Suspect
P08358,Person_08358,53,Ahmedabad,Suspect
P08359,Person_08359,33,Hyderabad,Suspect
P08360,Person_08360,41,Indore,Associate
P08361,Person_08361,43,Rajkot,Suspect
P08362,Person_08362,33,Mumbai,Person of Interest
P08363,Person_08363,64,Vadodara,Person of Interest
P08364,Person_08364,46,Jaipur,Person of Interest
P08365,Person_08365,57,Mumbai,Suspect
P08366,Person_08366,54,Mumbai,Person of Interest
P08367,Person_08367,37,Bengaluru,Person of Interest
P08368,Person_08368,57,Vadodara,Person of Interest
P08369,Person_08369,29,Pune,Suspect
P08370,Person_08370,35,Pune,Associate
P08371,Person_08371,21,Mumbai,Associate
P08372,Person_08372,35,Ahmedabad,Suspect
P08373,Person_08373,43,Indore,Suspect
P08374,Person_08374,50,Delhi,Associate
P08375,Person_08375,34,Pune,Associate
P08376,Person_08376,21,Ahmedabad,Suspect
P08377,Person_08377,47,Delhi,Suspect
P08378,Person_08378,39,Jaipur,Suspect
P08379,Person_08379,21,Kolkata,Suspect
P08380,Person_08380,57,Delhi,Associate
P08381,Person_08381,29,Indore,Suspect
P08382,Person_08382,62,Indore,Witness
P08383,Person_08383,25,Hyderabad,Associate
P08384,Person_08384,24,Pune,Associate
P08385,Person_08385,30,Mumbai,Suspect
P08386,Person_08386,29,Vadodara,Suspect
P08387,Person_08387,49,Mumbai,Associate
P08388,Person_08388,46,Surat,Person of Interest
P08389,Person_08389,63,Surat,Suspect
P08390,Person_08390,22,Vadodara,Witness
P08391,Person_08391,27,Ahmedabad,Suspect
P08392,Person_08392,57,Rajkot,Associate
P08393,Person_08393,43,Kolkata,Person of Interest
P08394,Person_08394,64,Jaipur,Associate
P08395,Person_08395,55,Kolkata,Person of Interest
P08396,Person_08396,23,Jaipur,Suspect
P08397,Person_08397,61,Indore,Suspect
P08398,Person_08398,35,Bengaluru,Suspect
P08399,Person_08399,53,Jaipur,Person of Interest
P08400,Person_08400,33,Delhi,Suspect
P08401,Person_08401,21,Mumbai,Suspect
P08402,Person_08402,48,Ahmedabad,Suspect
P08403,Person_08403,53,Delhi,Associate
P08404,Person_08404,40,Mumbai,Associate
P08405,Person_08405,22,Hyderabad,Suspect
P08406,Person_08406,48,Vadodara,Person of Interest
P08407,Person_08407,22,Rajkot,Suspect
P08408,Person_08408,35,Rajkot,Person of Interest
P08409,Person_08409,23,Jaipur,Person of Interest
P08410,Person_08410,40,Jaipur,Suspect
P08411,Person_08411,53,Vadodara,Associate
P08412,Person_08412,46,Mumbai,Associate
P08413,Person_08413,34,Mumbai,Associate
P08414,Person_08414,38,Delhi,Person of Interest
P08415,Person_08415,32,Vadodara,Witness
P08416,Person_08416,31,Mumbai,Suspect
P08417,Person_08417,43,Hyderabad,Suspect
P08418,Person_08418,40,Jaipur,Associate
P08419,Person_08419,39,Surat,Suspect
P08420,Person_08420,49,Delhi,Suspect
P08421,Person_08421,24,Ahmedabad,Suspect
P08422,Person_08422,30,Ahmedabad,Suspect
P08423,Person_08423,25,Surat,Associate
P08424,Person_08424,47,Surat,Person of Interest
P08425,Person_08425,41,Kolkata,Associate
P08426,Person_08426,35,Pune,Suspect
P08427,Person_08427,40,Indore,Suspect
P08428,Person_08428,39,Ahmedabad,Suspect
P08429,Person_08429,49,Surat,Suspect
P08430,Person_08430,58,Kolkata,Associate
P08431,Person_08431,58,Surat,Person of Interest
P08432,Person_08432,32,Delhi,Suspect
P08433,Person_08433,27,Indore,Suspect
P08434,Person_08434,23,Kolkata,Suspect
P08435,Person_08435,37,Kolkata,Associate
P08436,Person_08436,30,Indore,Person of Interest
P08437,Person_08437,24,Ahmedabad,Person of Interest
P08438,Person_08438,58,Delhi,Suspect
P08439,Person_08439,30,Surat,Suspect
P08440,Person_08440,42,Vadodara,Suspect
P08441,Person_08441,57,Mumbai,Suspect
P08442,Person_08442,43,Mumbai,Suspect
P08443,Person_08443,54,Delhi,Associate
P08444,Person_08444,59,Indore,Associate
P08445,Person_08445,57,Pune,Suspect
P08446,Person_08446,26,Mumbai,Suspect
P08447,Person_08447,33,Hyderabad,Suspect
P08448,Person_08448,62,Ahmedabad,Associate
P08449,Person_08449,36,Delhi,Associate
P08450,Person_08450,39,Kolkata,Person of Interest
P08451,Person_08451,51,Bengaluru,Associate
P08452,Person_08452,34,Delhi,Person of Interest
P08453,Person_08453,38,Mumbai,Associate
P08454,Person_08454,23,Delhi,Suspect
P08455,Person_08455,27,Delhi,Suspect
P08456,Person_08456,32,Kolkata,Person of Interest
P08457,Person_08457,25,Delhi,Person of Interest
P08458,Person_08458,50,Vadodara,Suspect
P08459,Person_08459,42,Kolkata,Person of Interest
P08460,Person_08460,60,Indore,Suspect
P08461,Person_08461,58,Jaipur,Suspect
P08462,Person_08462,36,Kolkata,Suspect
P08463,Person_08463,27,Jaipur,Person of Interest
P08464,Person_08464,24,Bengaluru,Suspect
P08465,Person_08465,41,Vadodara,Suspect
P08466,Person_08466,35,Rajkot,Associate
P08467,Person_08467,59,Rajkot,Associate
P08468,Person_08468,43,Delhi,Suspect
P08469,Person_08469,42,Ahmedabad,Associate
P08470,Person_08470,44,Bengaluru,Suspect
P08471,Person_08471,51,Kolkata,Suspect
P08472,Person_08472,24,Jaipur,Associate
P08473,Person_08473,57,Rajkot,Suspect
P08474,Person_08474,62,Rajkot,Suspect
P08475,Person_08475,56,Jaipur,Suspect
P08476,Person_08476,42,Rajkot,Associate
P08477,Person_08477,43,Rajkot,Associate
P08478,Person_08478,34,Kolkata,Suspect
P08479,Person_08479,23,Ahmedabad,Associate
P08480,Person_08480,36,Pune,Suspect
P08481,Person_08481,53,Vadodara,Suspect
P08482,Person_08482,35,Kolkata,Witness
P08483,Person_08483,63,Hyderabad,Witness
P08484,Person_08484,28,Surat,Person of Interest
P08485,Person_08485,42,Jaipur,Suspect
P08486,Person_08486,40,Kolkata,Associate
P08487,Person_08487,42,Bengaluru,Suspect
P08488,Person_08488,61,Surat,Suspect
P08489,Person_08489,38,Jaipur,Suspect
P08490,Person_08490,33,Kolkata,Suspect
P08491,Person_08491,39,Hyderabad,Person of Interest
P08492,Person_08492,59,Bengaluru,Person of Interest
P08493,Person_08493,46,Vadodara,Suspect
P08494,Person_08494,53,Indore,Person of Interest
P08495,Person_08495,56,Surat,Suspect
P08496,Person_08496,62,Kolkata,Suspect
P08497,Person_08497,57,Kolkata,Person of Interest
P08498,Person_08498,38,Mumbai,Associate
P08499,Person_08499,56,Hyderabad,Suspect
P08500,Person_08500,43,Rajkot,Suspect
P08501,Person_08501,61,Rajkot,Associate
P08502,Person_08502,26,Mumbai,Person of Interest
P08503,Person_08503,37,Jaipur,Suspect
P08504,Person_08504,40,Jaipur,Suspect
P08505,Person_08505,47,Delhi,Suspect
P08506,Person_08506,33,Jaipur,Associate
P08507,Person_08507,45,Bengaluru,Associate
P08508,Person_08508,29,Vadodara,Associate
P08509,Person_08509,27,Kolkata,Person of Interest
P08510,Person_08510,57,Surat,Suspect
P08511,Person_08511,49,Bengaluru,Witness
P08512,Person_08512,31,Hyderabad,Person of Interest
P08513,Person_08513,37,Delhi,Person of Interest
P08514,Person_08514,55,Hyderabad,Suspect
P08515,Person_08515,27,Kolkata,Suspect
P08516,Person_08516,47,Surat,Person of Interest
P08517,Person_08517,52,Jaipur,Associate
P08518,Person_08518,24,Jaipur,Associate
P08519,Person_08519,43,Hyderabad,Person of Interest
P08520,Person_08520,59,Kolkata,Associate
P08521,Person_08521,63,Delhi,Associate
P08522,Person_08522,35,Rajkot,Person of Interest
P08523,Person_08523,40,Delhi,Suspect
P08524,Person_08524,55,Rajkot,Associate
P08525,Person_08525,21,Jaipur,Associate
P08526,Person_08526,32,Surat,Person of Interest
P08527,Person_08527,50,Indore,Associate
P08528,Person_08528,60,Ahmedabad,Person of Interest
P08529,Person_08529,47,Vadodara,Associate
P08530,Person_08530,27,Indore,Suspect
P08531,Person_08531,63,Indore,Associate
P08532,Person_08532,26,Surat,Associate
P08533,Person_08533,38,Surat,Suspect
P08534,Person_08534,63,Surat,Person of Interest
P08535,Person_08535,29,Mumbai,Suspect
P08536,Person_08536,61,Jaipur,Associate
P08537,Person_08537,39,Surat,Suspect
P08538,Person_08538,24,Hyderabad,Suspect
P08539,Person_08539,51,Hyderabad,Suspect
P08540,Person_08540,56,Mumbai,Person of Interest
P08541,Person_08541,44,Vadodara,Person of Interest
P08542,Person_08542,45,Indore,Associate
P08543,Person_08543,24,Kolkata,Suspect
P08544,Person_08544,22,Ahmedabad,Witness
P08545,Person_08545,47,Bengaluru,Suspect
P08546,Person_08546,29,Hyderabad,Suspect
P08547,Person_08547,28,Delhi,Person of Interest
P08548,Person_08548,49,Pune,Person of Interest
P08549,Person_08549,61,Vadodara,Person of Interest
P08550,Person_08550,54,Ahmedabad,Suspect
P08551,Person_08551,33,Pune,Associate
P08552,Person_08552,56,Delhi,Suspect
P08553,Person_08553,25,Vadodara,Suspect
P08554,Person_08554,26,Pune,Person of Interest
P08555,Person_08555,44,Hyderabad,Suspect
P08556,Person_08556,24,Kolkata,Person of Interest
P08557,Person_08557,37,Bengaluru,Person of Interest
P08558,Person_08558,43,Kolkata,Associate
P08559,Person_08559,62,Hyderabad,Suspect
P08560,Person_08560,48,Delhi,Person of Interest
P08561,Person_08561,38,Kolkata,Suspect
P08562,Person_08562,42,Rajkot,Suspect
P08563,Person_08563,55,Kolkata,Witness
P08564,Person_08564,25,Vadodara,Suspect
P08565,Person_08565,61,Ahmedabad,Suspect
P08566,Person_08566,29,Ahmedabad,Person of Interest
P08567,Person_08567,27,Rajkot,Associate
P08568,Person_08568,61,Vadodara,Suspect
P08569,Person_08569,47,Surat,Person of Interest
P08570,Person_08570,62,Bengaluru,Suspect
P08571,Person_08571,63,Rajkot,Associate
P08572,Person_08572,58,Bengaluru,Associate
P08573,Person_08573,51,Vadodara,Suspect
P08574,Person_08574,62,Surat,Witness
P08575,Person_08575,26,Rajkot,Witness
P08576,Person_08576,35,Vadodara,Suspect
P08577,Person_08577,55,Kolkata,Associate
P08578,Person_08578,38,Vadodara,Witness
P08579,Person_08579,41,Jaipur,Associate
P08580,Person_08580,51,Vadodara,Witness
P08581,Person_08581,43,Delhi,Associate
P08582,Person_08582,50,Mumbai,Associate
P08583,Person_08583,33,Surat,Suspect
P08584,Person_08584,55,Indore,Suspect
P08585,Person_08585,33,Kolkata,Suspect
P08586,Person_08586,45,Jaipur,Suspect
P08587,Person_08587,54,Mumbai,Suspect
P08588,Person_08588,27,Rajkot,Suspect
P08589,Person_08589,52,Pune,Suspect
P08590,Person_08590,31,Indore,Suspect
P08591,Person_08591,49,Delhi,Associate
P08592,Person_08592,53,Vadodara,Witness
P08593,Person_08593,39,Bengaluru,Witness
P08594,Person_08594,57,Ahmedabad,Person of Interest
P08595,Person_08595,54,Bengaluru,Person of Interest
P08596,Person_08596,46,Hyderabad,Suspect
P08597,Person_08597,59,Bengaluru,Person of Interest
P08598,Person_08598,46,Hyderabad,Associate
P08599,Person_08599,29,Vadodara,Suspect
P08600,Person_08600,33,Hyderabad,Associate
P08601,Person_08601,27,Indore,Suspect
P08602,Person_08602,28,Kolkata,Witness
P08603,Person_08603,41,Indore,Person of Interest
P08604,Person_08604,64,Surat,Associate
P08605,Person_08605,30,Kolkata,Person of Interest
P08606,Person_08606,52,Mumbai,Witness
P08607,Person_08607,45,Kolkata,Suspect
P08608,Person_08608,64,Ahmedabad,Suspect
P08609,Person_08609,35,Ahmedabad,Associate
P08610,Person_08610,21,Rajkot,Suspect
P08611,Person_08611,51,Pune,Suspect
P08612,Person_08612,35,Rajkot,Suspect
P08613,Person_08613,31,Pune,Suspect
P08614,Person_08614,26,Kolkata,Suspect
P08615,Person_08615,64,Rajkot,Suspect
P08616,Person_08616,44,Surat,Associate
P08617,Person_08617,57,Pune,Person of Interest
P08618,Person_08618,44,Kolkata,Suspect
P08619,Person_08619,28,Delhi,Associate
P08620,Person_08620,52,Surat,Suspect
P08621,Person_08621,22,Indore,Suspect
P08622,Person_08622,60,Rajkot,Person of Interest
P08623,Person_08623,31,Ahmedabad,Suspect
P08624,Person_08624,63,Bengaluru,Person of Interest
P08625,Person_08625,56,Vadodara,Suspect
P08626,Person_08626,59,Vadodara,Associate
P08627,Person_08627,43,Delhi,Suspect
P08628,Person_08628,62,Rajkot,Suspect
P08629,Person_08629,43,Rajkot,Person of Interest
P08630,Person_08630,26,Delhi,Suspect
P08631,Person_08631,62,Indore,Suspect
P08632,Person_08632,37,Rajkot,Person of Interest
P08633,Person_08633,39,Indore,Suspect
P08634,Person_08634,55,Delhi,Person of Interest
P08635,Person_08635,34,Vadodara,Person of Interest
P08636,Person_08636,50,Rajkot,Witness
P08637,Person_08637,44,Indore,Person of Interest
P08638,Person_08638,35,Vadodara,Suspect
P08639,Person_08639,48,Hyderabad,Suspect
P08640,Person_08640,64,Kolkata,Suspect
P08641,Person_08641,45,Pune,Person of Interest
P08642,Person_08642,22,Delhi,Associate
P08643,Person_08643,32,Surat,Person of Interest
P08644,Person_08644,24,Mumbai,Person of Interest
P08645,Person_08645,33,Bengaluru,Associate
P08646,Person_08646,61,Rajkot,Person of Interest
P08647,Person_08647,32,Surat,Person of Interest
P08648,Person_08648,64,Mumbai,Associate
P08649,Person_08649,58,Delhi,Person of Interest
P08650,Person_08650,37,Surat,Person of Interest
P08651,Person_08651,27,Hyderabad,Suspect
P08652,Person_08652,27,Ahmedabad,Person of Interest
P08653,Person_08653,23,Mumbai,Person of Interest
P08654,Person_08654,34,Delhi,Associate
P08655,Person_08655,47,Hyderabad,Person of Interest
P08656,Person_08656,44,Mumbai,Associate
P08657,Person_08657,38,Mumbai,Associate
P08658,Person_08658,48,Ahmedabad,Witness
P08659,Person_08659,33,Kolkata,Suspect
P08660,Person_08660,57,Delhi,Suspect
P08661,Person_08661,62,Kolkata,Suspect
P08662,Person_08662,33,Mumbai,Person of Interest
P08663,Person_08663,57,Jaipur,Person of Interest
P08664,Person_08664,25,Surat,Suspect
P08665,Person_08665,43,Vadodara,Witness
P08666,Person_08666,50,Mumbai,Suspect
P08667,Person_08667,53,Bengaluru,Person of Interest
P08668,Person_08668,32,Kolkata,Suspect
P08669,Person_08669,61,Delhi,Suspect
P08670,Person_08670,21,Indore,Suspect
P08671,Person_08671,59,Mumbai,Associate
P08672,Person_08672,33,Ahmedabad,Associate
P08673,Person_08673,21,Delhi,Person of Interest
P08674,Person_08674,28,Kolkata,Associate
P08675,Person_08675,52,Vadodara,Suspect
P08676,Person_08676,34,Vadodara,Associate
P08677,Person_08677,42,Vadodara,Suspect
P08678,Person_08678,35,Vadodara,Suspect
P08679,Person_08679,21,Mumbai,Suspect
P08680,Person_08680,44,Vadodara,Suspect
P08681,Person_08681,58,Jaipur,Person of Interest
P08682,Person_08682,37,Vadodara,Person of Interest
P08683,Person_08683,27,Ahmedabad,Suspect
P08684,Person_08684,51,Pune,Person of Interest
P08685,Person_08685,31,Pune,Suspect
P08686,Person_08686,60,Indore,Suspect
P08687,Person_08687,21,Vadodara,Associate
P08688,Person_08688,35,Surat,Associate
P08689,Person_08689,38,Kolkata,Suspect
P08690,Person_08690,44,Rajkot,Suspect
P08691,Person_08691,47,Ahmedabad,Suspect
P08692,Person_08692,64,Kolkata,Suspect
P08693,Person_08693,55,Ahmedabad,Suspect
P08694,Person_08694,52,Surat,Associate
P08695,Person_08695,51,Vadodara,Person of Interest
P08696,Person_08696,32,Rajkot,Suspect
P08697,Person_08697,48,Mumbai,Suspect
P08698,Person_08698,56,Vadodara,Associate
P08699,Person_08699,25,Vadodara,Associate
P08700,Person_08700,57,Kolkata,Suspect
P08701,Person_08701,36,Vadodara,Witness
P08702,Person_08702,56,Kolkata,Suspect
P08703,Person_08703,27,Ahmedabad,Suspect
P08704,Person_08704,41,Pune,Associate
P08705,Person_08705,59,Kolkata,Suspect
P08706,Person_08706,51,Rajkot,Person of Interest
P08707,Person_08707,44,Surat,Associate
P08708,Person_08708,41,Hyderabad,Suspect
P08709,Person_08709,25,Pune,Person of Interest
P08710,Person_08710,42,Surat,Associate
P08711,Person_08711,24,Bengaluru,Associate
P08712,Person_08712,31,Hyderabad,Associate
P08713,Person_08713,45,Ahmedabad,Person of Interest
P08714,Person_08714,33,Jaipur,Suspect
P08715,Person_08715,46,Pune,Suspect
P08716,Person_08716,41,Ahmedabad,Person of Interest
P08717,Person_08717,39,Ahmedabad,Suspect
P08718,Person_08718,23,Indore,Associate
P08719,Person_08719,38,Kolkata,Suspect
P08720,Person_08720,27,Indore,Suspect
P08721,Person_08721,34,Ahmedabad,Person of Interest
P08722,Person_08722,22,Bengaluru,Associate
P08723,Person_08723,30,Pune,Suspect
P08724,Person_08724,52,Kolkata,Person of Interest
P08725,Person_08725,44,Bengaluru,Associate
P08726,Person_08726,28,Pune,Person of Interest
P08727,Person_08727,30,Pune,Suspect
P08728,Person_08728,48,Kolkata,Suspect
P08729,Person_08729,55,Hyderabad,Associate
P08730,Person_08730,41,Hyderabad,Associate
P08731,Person_08731,32,Rajkot,Person of Interest
P08732,Person_08732,42,Bengaluru,Suspect
P08733,Person_08733,46,Ahmedabad,Suspect
P08734,Person_08734,49,Ahmedabad,Associate
P08735,Person_08735,61,Pune,Person of Interest
P08736,Person_08736,51,Pune,Associate
P08737,Person_08737,64,Surat,Associate
P08738,Person_08738,34,Rajkot,Suspect
P08739,Person_08739,36,Delhi,Suspect
P08740,Person_08740,26,Mumbai,Associate
P08741,Person_08741,43,Kolkata,Associate
P08742,Person_08742,49,Indore,Associate
P08743,Person_08743,52,Ahmedabad,Associate
P08744,Person_08744,27,Rajkot,Witness
P08745,Person_08745,52,Bengaluru,Suspect
P08746,Person_08746,44,Jaipur,Witness
P08747,Person_08747,61,Surat,Witness
P08748,Person_08748,48,Bengaluru,Suspect
P08749,Person_08749,51,Ahmedabad,Associate
P08750,Person_08750,53,Indore,Suspect
P08751,Person_08751,57,Mumbai,Suspect
P08752,Person_08752,37,Pune,Associate
P08753,Person_08753,57,Bengaluru,Person of Interest
P08754,Person_08754,39,Delhi,Suspect
P08755,Person_08755,27,Jaipur,Suspect
P08756,Person_08756,39,Bengaluru,Suspect
P08757,Person_08757,63,Rajkot,Suspect
P08758,Person_08758,45,Kolkata,Associate
P08759,Person_08759,51,Vadodara,Suspect
P08760,Person_08760,61,Pune,Suspect
P08761,Person_08761,39,Bengaluru,Associate
P08762,Person_08762,23,Ahmedabad,Suspect
P08763,Person_08763,62,Ahmedabad,Associate
P08764,Person_08764,27,Pune,Person of Interest
P08765,Person_08765,35,Ahmedabad,Suspect
P08766,Person_08766,28,Jaipur,Suspect
P08767,Person_08767,40,Ahmedabad,Person of Interest
P08768,Person_08768,39,Ahmedabad,Suspect
P08769,Person_08769,31,Delhi,Person of Interest
P08770,Person_08770,42,Kolkata,Person of Interest
P08771,Person_08771,36,Delhi,Associate
P08772,Person_08772,46,Hyderabad,Associate
P08773,Person_08773,52,Pune,Witness
P08774,Person_08774,23,Mumbai,Associate
P08775,Person_08775,47,Indore,Associate
P08776,Person_08776,30,Rajkot,Suspect
P08777,Person_08777,62,Rajkot,Suspect
P08778,Person_08778,60,Bengaluru,Person of Interest
P08779,Person_08779,26,Surat,Suspect
P08780,Person_08780,53,Mumbai,Suspect
P08781,Person_08781,32,Vadodara,Associate
P08782,Person_08782,34,Pune,Person of Interest
P08783,Person_08783,37,Delhi,Suspect
P08784,Person_08784,26,Kolkata,Suspect
P08785,Person_08785,62,Vadodara,Witness
P08786,Person_08786,37,Hyderabad,Suspect
P08787,Person_08787,43,Indore,Associate
P08788,Person_08788,45,Bengaluru,Associate
P08789,Person_08789,39,Hyderabad,Associate
P08790,Person_08790,40,Surat,Suspect
P08791,Person_08791,42,Bengaluru,Associate
P08792,Person_08792,54,Ahmedabad,Suspect
P08793,Person_08793,50,Mumbai,Person of Interest
P08794,Person_08794,25,Pune,Witness
P08795,Person_08795,38,Surat,Person of Interest
P08796,Person_08796,55,Bengaluru,Associate
P08797,Person_08797,64,Hyderabad,Associate
P08798,Person_08798,52,Pune,Suspect
P08799,Person_08799,60,Ahmedabad,Suspect
P08800,Person_08800,47,Mumbai,Person of Interest
P08801,Person_08801,44,Surat,Suspect
P08802,Person_08802,47,Pune,Suspect
P08803,Person_08803,54,Rajkot,Suspect
P08804,Person_08804,46,Surat,Associate
P08805,Person_08805,62,Rajkot,Associate
P08806,Person_08806,63,Surat,Suspect
P08807,Person_08807,30,Delhi,Person of Interest
P08808,Person_08808,59,Jaipur,Suspect
P08809,Person_08809,63,Jaipur,Person of Interest
P08810,Person_08810,55,Indore,Associate
P08811,Person_08811,57,Surat,Suspect
P08812,Person_08812,52,Hyderabad,Associate
P08813,Person_08813,41,Mumbai,Suspect
P08814,Person_08814,30,Jaipur,Suspect
P08815,Person_08815,52,Delhi,Suspect
P08816,Person_08816,25,Mumbai,Associate
P08817,Person_08817,21,Bengaluru,Suspect
P08818,Person_08818,30,Pune,Suspect
P08819,Person_08819,24,Mumbai,Person of Interest
P08820,Person_08820,64,Surat,Witness
P08821,Person_08821,23,Jaipur,Associate
P08822,Person_08822,26,Delhi,Associate
P08823,Person_08823,27,Hyderabad,Person of Interest
P08824,Person_08824,28,Kolkata,Suspect
P08825,Person_08825,58,Surat,Associate
P08826,Person_08826,37,Rajkot,Person of Interest
P08827,Person_08827,28,Delhi,Person of Interest
P08828,Person_08828,40,Kolkata,Associate
P08829,Person_08829,58,Jaipur,Witness
P08830,Person_08830,46,Kolkata,Suspect
P08831,Person_08831,26,Delhi,Suspect
P08832,Person_08832,46,Ahmedabad,Associate
P08833,Person_08833,64,Jaipur,Associate
P08834,Person_08834,31,Indore,Associate
P08835,Person_08835,39,Ahmedabad,Associate
P08836,Person_08836,58,Bengaluru,Suspect
P08837,Person_08837,46,Jaipur,Associate
P08838,Person_08838,55,Mumbai,Person of Interest
P08839,Person_08839,47,Indore,Suspect
P08840,Person_08840,62,Rajkot,Suspect
P08841,Person_08841,59,Hyderabad,Suspect
P08842,Person_08842,57,Ahmedabad,Suspect
P08843,Person_08843,47,Pune,Suspect
P08844,Person_08844,46,Delhi,Suspect
P08845,Person_08845,32,Hyderabad,Suspect
P08846,Person_08846,37,Delhi,Associate
P08847,Person_08847,39,Pune,Associate
P08848,Person_08848,42,Surat,Person of Interest
P08849,Person_08849,44,Pune,Suspect
P08850,Person_08850,34,Bengaluru,Suspect
P08851,Person_08851,61,Surat,Associate
P08852,Person_08852,22,Hyderabad,Person of Interest
P08853,Person_08853,64,Surat,Suspect
P08854,Person_08854,64,Mumbai,Suspect
P08855,Person_08855,54,Jaipur,Person of Interest
P08856,Person_08856,22,Hyderabad,Witness
P08857,Person_08857,53,Indore,Suspect
P08858,Person_08858,21,Rajkot,Associate
P08859,Person_08859,32,Pune,Suspect
P08860,Person_08860,59,Surat,Suspect
P08861,Person_08861,64,Hyderabad,Person of Interest
P08862,Person_08862,25,Bengaluru,Suspect
P08863,Person_08863,25,Rajkot,Suspect
P08864,Person_08864,37,Delhi,Person of Interest
P08865,Person_08865,29,Kolkata,Suspect
P08866,Person_08866,42,Bengaluru,Suspect
P08867,Person_08867,31,Mumbai,Associate
P08868,Person_08868,27,Surat,Suspect
P08869,Person_08869,61,Rajkot,Witness
P08870,Person_08870,44,Jaipur,Person of Interest
P08871,Person_08871,42,Mumbai,Person of Interest
P08872,Person_08872,28,Kolkata,Suspect
P08873,Person_08873,64,Surat,Person of Interest
P08874,Person_08874,47,Ahmedabad,Witness
P08875,Person_08875,59,Surat,Person of Interest
P08876,Person_08876,54,Vadodara,Person of Interest
P08877,Person_08877,53,Pune,Suspect
P08878,Person_08878,21,Bengaluru,Suspect
P08879,Person_08879,33,Surat,Suspect
P08880,Person_08880,34,Surat,Suspect
P08881,Person_08881,28,Indore,Suspect
P08882,Person_08882,23,Hyderabad,Suspect
P08883,Person_08883,54,Rajkot,Suspect
P08884,Person_08884,38,Indore,Associate
P08885,Person_08885,57,Delhi,Associate
P08886,Person_08886,44,Kolkata,Suspect
P08887,Person_08887,37,Jaipur,Suspect
P08888,Person_08888,47,Indore,Person of Interest
P08889,Person_08889,57,Pune,Associate
P08890,Person_08890,63,Mumbai,Suspect
P08891,Person_08891,47,Surat,Suspect
P08892,Person_08892,36,Pune,Suspect
P08893,Person_08893,34,Mumbai,Suspect
P08894,Person_08894,57,Pune,Suspect
P08895,Person_08895,55,Bengaluru,Suspect
P08896,Person_08896,56,Jaipur,Suspect
P08897,Person_08897,47,Delhi,Suspect
P08898,Person_08898,50,Mumbai,Person of Interest
P08899,Person_08899,21,Rajkot,Suspect
P08900,Person_08900,63,Bengaluru,Person of Interest
P08901,Person_08901,51,Hyderabad,Suspect
P08902,Person_08902,23,Surat,Suspect
P08903,Person_08903,42,Vadodara,Suspect
P08904,Person_08904,23,Bengaluru,Suspect
P08905,Person_08905,39,Vadodara,Person of Interest
P08906,Person_08906,56,Pune,Person of Interest
P08907,Person_08907,43,Bengaluru,Associate
P08908,Person_08908,37,Hyderabad,Suspect
P08909,Person_08909,58,Kolkata,Suspect
P08910,Person_08910,41,Hyderabad,Suspect
P08911,Person_08911,57,Vadodara,Person of Interest
P08912,Person_08912,62,Hyderabad,Suspect
P08913,Person_08913,57,Bengaluru,Suspect
P08914,Person_08914,24,Ahmedabad,Suspect
P08915,Person_08915,59,Indore,Witness
P08916,Person_08916,36,Mumbai,Suspect
P08917,Person_08917,40,Vadodara,Person of Interest
P08918,Person_08918,22,Jaipur,Suspect
P08919,Person_08919,44,Ahmedabad,Suspect
P08920,Person_08920,40,Rajkot,Witness
P08921,Person_08921,21,Vadodara,Suspect
P08922,Person_08922,43,Jaipur,Associate
P08923,Person_08923,45,Bengaluru,Suspect
P08924,Person_08924,23,Jaipur,Suspect
P08925,Person_08925,44,Hyderabad,Associate
P08926,Person_08926,64,Hyderabad,Person of Interest
P08927,Person_08927,26,Ahmedabad,Person of Interest
P08928,Person_08928,35,Surat,Associate
P08929,Person_08929,56,Jaipur,Suspect
P08930,Person_08930,31,Vadodara,Suspect
P08931,Person_08931,44,Hyderabad,Suspect
P08932,Person_08932,55,Hyderabad,Associate
P08933,Person_08933,48,Jaipur,Associate
P08934,Person_08934,31,Indore,Person of Interest
P08935,Person_08935,27,Rajkot,Witness
P08936,Person_08936,38,Pune,Suspect
P08937,Person_08937,45,Mumbai,Associate
P08938,Person_08938,48,Hyderabad,Associate
P08939,Person_08939,32,Delhi,Person of Interest
P08940,Person_08940,48,Rajkot,Witness
P08941,Person_08941,27,Indore,Suspect
P08942,Person_08942,41,Ahmedabad,Person of Interest
P08943,Person_08943,57,Pune,Associate
P08944,Person_08944,43,Ahmedabad,Associate
P08945,Person_08945,60,Pune,Associate
P08946,Person_08946,61,Delhi,Associate
P08947,Person_08947,48,Surat,Suspect
P08948,Person_08948,53,Hyderabad,Suspect
P08949,Person_08949,25,Mumbai,Person of Interest
P08950,Person_08950,45,Hyderabad,Associate
P08951,Person_08951,28,Ahmedabad,Suspect
P08952,Person_08952,33,Vadodara,Associate
P08953,Person_08953,34,Ahmedabad,Person of Interest
P08954,Person_08954,38,Surat,Person of Interest
P08955,Person_08955,33,Rajkot,Associate
P08956,Person_08956,63,Indore,Associate
P08957,Person_08957,51,Surat,Associate
P08958,Person_08958,40,Mumbai,Suspect
P08959,Person_08959,24,Indore,Suspect
P08960,Person_08960,21,Rajkot,Suspect
P08961,Person_08961,38,Delhi,Person of Interest
P08962,Person_08962,61,Pune,Witness
P08963,Person_08963,36,Indore,Associate
P08964,Person_08964,25,Indore,Person of Interest
P08965,Person_08965,31,Bengaluru,Suspect
P08966,Person_08966,40,Pune,Person of Interest
P08967,Person_08967,34,Surat,Associate
P08968,Person_08968,56,Kolkata,Associate
P08969,Person_08969,26,Jaipur,Suspect
P08970,Person_08970,43,Ahmedabad,Suspect
P08971,Person_08971,33,Delhi,Associate
P08972,Person_08972,59,Surat,Suspect
P08973,Person_08973,21,Hyderabad,Suspect
P08974,Person_08974,25,Bengaluru,Person of Interest
P08975,Person_08975,38,Ahmedabad,Suspect
P08976,Person_08976,28,Bengaluru,Suspect
P08977,Person_08977,49,Jaipur,Person of Interest
P08978,Person_08978,46,Indore,Associate
P08979,Person_08979,45,Ahmedabad,Associate
P08980,Person_08980,43,Hyderabad,Suspect
P08981,Person_08981,29,Jaipur,Suspect
P08982,Person_08982,29,Rajkot,Person of Interest
P08983,Person_08983,39,Mumbai,Person of Interest
P08984,Person_08984,26,Rajkot,Person of Interest
P08985,Person_08985,24,Mumbai,Associate
P08986,Person_08986,56,Jaipur,Suspect
P08987,Person_08987,60,Rajkot,Person of Interest
P08988,Person_08988,58,Jaipur,Person of Interest
P08989,Person_08989,63,Kolkata,Associate
P08990,Person_08990,41,Bengaluru,Person of Interest
P08991,Person_08991,58,Pune,Suspect
P08992,Person_08992,58,Pune,Associate
P08993,Person_08993,44,Pune,Suspect
P08994,Person_08994,37,Rajkot,Suspect
P08995,Person_08995,44,Kolkata,Person of Interest
P08996,Person_08996,23,Mumbai,Suspect
P08997,Person_08997,28,Hyderabad,Suspect
P08998,Person_08998,27,Mumbai,Associate
P08999,Person_08999,49,Bengaluru,Suspect
P09000,Person_09000,54,Surat,Associate
P09001,Person_09001,52,Kolkata,Suspect
P09002,Person_09002,37,Rajkot,Associate
P09003,Person_09003,55,Mumbai,Suspect
P09004,Person_09004,38,Indore,Suspect
P09005,Person_09005,24,Ahmedabad,Person of Interest
P09006,Person_09006,28,Vadodara,Suspect
P09007,Person_09007,38,Indore,Suspect
P09008,Person_09008,38,Ahmedabad,Suspect
P09009,Person_09009,43,Hyderabad,Associate
P09010,Person_09010,55,Jaipur,Associate
P09011,Person_09011,41,Ahmedabad,Suspect
P09012,Person_09012,26,Rajkot,Associate
P09013,Person_09013,56,Rajkot,Suspect
P09014,Person_09014,36,Vadodara,Suspect
P09015,Person_09015,39,Kolkata,Person of Interest
P09016,Person_09016,24,Indore,Associate
P09017,Person_09017,50,Vadodara,Witness
P09018,Person_09018,21,Indore,Person of Interest
P09019,Person_09019,52,Delhi,Suspect
P09020,Person_09020,29,Rajkot,Suspect
P09021,Person_09021,25,Mumbai,Person of Interest
P09022,Person_09022,63,Mumbai,Suspect
P09023,Person_09023,53,Ahmedabad,Associate
P09024,Person_09024,62,Bengaluru,Suspect
P09025,Person_09025,45,Bengaluru,Suspect
P09026,Person_09026,45,Rajkot,Person of Interest
P09027,Person_09027,36,Kolkata,Associate
P09028,Person_09028,55,Surat,Suspect
P09029,Person_09029,32,Kolkata,Suspect
P09030,Person_09030,39,Vadodara,Suspect
P09031,Person_09031,62,Kolkata,Suspect
P09032,Person_09032,55,Vadodara,Associate
P09033,Person_09033,57,Pune,Person of Interest
P09034,Person_09034,42,Delhi,Suspect
P09035,Person_09035,37,Pune,Person of Interest
P09036,Person_09036,22,Vadodara,Person of Interest
P09037,Person_09037,62,Vadodara,Associate
P09038,Person_09038,49,Surat,Person of Interest
P09039,Person_09039,57,Delhi,Suspect
P09040,Person_09040,26,Mumbai,Suspect
P09041,Person_09041,63,Indore,Witness
P09042,Person_09042,62,Rajkot,Associate
P09043,Person_09043,43,Kolkata,Person of Interest
P09044,Person_09044,52,Mumbai,Suspect
P09045,Person_09045,34,Ahmedabad,Associate
P09046,Person_09046,21,Delhi,Associate
P09047,Person_09047,51,Indore,Witness
P09048,Person_09048,22,Mumbai,Person of Interest
P09049,Person_09049,59,Pune,Associate
P09050,Person_09050,48,Delhi,Suspect
P09051,Person_09051,35,Hyderabad,Suspect
P09052,Person_09052,52,Bengaluru,Associate
P09053,Person_09053,22,Hyderabad,Suspect
P09054,Person_09054,28,Bengaluru,Suspect
P09055,Person_09055,61,Vadodara,Associate
P09056,Person_09056,45,Mumbai,Suspect
P09057,Person_09057,25,Indore,Suspect
P09058,Person_09058,33,Hyderabad,Associate
P09059,Person_09059,51,Hyderabad,Suspect
P09060,Person_09060,50,Vadodara,Witness
P09061,Person_09061,22,Kolkata,Person of Interest
P09062,Person_09062,58,Vadodara,Associate
P09063,Person_09063,44,Indore,Suspect
P09064,Person_09064,36,Indore,Person of Interest
P09065,Person_09065,31,Rajkot,Suspect
P09066,Person_09066,34,Hyderabad,Suspect
P09067,Person_09067,42,Bengaluru,Suspect
P09068,Person_09068,64,Ahmedabad,Suspect
P09069,Person_09069,43,Indore,Person of Interest
P09070,Person_09070,40,Pune,Associate
P09071,Person_09071,38,Bengaluru,Associate
P09072,Person_09072,50,Bengaluru,Person of Interest
P09073,Person_09073,58,Pune,Person of Interest
P09074,Person_09074,35,Surat,Person of Interest
P09075,Person_09075,54,Jaipur,Suspect
P09076,Person_09076,60,Vadodara,Person of Interest
P09077,Person_09077,22,Kolkata,Suspect
P09078,Person_09078,48,Ahmedabad,Suspect
P09079,Person_09079,55,Pune,Witness
P09080,Person_09080,26,Indore,Suspect
P09081,Person_09081,51,Delhi,Person of Interest
P09082,Person_09082,57,Rajkot,Suspect
P09083,Person_09083,22,Bengaluru,Person of Interest
P09084,Person_09084,53,Pune,Suspect
P09085,Person_09085,21,Delhi,Suspect
P09086,Person_09086,25,Mumbai,Suspect
P09087,Person_09087,51,Hyderabad,Suspect
P09088,Person_09088,28,Kolkata,Associate
P09089,Person_09089,34,Hyderabad,Suspect
P09090,Person_09090,42,Kolkata,Person of Interest
P09091,Person_09091,38,Kolkata,Witness
P09092,Person_09092,26,Surat,Suspect
P09093,Person_09093,61,Delhi,Suspect
P09094,Person_09094,33,Indore,Person of Interest
P09095,Person_09095,52,Surat,Person of Interest
P09096,Person_09096,44,Hyderabad,Associate
P09097,Person_09097,37,Bengaluru,Suspect
P09098,Person_09098,56,Indore,Suspect
P09099,Person_09099,32,Bengaluru,Suspect
P09100,Person_09100,27,Rajkot,Person of Interest
P09101,Person_09101,33,Kolkata,Suspect
P09102,Person_09102,61,Mumbai,Person of Interest
P09103,Person_09103,22,Delhi,Person of Interest
P09104,Person_09104,57,Vadodara,Person of Interest
P09105,Person_09105,24,Jaipur,Associate
P09106,Person_09106,47,Bengaluru,Suspect
P09107,Person_09107,32,Rajkot,Associate
P09108,Person_09108,45,Jaipur,Suspect
P09109,Person_09109,55,Delhi,Suspect
P09110,Person_09110,33,Delhi,Associate
P09111,Person_09111,61,Bengaluru,Associate
P09112,Person_09112,35,Kolkata,Suspect
P09113,Person_09113,63,Ahmedabad,Suspect
P09114,Person_09114,41,Hyderabad,Associate
P09115,Person_09115,42,Kolkata,Witness
P09116,Person_09116,47,Vadodara,Suspect
P09117,Person_09117,48,Bengaluru,Suspect
P09118,Person_09118,42,Jaipur,Person of Interest
P09119,Person_09119,22,Rajkot,Associate
P09120,Person_09120,35,Rajkot,Person of Interest
P09121,Person_09121,42,Indore,Associate
P09122,Person_09122,34,Mumbai,Suspect
P09123,Person_09123,37,Mumbai,Suspect
P09124,Person_09124,58,Pune,Suspect
P09125,Person_09125,52,Pune,Person of Interest
P09126,Person_09126,39,Rajkot,Suspect
P09127,Person_09127,27,Mumbai,Person of Interest
P09128,Person_09128,57,Rajkot,Person of Interest
P09129,Person_09129,30,Vadodara,Person of Interest
P09130,Person_09130,24,Pune,Person of Interest
P09131,Person_09131,56,Pune,Associate
P09132,Person_09132,26,Kolkata,Person of Interest
P09133,Person_09133,64,Hyderabad,Witness
P09134,Person_09134,62,Delhi,Associate
P09135,Person_09135,40,Hyderabad,Associate
P09136,Person_09136,62,Mumbai,Associate
P09137,Person_09137,49,Vadodara,Associate
P09138,Person_09138,28,Kolkata,Suspect
P09139,Person_09139,39,Bengaluru,Suspect
P09140,Person_09140,54,Indore,Suspect
P09141,Person_09141,33,Pune,Person of Interest
P09142,Person_09142,49,Bengaluru,Witness
P09143,Person_09143,52,Ahmedabad,Person of Interest
P09144,Person_09144,40,Vadodara,Suspect
P09145,Person_09145,31,Ahmedabad,Suspect
P09146,Person_09146,40,Ahmedabad,Suspect
P09147,Person_09147,27,Pune,Associate
P09148,Person_09148,24,Hyderabad,Witness
P09149,Person_09149,53,Vadodara,Associate
P09150,Person_09150,36,Delhi,Associate
P09151,Person_09151,62,Hyderabad,Associate
P09152,Person_09152,22,Bengaluru,Suspect
P09153,Person_09153,30,Delhi,Suspect
P09154,Person_09154,26,Pune,Suspect
P09155,Person_09155,36,Delhi,Associate
P09156,Person_09156,37,Bengaluru,Person of Interest
P09157,Person_09157,44,Indore,Suspect
P09158,Person_09158,53,Jaipur,Suspect
P09159,Person_09159,31,Indore,Person of Interest
P09160,Person_09160,57,Hyderabad,Suspect
P09161,Person_09161,50,Jaipur,Witness
P09162,Person_09162,37,Surat,Suspect
P09163,Person_09163,41,Rajkot,Suspect
P09164,Person_09164,53,Rajkot,Suspect
P09165,Person_09165,44,Mumbai,Associate
P09166,Person_09166,64,Pune,Suspect
P09167,Person_09167,42,Bengaluru,Suspect
P09168,Person_09168,64,Rajkot,Associate
P09169,Person_09169,28,Surat,Suspect
P09170,Person_09170,39,Mumbai,Person of Interest
P09171,Person_09171,43,Pune,Person of Interest
P09172,Person_09172,49,Bengaluru,Suspect
P09173,Person_09173,43,Jaipur,Person of Interest
P09174,Person_09174,64,Bengaluru,Suspect
P09175,Person_09175,22,Jaipur,Suspect
P09176,Person_09176,27,Jaipur,Associate
P09177,Person_09177,27,Pune,Person of Interest
P09178,Person_09178,40,Delhi,Associate
P09179,Person_09179,57,Kolkata,Suspect
P09180,Person_09180,43,Kolkata,Suspect
P09181,Person_09181,49,Hyderabad,Person of Interest
P09182,Person_09182,53,Vadodara,Suspect
P09183,Person_09183,40,Jaipur,Person of Interest
P09184,Person_09184,61,Ahmedabad,Person of Interest
P09185,Person_09185,57,Mumbai,Associate
P09186,Person_09186,51,Kolkata,Person of Interest
P09187,Person_09187,23,Jaipur,Suspect
P09188,Person_09188,29,Rajkot,Person of Interest
P09189,Person_09189,54,Surat,Person of Interest
P09190,Person_09190,39,Vadodara,Witness
P09191,Person_09191,21,Vadodara,Suspect
P09192,Person_09192,41,Surat,Suspect
P09193,Person_09193,64,Kolkata,Person of Interest
P09194,Person_09194,40,Delhi,Associate
P09195,Person_09195,36,Hyderabad,Suspect
P09196,Person_09196,26,Vadodara,Person of Interest
P09197,Person_09197,42,Rajkot,Associate
P09198,Person_09198,41,Kolkata,Suspect
P09199,Person_09199,37,Hyderabad,Suspect
P09200,Person_09200,55,Rajkot,Suspect
P09201,Person_09201,48,Mumbai,Suspect
P09202,Person_09202,25,Vadodara,Associate
P09203,Person_09203,62,Hyderabad,Suspect
P09204,Person_09204,24,Surat,Person of Interest
P09205,Person_09205,46,Surat,Person of Interest
P09206,Person_09206,38,Surat,Person of Interest
P09207,Person_09207,42,Surat,Person of Interest
P09208,Person_09208,49,Pune,Person of Interest
P09209,Person_09209,26,Vadodara,Suspect
P09210,Person_09210,24,Delhi,Suspect
P09211,Person_09211,59,Kolkata,Suspect
P09212,Person_09212,62,Surat,Suspect
P09213,Person_09213,54,Vadodara,Associate
P09214,Person_09214,24,Kolkata,Suspect
P09215,Person_09215,24,Surat,Suspect
P09216,Person_09216,48,Kolkata,Person of Interest
P09217,Person_09217,29,Pune,Person of Interest
P09218,Person_09218,29,Pune,Witness
P09219,Person_09219,60,Mumbai,Suspect
P09220,Person_09220,44,Mumbai,Suspect
P09221,Person_09221,37,Vadodara,Person of Interest
P09222,Person_09222,25,Ahmedabad,Associate
P09223,Person_09223,53,Indore,Witness
P09224,Person_09224,53,Vadodara,Suspect
P09225,Person_09225,29,Pune,Person of Interest
P09226,Person_09226,58,Mumbai,Associate
P09227,Person_09227,64,Jaipur,Person of Interest
P09228,Person_09228,47,Indore,Associate
P09229,Person_09229,30,Mumbai,Suspect
P09230,Person_09230,41,Mumbai,Person of Interest
P09231,Person_09231,45,Indore,Associate
P09232,Person_09232,43,Hyderabad,Person of Interest
P09233,Person_09233,30,Ahmedabad,Person of Interest
P09234,Person_09234,64,Kolkata,Suspect
P09235,Person_09235,37,Surat,Person of Interest
P09236,Person_09236,41,Rajkot,Associate
P09237,Person_09237,42,Pune,Person of Interest
P09238,Person_09238,60,Indore,Witness
P09239,Person_09239,55,Ahmedabad,Suspect
P09240,Person_09240,64,Hyderabad,Suspect
P09241,Person_09241,37,Pune,Suspect
P09242,Person_09242,25,Vadodara,Associate
P09243,Person_09243,57,Indore,Suspect
P09244,Person_09244,56,Surat,Person of Interest
P09245,Person_09245,48,Indore,Suspect
P09246,Person_09246,24,Rajkot,Witness
P09247,Person_09247,48,Bengaluru,Associate
P09248,Person_09248,27,Bengaluru,Suspect
P09249,Person_09249,63,Indore,Suspect
P09250,Person_09250,21,Bengaluru,Suspect
P09251,Person_09251,39,Pune,Suspect
P09252,Person_09252,29,Pune,Person of Interest
P09253,Person_09253,22,Delhi,Suspect
P09254,Person_09254,38,Vadodara,Person of Interest
P09255,Person_09255,32,Ahmedabad,Suspect
P09256,Person_09256,61,Delhi,Suspect
P09257,Person_09257,61,Kolkata,Suspect
P09258,Person_09258,25,Pune,Person of Interest
P09259,Person_09259,35,Surat,Associate
P09260,Person_09260,30,Delhi,Person of Interest
P09261,Person_09261,28,Vadodara,Suspect
P09262,Person_09262,60,Kolkata,Suspect
P09263,Person_09263,61,Rajkot,Suspect
P09264,Person_09264,61,Jaipur,Associate
P09265,Person_09265,42,Vadodara,Suspect
P09266,Person_09266,26,Bengaluru,Suspect
P09267,Person_09267,44,Delhi,Person of Interest
P09268,Person_09268,31,Jaipur,Suspect
P09269,Person_09269,64,Mumbai,Associate
P09270,Person_09270,58,Indore,Associate
P09271,Person_09271,24,Vadodara,Suspect
P09272,Person_09272,36,Indore,Suspect
P09273,Person_09273,45,Vadodara,Associate
P09274,Person_09274,35,Vadodara,Person of Interest
P09275,Person_09275,45,Bengaluru,Associate
P09276,Person_09276,29,Kolkata,Associate
P09277,Person_09277,35,Rajkot,Associate
P09278,Person_09278,60,Bengaluru,Associate
P09279,Person_09279,48,Kolkata,Suspect
P09280,Person_09280,22,Pune,Person of Interest
P09281,Person_09281,23,Bengaluru,Associate
P09282,Person_09282,55,Delhi,Person of Interest
P09283,Person_09283,61,Mumbai,Suspect
P09284,Person_09284,59,Jaipur,Suspect
P09285,Person_09285,64,Jaipur,Suspect
P09286,Person_09286,45,Vadodara,Associate
P09287,Person_09287,28,Jaipur,Associate
P09288,Person_09288,59,Indore,Associate
P09289,Person_09289,56,Pune,Suspect
P09290,Person_09290,58,Vadodara,Suspect
P09291,Person_09291,24,Jaipur,Suspect
P09292,Person_09292,27,Indore,Suspect
P09293,Person_09293,38,Hyderabad,Suspect
P09294,Person_09294,33,Delhi,Suspect
P09295,Person_09295,61,Hyderabad,Suspect
P09296,Person_09296,35,Mumbai,Associate
P09297,Person_09297,28,Ahmedabad,Associate
P09298,Person_09298,41,Bengaluru,Suspect
P09299,Person_09299,45,Mumbai,Suspect
P09300,Person_09300,55,Vadodara,Person of Interest
P09301,Person_09301,23,Jaipur,Person of Interest
P09302,Person_09302,23,Rajkot,Suspect
P09303,Person_09303,33,Bengaluru,Suspect
P09304,Person_09304,26,Jaipur,Suspect
P09305,Person_09305,60,Rajkot,Associate
P09306,Person_09306,36,Mumbai,Person of Interest
P09307,Person_09307,38,Rajkot,Associate
P09308,Person_09308,59,Delhi,Suspect
P09309,Person_09309,28,Jaipur,Witness
P09310,Person_09310,21,Vadodara,Suspect
P09311,Person_09311,46,Pune,Suspect
P09312,Person_09312,50,Bengaluru,Person of Interest
P09313,Person_09313,59,Rajkot,Suspect
P09314,Person_09314,28,Pune,Associate
P09315,Person_09315,51,Bengaluru,Suspect
P09316,Person_09316,34,Mumbai,Associate
P09317,Person_09317,56,Kolkata,Person of Interest
P09318,Person_09318,39,Bengaluru,Witness
P09319,Person_09319,59,Ahmedabad,Person of Interest
P09320,Person_09320,51,Hyderabad,Associate
P09321,Person_09321,54,Kolkata,Suspect
P09322,Person_09322,26,Pune,Suspect
P09323,Person_09323,31,Jaipur,Person of Interest
P09324,Person_09324,22,Indore,Person of Interest
P09325,Person_09325,34,Rajkot,Associate
P09326,Person_09326,64,Kolkata,Person of Interest
P09327,Person_09327,59,Rajkot,Person of Interest
P09328,Person_09328,46,Pune,Suspect
P09329,Person_09329,29,Mumbai,Witness
P09330,Person_09330,57,Indore,Suspect
P09331,Person_09331,36,Pune,Associate
P09332,Person_09332,55,Pune,Associate
P09333,Person_09333,51,Jaipur,Suspect
P09334,Person_09334,34,Kolkata,Person of Interest
P09335,Person_09335,29,Jaipur,Associate
P09336,Person_09336,63,Delhi,Suspect
P09337,Person_09337,27,Indore,Associate
P09338,Person_09338,45,Delhi,Person of Interest
P09339,Person_09339,40,Jaipur,Person of Interest
P09340,Person_09340,31,Bengaluru,Suspect
P09341,Person_09341,22,Vadodara,Person of Interest
P09342,Person_09342,22,Kolkata,Associate
P09343,Person_09343,54,Indore,Person of Interest
P09344,Person_09344,26,Bengaluru,Associate
P09345,Person_09345,53,Ahmedabad,Associate
P09346,Person_09346,35,Delhi,Suspect
P09347,Person_09347,49,Kolkata,Person of Interest
P09348,Person_09348,30,Bengaluru,Suspect
P09349,Person_09349,52,Vadodara,Associate
P09350,Person_09350,58,Hyderabad,Associate
P09351,Person_09351,25,Delhi,Suspect
P09352,Person_09352,57,Pune,Associate
P09353,Person_09353,37,Ahmedabad,Suspect
P09354,Person_09354,21,Rajkot,Suspect
P09355,Person_09355,23,Bengaluru,Suspect
P09356,Person_09356,25,Ahmedabad,Associate
P09357,Person_09357,61,Ahmedabad,Person of Interest
P09358,Person_09358,29,Indore,Person of Interest
P09359,Person_09359,39,Bengaluru,Suspect
P09360,Person_09360,51,Ahmedabad,Suspect
P09361,Person_09361,25,Jaipur,Associate
P09362,Person_09362,40,Pune,Person of Interest
P09363,Person_09363,24,Pune,Associate
P09364,Person_09364,60,Jaipur,Person of Interest
P09365,Person_09365,58,Vadodara,Person of Interest
P09366,Person_09366,21,Indore,Suspect
P09367,Person_09367,46,Vadodara,Suspect
P09368,Person_09368,49,Jaipur,Suspect
P09369,Person_09369,38,Hyderabad,Person of Interest
P09370,Person_09370,37,Surat,Associate
P09371,Person_09371,23,Indore,Person of Interest
P09372,Person_09372,21,Hyderabad,Suspect
P09373,Person_09373,40,Indore,Associate
P09374,Person_09374,54,Vadodara,Suspect
P09375,Person_09375,45,Pune,Witness
P09376,Person_09376,26,Delhi,Suspect
P09377,Person_09377,22,Hyderabad,Person of Interest
P09378,Person_09378,57,Mumbai,Person of Interest
P09379,Person_09379,48,Kolkata,Person of Interest
P09380,Person_09380,57,Delhi,Suspect
P09381,Person_09381,28,Delhi,Suspect
P09382,Person_09382,41,Jaipur,Suspect
P09383,Person_09383,59,Delhi,Associate
P09384,Person_09384,49,Bengaluru,Suspect
P09385,Person_09385,26,Vadodara,Person of Interest
P09386,Person_09386,49,Surat,Person of Interest
P09387,Person_09387,31,Hyderabad,Suspect
P09388,Person_09388,64,Bengaluru,Associate
P09389,Person_09389,39,Indore,Suspect
P09390,Person_09390,59,Mumbai,Witness
P09391,Person_09391,51,Pune,Suspect
P09392,Person_09392,63,Hyderabad,Associate
P09393,Person_09393,48,Ahmedabad,Person of Interest
P09394,Person_09394,41,Hyderabad,Suspect
P09395,Person_09395,50,Bengaluru,Associate
P09396,Person_09396,24,Mumbai,Suspect
P09397,Person_09397,55,Mumbai,Suspect
P09398,Person_09398,62,Vadodara,Suspect
P09399,Person_09399,30,Rajkot,Person of Interest
P09400,Person_09400,43,Indore,Associate
P09401,Person_09401,22,Ahmedabad,Associate
P09402,Person_09402,48,Rajkot,Associate
P09403,Person_09403,21,Indore,Suspect
P09404,Person_09404,54,Mumbai,Suspect
P09405,Person_09405,50,Bengaluru,Suspect
P09406,Person_09406,35,Kolkata,Associate
P09407,Person_09407,53,Jaipur,Suspect
P09408,Person_09408,38,Jaipur,Suspect
P09409,Person_09409,47,Surat,Person of Interest
P09410,Person_09410,36,Vadodara,Suspect
P09411,Person_09411,58,Bengaluru,Suspect
P09412,Person_09412,58,Hyderabad,Suspect
P09413,Person_09413,58,Jaipur,Person of Interest
P09414,Person_09414,48,Rajkot,Person of Interest
P09415,Person_09415,58,Jaipur,Person of Interest
P09416,Person_09416,38,Ahmedabad,Suspect
P09417,Person_09417,36,Pune,Person of Interest
P09418,Person_09418,41,Jaipur,Suspect
P09419,Person_09419,36,Vadodara,Witness
P09420,Person_09420,27,Ahmedabad,Person of Interest
P09421,Person_09421,24,Vadodara,Suspect
P09422,Person_09422,22,Mumbai,Suspect
P09423,Person_09423,30,Surat,Witness
P09424,Person_09424,29,Bengaluru,Associate
P09425,Person_09425,63,Ahmedabad,Associate
P09426,Person_09426,34,Ahmedabad,Person of Interest
P09427,Person_09427,37,Ahmedabad,Suspect
P09428,Person_09428,61,Rajkot,Witness
P09429,Person_09429,41,Delhi,Suspect
P09430,Person_09430,36,Vadodara,Associate
P09431,Person_09431,50,Ahmedabad,Suspect
P09432,Person_09432,52,Pune,Suspect
P09433,Person_09433,43,Bengaluru,Associate
P09434,Person_09434,60,Mumbai,Person of Interest
P09435,Person_09435,55,Kolkata,Person of Interest
P09436,Person_09436,43,Mumbai,Witness
P09437,Person_09437,40,Hyderabad,Person of Interest
P09438,Person_09438,48,Bengaluru,Associate
P09439,Person_09439,37,Rajkot,Suspect
P09440,Person_09440,55,Indore,Person of Interest
P09441,Person_09441,32,Rajkot,Associate
P09442,Person_09442,38,Indore,Associate
P09443,Person_09443,24,Rajkot,Suspect
P09444,Person_09444,48,Mumbai,Person of Interest
P09445,Person_09445,55,Kolkata,Suspect
P09446,Person_09446,24,Rajkot,Associate
P09447,Person_09447,41,Kolkata,Person of Interest
P09448,Person_09448,49,Kolkata,Person of Interest
P09449,Person_09449,58,Vadodara,Associate
P09450,Person_09450,47,Vadodara,Suspect
P09451,Person_09451,63,Rajkot,Associate
P09452,Person_09452,38,Pune,Suspect
P09453,Person_09453,40,Pune,Suspect
P09454,Person_09454,28,Mumbai,Suspect
P09455,Person_09455,38,Mumbai,Witness
P09456,Person_09456,39,Ahmedabad,Associate
P09457,Person_09457,26,Rajkot,Person of Interest
P09458,Person_09458,59,Mumbai,Suspect
P09459,Person_09459,43,Bengaluru,Person of Interest
P09460,Person_09460,59,Indore,Suspect
P09461,Person_09461,31,Pune,Person of Interest
P09462,Person_09462,47,Indore,Suspect
P09463,Person_09463,23,Mumbai,Associate
P09464,Person_09464,48,Rajkot,Person of Interest
P09465,Person_09465,59,Pune,Person of Interest
P09466,Person_09466,41,Ahmedabad,Person of Interest
P09467,Person_09467,63,Surat,Suspect
P09468,Person_09468,25,Surat,Person of Interest
P09469,Person_09469,52,Vadodara,Person of Interest
P09470,Person_09470,40,Pune,Suspect
P09471,Person_09471,36,Bengaluru,Associate
P09472,Person_09472,41,Surat,Suspect
P09473,Person_09473,63,Pune,Associate
P09474,Person_09474,63,Ahmedabad,Person of Interest
P09475,Person_09475,37,Bengaluru,Person of Interest
P09476,Person_09476,53,Pune,Person of Interest
P09477,Person_09477,49,Mumbai,Witness
P09478,Person_09478,42,Jaipur,Associate
P09479,Person_09479,45,Vadodara,Associate
P09480,Person_09480,31,Pune,Suspect
P09481,Person_09481,45,Jaipur,Suspect
P09482,Person_09482,25,Ahmedabad,Suspect
P09483,Person_09483,45,Delhi,Person of Interest
P09484,Person_09484,50,Bengaluru,Associate
P09485,Person_09485,53,Surat,Suspect
P09486,Person_09486,33,Pune,Suspect
P09487,Person_09487,51,Ahmedabad,Suspect
P09488,Person_09488,44,Surat,Associate
P09489,Person_09489,37,Bengaluru,Person of Interest
P09490,Person_09490,41,Rajkot,Suspect
P09491,Person_09491,38,Rajkot,Suspect
P09492,Person_09492,25,Pune,Suspect
P09493,Person_09493,51,Bengaluru,Suspect
P09494,Person_09494,43,Ahmedabad,Person of Interest
P09495,Person_09495,34,Jaipur,Associate
P09496,Person_09496,28,Rajkot,Suspect
P09497,Person_09497,55,Vadodara,Person of Interest
P09498,Person_09498,28,Rajkot,Suspect
P09499,Person_09499,41,Vadodara,Suspect
P09500,Person_09500,60,Ahmedabad,Person of Interest
P09501,Person_09501,42,Rajkot,Associate
P09502,Person_09502,38,Pune,Witness
P09503,Person_09503,61,Ahmedabad,Person of Interest
P09504,Person_09504,36,Vadodara,Associate
P09505,Person_09505,36,Surat,Suspect
P09506,Person_09506,44,Pune,Suspect
P09507,Person_09507,21,Kolkata,Associate
P09508,Person_09508,59,Indore,Associate
P09509,Person_09509,29,Bengaluru,Person of Interest
P09510,Person_09510,32,Jaipur,Associate
P09511,Person_09511,63,Mumbai,Associate
P09512,Person_09512,48,Ahmedabad,Suspect
P09513,Person_09513,37,Surat,Witness
P09514,Person_09514,26,Rajkot,Witness
P09515,Person_09515,61,Mumbai,Witness
P09516,Person_09516,46,Surat,Suspect
P09517,Person_09517,52,Indore,Suspect
P09518,Person_09518,40,Jaipur,Person of Interest
P09519,Person_09519,50,Hyderabad,Person of Interest
P09520,Person_09520,24,Kolkata,Suspect
P09521,Person_09521,45,Pune,Witness
P09522,Person_09522,39,Mumbai,Person of Interest
P09523,Person_09523,45,Pune,Person of Interest
P09524,Person_09524,27,Surat,Witness
P09525,Person_09525,34,Indore,Suspect
P09526,Person_09526,33,Surat,Associate
P09527,Person_09527,54,Vadodara,Suspect
P09528,Person_09528,48,Bengaluru,Associate
P09529,Person_09529,34,Bengaluru,Person of Interest
P09530,Person_09530,49,Kolkata,Person of Interest
P09531,Person_09531,25,Hyderabad,Associate
P09532,Person_09532,36,Vadodara,Suspect
P09533,Person_09533,59,Pune,Person of Interest
P09534,Person_09534,39,Pune,Suspect
P09535,Person_09535,22,Rajkot,Associate
P09536,Person_09536,23,Delhi,Suspect
P09537,Person_09537,37,Bengaluru,Associate
P09538,Person_09538,37,Indore,Associate
P09539,Person_09539,60,Rajkot,Associate
P09540,Person_09540,31,Bengaluru,Person of Interest
P09541,Person_09541,57,Hyderabad,Associate
P09542,Person_09542,45,Indore,Suspect
P09543,Person_09543,53,Mumbai,Person of Interest
P09544,Person_09544,52,Jaipur,Person of Interest
P09545,Person_09545,23,Mumbai,Person of Interest
P09546,Person_09546,32,Surat,Suspect
P09547,Person_09547,45,Indore,Person of Interest
P09548,Person_09548,62,Ahmedabad,Person of Interest
P09549,Person_09549,35,Hyderabad,Person of Interest
P09550,Person_09550,55,Pune,Person of Interest
P09551,Person_09551,54,Delhi,Suspect
P09552,Person_09552,44,Pune,Associate
P09553,Person_09553,40,Bengaluru,Suspect
P09554,Person_09554,37,Pune,Person of Interest
P09555,Person_09555,36,Indore,Associate
P09556,Person_09556,48,Kolkata,Associate
P09557,Person_09557,46,Pune,Suspect
P09558,Person_09558,50,Hyderabad,Associate
P09559,Person_09559,35,Mumbai,Suspect
P09560,Person_09560,35,Rajkot,Person of Interest
P09561,Person_09561,48,Pune,Suspect
P09562,Person_09562,51,Hyderabad,Suspect
P09563,Person_09563,26,Hyderabad,Suspect
P09564,Person_09564,36,Surat,Suspect
P09565,Person_09565,32,Jaipur,Suspect
P09566,Person_09566,57,Jaipur,Associate
P09567,Person_09567,37,Hyderabad,Person of Interest
P09568,Person_09568,39,Jaipur,Person of Interest
P09569,Person_09569,54,Kolkata,Suspect
P09570,Person_09570,25,Vadodara,Suspect
P09571,Person_09571,51,Rajkot,Person of Interest
P09572,Person_09572,63,Mumbai,Witness
P09573,Person_09573,36,Kolkata,Associate
P09574,Person_09574,64,Surat,Person of Interest
P09575,Person_09575,58,Bengaluru,Suspect
P09576,Person_09576,51,Kolkata,Suspect
P09577,Person_09577,62,Indore,Witness
P09578,Person_09578,43,Delhi,Suspect
P09579,Person_09579,60,Ahmedabad,Suspect
P09580,Person_09580,24,Vadodara,Person of Interest
P09581,Person_09581,32,Vadodara,Suspect
P09582,Person_09582,34,Indore,Associate
P09583,Person_09583,64,Bengaluru,Suspect
P09584,Person_09584,50,Kolkata,Person of Interest
P09585,Person_09585,49,Pune,Suspect
P09586,Person_09586,55,Kolkata,Suspect
P09587,Person_09587,54,Surat,Suspect
P09588,Person_09588,31,Delhi,Person of Interest
P09589,Person_09589,61,Kolkata,Suspect
P09590,Person_09590,49,Pune,Associate
P09591,Person_09591,60,Delhi,Person of Interest
P09592,Person_09592,51,Mumbai,Person of Interest
P09593,Person_09593,24,Bengaluru,Suspect
P09594,Person_09594,36,Ahmedabad,Associate
P09595,Person_09595,63,Indore,Person of Interest
P09596,Person_09596,64,Ahmedabad,Associate
P09597,Person_09597,27,Bengaluru,Suspect
P09598,Person_09598,30,Vadodara,Person of Interest
P09599,Person_09599,21,Surat,Witness
P09600,Person_09600,63,Mumbai,Person of Interest
P09601,Person_09601,27,Ahmedabad,Associate
P09602,Person_09602,64,Surat,Witness
P09603,Person_09603,64,Delhi,Associate
P09604,Person_09604,22,Bengaluru,Suspect
P09605,Person_09605,37,Delhi,Associate
P09606,Person_09606,46,Indore,Suspect
P09607,Person_09607,27,Indore,Person of Interest
P09608,Person_09608,49,Hyderabad,Person of Interest
P09609,Person_09609,55,Ahmedabad,Suspect
P09610,Person_09610,24,Mumbai,Person of Interest
P09611,Person_09611,55,Hyderabad,Associate
P09612,Person_09612,41,Indore,Suspect
P09613,Person_09613,61,Surat,Suspect
P09614,Person_09614,21,Surat,Suspect
P09615,Person_09615,32,Delhi,Associate
P09616,Person_09616,38,Hyderabad,Suspect
P09617,Person_09617,35,Delhi,Witness
P09618,Person_09618,33,Vadodara,Associate
P09619,Person_09619,61,Indore,Person of Interest
P09620,Person_09620,36,Vadodara,Associate
P09621,Person_09621,53,Delhi,Suspect
P09622,Person_09622,50,Delhi,Person of Interest
P09623,Person_09623,24,Surat,Suspect
P09624,Person_09624,44,Mumbai,Associate
P09625,Person_09625,63,Delhi,Suspect
P09626,Person_09626,59,Ahmedabad,Suspect
P09627,Person_09627,34,Bengaluru,Associate
P09628,Person_09628,34,Mumbai,Suspect
P09629,Person_09629,53,Rajkot,Associate
P09630,Person_09630,49,Surat,Suspect
P09631,Person_09631,40,Surat,Associate
P09632,Person_09632,29,Hyderabad,Person of Interest
P09633,Person_09633,59,Mumbai,Person of Interest
P09634,Person_09634,23,Vadodara,Associate
P09635,Person_09635,37,Pune,Suspect
P09636,Person_09636,64,Jaipur,Suspect
P09637,Person_09637,35,Kolkata,Suspect
P09638,Person_09638,25,Vadodara,Suspect
P09639,Person_09639,37,Rajkot,Suspect
P09640,Person_09640,49,Hyderabad,Person of Interest
P09641,Person_09641,24,Hyderabad,Suspect
P09642,Person_09642,44,Surat,Suspect
P09643,Person_09643,25,Indore,Suspect
P09644,Person_09644,43,Rajkot,Suspect
P09645,Person_09645,32,Hyderabad,Suspect
P09646,Person_09646,49,Pune,Witness
P09647,Person_09647,33,Jaipur,Suspect
P09648,Person_09648,37,Delhi,Suspect
P09649,Person_09649,59,Pune,Person of Interest
P09650,Person_09650,60,Bengaluru,Person of Interest
P09651,Person_09651,63,Kolkata,Suspect
P09652,Person_09652,57,Pune,Suspect
P09653,Person_09653,60,Indore,Associate
P09654,Person_09654,31,Kolkata,Suspect
P09655,Person_09655,54,Kolkata,Person of Interest
P09656,Person_09656,62,Delhi,Person of Interest
P09657,Person_09657,24,Indore,Suspect
P09658,Person_09658,62,Delhi,Suspect
P09659,Person_09659,64,Surat,Suspect
P09660,Person_09660,62,Ahmedabad,Person of Interest
P09661,Person_09661,32,Indore,Suspect
P09662,Person_09662,37,Kolkata,Person of Interest
P09663,Person_09663,45,Hyderabad,Suspect
P09664,Person_09664,37,Vadodara,Suspect
P09665,Person_09665,38,Hyderabad,Person of Interest
P09666,Person_09666,47,Ahmedabad,Suspect
P09667,Person_09667,55,Ahmedabad,Person of Interest
P09668,Person_09668,56,Ahmedabad,Associate
P09669,Person_09669,24,Bengaluru,Suspect
P09670,Person_09670,56,Pune,Suspect
P09671,Person_09671,38,Jaipur,Person of Interest
P09672,Person_09672,52,Vadodara,Associate
P09673,Person_09673,37,Bengaluru,Suspect
P09674,Person_09674,53,Jaipur,Associate
P09675,Person_09675,53,Rajkot,Suspect
P09676,Person_09676,22,Rajkot,Suspect
P09677,Person_09677,45,Kolkata,Suspect
P09678,Person_09678,60,Pune,Witness
P09679,Person_09679,26,Mumbai,Associate
P09680,Person_09680,22,Mumbai,Person of Interest
P09681,Person_09681,56,Indore,Associate
P09682,Person_09682,28,Bengaluru,Suspect
P09683,Person_09683,47,Jaipur,Associate
P09684,Person_09684,56,Indore,Person of Interest
P09685,Person_09685,31,Jaipur,Suspect
P09686,Person_09686,59,Rajkot,Associate
P09687,Person_09687,41,Indore,Suspect
P09688,Person_09688,37,Bengaluru,Suspect
P09689,Person_09689,36,Vadodara,Person of Interest
P09690,Person_09690,54,Delhi,Associate
P09691,Person_09691,39,Vadodara,Person of Interest
P09692,Person_09692,31,Kolkata,Suspect
P09693,Person_09693,52,Rajkot,Suspect
P09694,Person_09694,22,Pune,Person of Interest
P09695,Person_09695,33,Rajkot,Suspect
P09696,Person_09696,46,Kolkata,Associate
P09697,Person_09697,64,Surat,Suspect
P09698,Person_09698,54,Mumbai,Suspect
P09699,Person_09699,34,Pune,Suspect
P09700,Person_09700,43,Kolkata,Witness
P09701,Person_09701,41,Pune,Suspect
P09702,Person_09702,40,Pune,Suspect
P09703,Person_09703,40,Rajkot,Associate
P09704,Person_09704,49,Indore,Suspect
P09705,Person_09705,28,Delhi,Person of Interest
P09706,Person_09706,64,Surat,Suspect
P09707,Person_09707,50,Mumbai,Person of Interest
P09708,Person_09708,62,Ahmedabad,Person of Interest
P09709,Person_09709,54,Vadodara,Person of Interest
P09710,Person_09710,59,Hyderabad,Suspect
P09711,Person_09711,47,Indore,Person of Interest
P09712,Person_09712,44,Delhi,Person of Interest
P09713,Person_09713,53,Jaipur,Person of Interest
P09714,Person_09714,52,Vadodara,Person of Interest
P09715,Person_09715,58,Delhi,Associate
P09716,Person_09716,22,Mumbai,Person of Interest
P09717,Person_09717,31,Pune,Associate
P09718,Person_09718,27,Pune,Suspect
P09719,Person_09719,53,Surat,Person of Interest
P09720,Person_09720,48,Pune,Associate
P09721,Person_09721,54,Bengaluru,Person of Interest
P09722,Person_09722,42,Pune,Person of Interest
P09723,Person_09723,25,Bengaluru,Suspect
P09724,Person_09724,27,Jaipur,Suspect
P09725,Person_09725,54,Kolkata,Suspect
P09726,Person_09726,35,Ahmedabad,Person of Interest
P09727,Person_09727,22,Jaipur,Suspect
P09728,Person_09728,21,Pune,Associate
P09729,Person_09729,51,Delhi,Associate
P09730,Person_09730,34,Bengaluru,Associate
P09731,Person_09731,58,Vadodara,Person of Interest
P09732,Person_09732,52,Hyderabad,Associate
P09733,Person_09733,51,Rajkot,Person of Interest
P09734,Person_09734,27,Hyderabad,Associate
P09735,Person_09735,32,Delhi,Associate
P09736,Person_09736,54,Mumbai,Suspect
P09737,Person_09737,39,Mumbai,Suspect
P09738,Person_09738,47,Pune,Person of Interest
P09739,Person_09739,61,Jaipur,Person of Interest
P09740,Person_09740,47,Mumbai,Suspect
P09741,Person_09741,37,Pune,Suspect
P09742,Person_09742,52,Rajkot,Suspect
P09743,Person_09743,25,Delhi,Associate
P09744,Person_09744,33,Indore,Associate
P09745,Person_09745,35,Indore,Suspect
P09746,Person_09746,30,Pune,Suspect
P09747,Person_09747,57,Bengaluru,Suspect
P09748,Person_09748,48,Pune,Suspect
P09749,Person_09749,63,Bengaluru,Suspect
P09750,Person_09750,52,Pune,Associate
P09751,Person_09751,45,Surat,Witness
P09752,Person_09752,26,Vadodara,Associate
P09753,Person_09753,36,Bengaluru,Suspect
P09754,Person_09754,46,Jaipur,Person of Interest
P09755,Person_09755,31,Vadodara,Witness
P09756,Person_09756,29,Kolkata,Suspect
P09757,Person_09757,51,Vadodara,Suspect
P09758,Person_09758,38,Indore,Person of Interest
P09759,Person_09759,59,Delhi,Person of Interest
P09760,Person_09760,41,Bengaluru,Suspect
P09761,Person_09761,33,Hyderabad,Suspect
P09762,Person_09762,35,Ahmedabad,Associate
P09763,Person_09763,49,Rajkot,Person of Interest
P09764,Person_09764,31,Rajkot,Person of Interest
P09765,Person_09765,58,Pune,Associate
P09766,Person_09766,53,Pune,Person of Interest
P09767,Person_09767,37,Indore,Suspect
P09768,Person_09768,26,Pune,Suspect
P09769,Person_09769,21,Delhi,Person of Interest
P09770,Person_09770,29,Ahmedabad,Person of Interest
P09771,Person_09771,47,Vadodara,Suspect
P09772,Person_09772,49,Ahmedabad,Suspect
P09773,Person_09773,54,Pune,Associate
P09774,Person_09774,54,Bengaluru,Associate
P09775,Person_09775,63,Rajkot,Suspect
P09776,Person_09776,30,Pune,Suspect
P09777,Person_09777,21,Pune,Suspect
P09778,Person_09778,29,Mumbai,Associate
P09779,Person_09779,22,Jaipur,Person of Interest
P09780,Person_09780,59,Bengaluru,Person of Interest
P09781,Person_09781,31,Mumbai,Suspect
P09782,Person_09782,58,Hyderabad,Person of Interest
P09783,Person_09783,26,Delhi,Associate
P09784,Person_09784,63,Indore,Suspect
P09785,Person_09785,47,Kolkata,Suspect
P09786,Person_09786,64,Rajkot,Suspect
P09787,Person_09787,39,Delhi,Suspect
P09788,Person_09788,64,Pune,Witness
P09789,Person_09789,52,Rajkot,Associate
P09790,Person_09790,25,Pune,Person of Interest
P09791,Person_09791,28,Indore,Suspect
P09792,Person_09792,64,Pune,Person of Interest
P09793,Person_09793,64,Rajkot,Associate
P09794,Person_09794,59,Delhi,Person of Interest
P09795,Person_09795,21,Indore,Suspect
P09796,Person_09796,42,Rajkot,Suspect
P09797,Person_09797,57,Pune,Person of Interest
P09798,Person_09798,48,Bengaluru,Associate
P09799,Person_09799,42,Delhi,Associate
P09800,Person_09800,50,Hyderabad,Person of Interest
P09801,Person_09801,55,Mumbai,Suspect
P09802,Person_09802,21,Jaipur,Suspect
P09803,Person_09803,23,Kolkata,Suspect
P09804,Person_09804,51,Jaipur,Suspect
P09805,Person_09805,41,Vadodara,Associate
P09806,Person_09806,42,Pune,Suspect
P09807,Person_09807,33,Delhi,Associate
P09808,Person_09808,45,Ahmedabad,Associate
P09809,Person_09809,64,Mumbai,Person of Interest
P09810,Person_09810,52,Hyderabad,Suspect
P09811,Person_09811,28,Delhi,Suspect
P09812,Person_09812,47,Bengaluru,Witness
P09813,Person_09813,62,Pune,Suspect
P09814,Person_09814,45,Delhi,Suspect
P09815,Person_09815,56,Hyderabad,Person of Interest
P09816,Person_09816,48,Rajkot,Suspect
P09817,Person_09817,61,Ahmedabad,Suspect
P09818,Person_09818,35,Bengaluru,Person of Interest
P09819,Person_09819,23,Pune,Person of Interest
P09820,Person_09820,41,Vadodara,Person of Interest
P09821,Person_09821,43,Indore,Associate
P09822,Person_09822,33,Pune,Person of Interest
P09823,Person_09823,45,Indore,Associate
P09824,Person_09824,21,Rajkot,Suspect
P09825,Person_09825,28,Bengaluru,Suspect
P09826,Person_09826,31,Indore,Person of Interest
P09827,Person_09827,21,Mumbai,Associate
P09828,Person_09828,27,Rajkot,Person of Interest
P09829,Person_09829,32,Indore,Associate
P09830,Person_09830,38,Vadodara,Person of Interest
P09831,Person_09831,28,Indore,Associate
P09832,Person_09832,35,Vadodara,Person of Interest
P09833,Person_09833,57,Pune,Person of Interest
P09834,Person_09834,54,Mumbai,Associate
P09835,Person_09835,24,Indore,Suspect
P09836,Person_09836,64,Rajkot,Person of Interest
P09837,Person_09837,25,Kolkata,Suspect
P09838,Person_09838,28,Bengaluru,Associate
P09839,Person_09839,63,Vadodara,Person of Interest
P09840,Person_09840,34,Kolkata,Suspect
P09841,Person_09841,52,Surat,Suspect
P09842,Person_09842,52,Ahmedabad,Person of Interest
P09843,Person_09843,41,Ahmedabad,Suspect
P09844,Person_09844,47,Ahmedabad,Associate
P09845,Person_09845,46,Kolkata,Associate
P09846,Person_09846,57,Delhi,Suspect
P09847,Person_09847,46,Ahmedabad,Person of Interest
P09848,Person_09848,50,Rajkot,Suspect
P09849,Person_09849,25,Vadodara,Person of Interest
P09850,Person_09850,54,Ahmedabad,Suspect
P09851,Person_09851,60,Vadodara,Associate
P09852,Person_09852,50,Kolkata,Associate
P09853,Person_09853,53,Mumbai,Witness
P09854,Person_09854,41,Hyderabad,Associate
P09855,Person_09855,57,Delhi,Suspect
P09856,Person_09856,27,Mumbai,Suspect
P09857,Person_09857,63,Vadodara,Person of Interest
P09858,Person_09858,43,Indore,Suspect
P09859,Person_09859,57,Bengaluru,Suspect
P09860,Person_09860,55,Surat,Suspect
P09861,Person_09861,32,Indore,Person of Interest
P09862,Person_09862,43,Kolkata,Associate
P09863,Person_09863,28,Kolkata,Associate
P09864,Person_09864,28,Pune,Suspect
P09865,Person_09865,41,Indore,Associate
P09866,Person_09866,52,Mumbai,Person of Interest
P09867,Person_09867,33,Mumbai,Suspect
P09868,Person_09868,44,Delhi,Suspect
P09869,Person_09869,61,Delhi,Suspect
P09870,Person_09870,48,Kolkata,Suspect
P09871,Person_09871,61,Surat,Associate
P09872,Person_09872,35,Ahmedabad,Suspect
P09873,Person_09873,26,Ahmedabad,Associate
P09874,Person_09874,25,Pune,Person of Interest
P09875,Person_09875,38,Surat,Associate
P09876,Person_09876,59,Rajkot,Suspect
P09877,Person_09877,44,Indore,Witness
P09878,Person_09878,26,Bengaluru,Suspect
P09879,Person_09879,55,Vadodara,Suspect
P09880,Person_09880,64,Jaipur,Associate
P09881,Person_09881,40,Jaipur,Suspect
P09882,Person_09882,33,Jaipur,Person of Interest
P09883,Person_09883,27,Ahmedabad,Person of Interest
P09884,Person_09884,32,Ahmedabad,Associate
P09885,Person_09885,23,Jaipur,Associate
P09886,Person_09886,52,Indore,Suspect
P09887,Person_09887,58,Jaipur,Suspect
P09888,Person_09888,53,Kolkata,Suspect
P09889,Person_09889,24,Rajkot,Person of Interest
P09890,Person_09890,35,Jaipur,Suspect
P09891,Person_09891,32,Indore,Suspect
P09892,Person_09892,32,Rajkot,Person of Interest
P09893,Person_09893,57,Mumbai,Person of Interest
P09894,Person_09894,45,Kolkata,Witness
P09895,Person_09895,55,Surat,Suspect
P09896,Person_09896,25,Jaipur,Suspect
P09897,Person_09897,23,Indore,Associate
P09898,Person_09898,30,Vadodara,Associate
P09899,Person_09899,57,Kolkata,Person of Interest
P09900,Person_09900,45,Ahmedabad,Suspect
P09901,Person_09901,53,Hyderabad,Suspect
P09902,Person_09902,62,Indore,Associate
P09903,Person_09903,56,Jaipur,Person of Interest
P09904,Person_09904,21,Surat,Associate
P09905,Person_09905,31,Hyderabad,Suspect
P09906,Person_09906,44,Mumbai,Person of Interest
P09907,Person_09907,37,Mumbai,Person of Interest
P09908,Person_09908,28,Rajkot,Suspect
P09909,Person_09909,33,Delhi,Associate
P09910,Person_09910,33,Indore,Person of Interest
P09911,Person_09911,49,Ahmedabad,Suspect
P09912,Person_09912,52,Delhi,Associate
P09913,Person_09913,22,Bengaluru,Person of Interest
P09914,Person_09914,48,Kolkata,Suspect
P09915,Person_09915,47,Bengaluru,Associate
P09916,Person_09916,56,Ahmedabad,Associate
P09917,Person_09917,35,Mumbai,Suspect
P09918,Person_09918,22,Jaipur,Person of Interest
P09919,Person_09919,55,Delhi,Suspect
P09920,Person_09920,31,Vadodara,Person of Interest
P09921,Person_09921,30,Rajkot,Person of Interest
P09922,Person_09922,36,Hyderabad,Suspect
P09923,Person_09923,22,Rajkot,Associate
P09924,Person_09924,55,Bengaluru,Suspect
P09925,Person_09925,33,Delhi,Suspect
P09926,Person_09926,39,Vadodara,Suspect
P09927,Person_09927,25,Hyderabad,Associate
P09928,Person_09928,29,Hyderabad,Person of Interest
P09929,Person_09929,22,Mumbai,Person of Interest
P09930,Person_09930,35,Hyderabad,Suspect
P09931,Person_09931,61,Surat,Associate
P09932,Person_09932,52,Delhi,Person of Interest
P09933,Person_09933,48,Jaipur,Suspect
P09934,Person_09934,62,Delhi,Associate
P09935,Person_09935,43,Hyderabad,Person of Interest
P09936,Person_09936,54,Indore,Suspect
P09937,Person_09937,24,Bengaluru,Associate
P09938,Person_09938,52,Jaipur,Suspect
P09939,Person_09939,38,Delhi,Suspect
P09940,Person_09940,61,Delhi,Suspect
P09941,Person_09941,39,Kolkata,Suspect
P09942,Person_09942,35,Kolkata,Associate
P09943,Person_09943,46,Bengaluru,Suspect
P09944,Person_09944,33,Vadodara,Suspect
P09945,Person_09945,63,Jaipur,Suspect
P09946,Person_09946,34,Ahmedabad,Associate
P09947,Person_09947,54,Surat,Suspect
P09948,Person_09948,39,Mumbai,Associate
P09949,Person_09949,58,Hyderabad,Witness
P09950,Person_09950,32,Pune,Suspect
P09951,Person_09951,63,Ahmedabad,Person of Interest
P09952,Person_09952,24,Rajkot,Person of Interest
P09953,Person_09953,43,Jaipur,Person of Interest
P09954,Person_09954,44,Bengaluru,Suspect
P09955,Person_09955,32,Delhi,Person of Interest
P09956,Person_09956,23,Kolkata,Person of Interest
P09957,Person_09957,31,Rajkot,Suspect
P09958,Person_09958,44,Pune,Suspect
P09959,Person_09959,21,Ahmedabad,Person of Interest
P09960,Person_09960,35,Rajkot,Person of Interest
P09961,Person_09961,43,Ahmedabad,Suspect
P09962,Person_09962,54,Vadodara,Suspect
P09963,Person_09963,40,Indore,Associate
P09964,Person_09964,49,Mumbai,Associate
P09965,Person_09965,26,Bengaluru,Person of Interest
P09966,Person_09966,57,Pune,Person of Interest
P09967,Person_09967,55,Delhi,Suspect
P09968,Person_09968,30,Vadodara,Witness
P09969,Person_09969,52,Kolkata,Suspect
P09970,Person_09970,55,Kolkata,Suspect
P09971,Person_09971,21,Kolkata,Suspect
P09972,Person_09972,32,Bengaluru,Associate
P09973,Person_09973,55,Bengaluru,Associate
P09974,Person_09974,63,Indore,Suspect
P09975,Person_09975,44,Pune,Suspect
P09976,Person_09976,50,Hyderabad,Suspect
P09977,Person_09977,51,Surat,Associate
P09978,Person_09978,47,Ahmedabad,Suspect
P09979,Person_09979,53,Rajkot,Witness
P09980,Person_09980,34,Ahmedabad,Associate
P09981,Person_09981,46,Ahmedabad,Associate
P09982,Person_09982,21,Vadodara,Suspect
P09983,Person_09983,38,Jaipur,Suspect
P09984,Person_09984,50,Bengaluru,Suspect
P09985,Person_09985,64,Rajkot,Person of Interest
P09986,Person_09986,55,Jaipur,Associate
P09987,Person_09987,64,Jaipur,Suspect
P09988,Person_09988,41,Rajkot,Person of Interest
P09989,Person_09989,52,Jaipur,Associate
P09990,Person_09990,37,Indore,Associate
P09991,Person_09991,53,Mumbai,Person of Interest
P09992,Person_09992,22,Hyderabad,Witness
P09993,Person_09993,52,Jaipur,Associate
P09994,Person_09994,50,Hyderabad,Witness
P09995,Person_09995,43,Kolkata,Suspect
P09996,Person_09996,53,Bengaluru,Suspect
P09997,Person_09997,24,Vadodara,Person of Interest
P09998,Person_09998,36,Bengaluru,Suspect
P09999,Person_09999,56,Rajkot,Associate
P10000,Person_10000,22,Ahmedabad,Suspect
